from,to,status,reason
/2009/06/60-paces/comment-page-1/,/2009/06/60-paces/,301,legacy URL
/2009/06/60-paces/feed/,/2009/06/60-paces/,301,attachmentpagina
/2009/06/99-test-balloons/comment-page-1/,/2009/06/99-test-balloons/,301,legacy URL
/2009/06/99-test-balloons/feed/,/2009/06/99-test-balloons/,301,attachmentpagina
/2009/06/alaskan-road-trip/feed/,/2009/06/alaskan-road-trip/,301,attachmentpagina
/2009/06/alphabet-game/feed/,/2009/06/alphabet-game/,301,attachmentpagina
/2009/06/coin-sorting/feed/,/2009/06/coin-sorting/,301,attachmentpagina
/2009/06/collaborative-origami/comment-page-1/,/2009/06/collaborative-origami/,301,legacy URL
/2009/06/collaborative-origami/feed/,/2009/06/collaborative-origami/,301,attachmentpagina
/2009/06/doggy-planning/feed/,/2009/06/doggy-planning/,301,attachmentpagina
/2009/06/football-scrum/feed/,/2009/06/football-scrum/,301,attachmentpagina
/2009/06/location-location-location/feed/,/2009/06/location-location-location/,301,attachmentpagina
/2009/06/mr-happy-face/feed/,/2009/06/mr-happy-face/,301,attachmentpagina
/2009/06/no-one-listens-to-me/feed/,/2009/06/no-one-listens-to-me/,301,attachmentpagina
/2009/06/picture-me/feed/,/2009/06/picture-me/,301,attachmentpagina
/2009/06/planning-poker/feed/,/2009/06/planning-poker/,301,attachmentpagina
/2009/06/presto-manifesto/feed/,/2009/06/presto-manifesto/,301,attachmentpagina
/2009/06/process-doodle/feed/,/2009/06/process-doodle/,301,attachmentpagina
/2009/06/resort-brochure/feed/,/2009/06/resort-brochure/,301,attachmentpagina
/2009/06/submit-your-game/feed/,/2009/06/submit-your-game/,301,attachmentpagina
/2009/06/tangled-mess/feed/,/2009/06/tangled-mess/,301,attachmentpagina
/2009/06/telephone-game/comment-page-1/,/2009/06/telephone-game/,301,legacy URL
/2009/06/telephone-game/feed/,/2009/06/telephone-game/,301,attachmentpagina
/2009/06/the-story-of-our-sprints/feed/,/2009/06/the-story-of-our-sprints/,301,attachmentpagina
/2009/06/the-train-game/feed/,/2009/06/the-train-game/,301,attachmentpagina
/2009/06/theory-of-constraints-dice-game/feed/,/2009/06/theory-of-constraints-dice-game/,301,attachmentpagina
/2009/06/were-having-a-party/feed/,/2009/06/were-having-a-party/,301,attachmentpagina
/2009/06/what-were-they-thinking/feed/,/2009/06/what-were-they-thinking/,301,attachmentpagina
/2009/06/why-agile-games/feed/,/2009/06/why-agile-games/,301,attachmentpagina
/2009/06/word-at-a-time-letter/comment-page-1/,/2009/06/word-at-a-time-letter/,301,legacy URL
/2009/06/word-at-a-time-letter/feed/,/2009/06/word-at-a-time-letter/,301,attachmentpagina
/2009/06/you-are-not-in-control/feed/,/2009/06/you-are-not-in-control/,301,attachmentpagina
/2009/07/people-polling/feed/,/2009/07/people-polling/,301,attachmentpagina
/2009/07/the-problem-with-principles/feed/,/2009/07/the-problem-with-principles/,301,attachmentpagina
/2009/08/example-please/feed/,/2009/08/example-please/,301,attachmentpagina
/2009/09/sizing-game/comment-page-1/,/2009/09/sizing-game/,301,legacy URL
/2009/09/sizing-game/feed/,/2009/09/sizing-game/,301,attachmentpagina
/2009/10/about/michael-mccullough/,,410,attachmentpagina zonder bestaande post
/2009/12/tastycupcakes-agile-games-podcast-with-improving-enterprises/feed/,/2009/12/tastycupcakes-agile-games-podcast-with-improving-enterprises/,301,attachmentpagina
/2010/01/pocket-sized-principles/comment-page-1/,/2010/01/pocket-sized-principles/,301,legacy URL
/2010/01/pocket-sized-principles/feed/,/2010/01/pocket-sized-principles/,301,attachmentpagina
/2010/03/deep-agile-2010-empowering-teams-with-agile-games/feed/,/2010/03/deep-agile-2010-empowering-teams-with-agile-games/,301,attachmentpagina
/2010/05/about/michael-mccullough/,,410,attachmentpagina zonder bestaande post
/2010/05/first-agile-games-conference-at-deepagile/feed/,/2010/05/first-agile-games-conference-at-deepagile/,301,attachmentpagina
/2010/07/the-backlog-is-in-the-eye-of-the-beholder/comment-page-1/,/2010/07/the-backlog-is-in-the-eye-of-the-beholder/,301,legacy URL
/2010/07/the-backlog-is-in-the-eye-of-the-beholder/feed/,/2010/07/the-backlog-is-in-the-eye-of-the-beholder/,301,attachmentpagina
/2010/11/marshmallow-challenge/feed/,/2010/11/marshmallow-challenge/,301,attachmentpagina
/2011/02/tasty-cupcakes-now-in-three-languages/feed/,/2011/02/tasty-cupcakes-now-in-three-languages/,301,attachmentpagina
/2011/03/bang-for-the-buck-prioritization/feed/,/2011/03/bang-for-the-buck-prioritization/,301,attachmentpagina
/2011/04/dont-blow-it/feed/,/2011/04/dont-blow-it/,301,attachmentpagina
/2011/04/non-musical-chairs/comment-page-1/,/2011/04/non-musical-chairs/,301,legacy URL
/2011/04/non-musical-chairs/feed/,/2011/04/non-musical-chairs/,301,attachmentpagina
/2011/04/redesign-the-gift-giving-experience/feed/,/2011/04/redesign-the-gift-giving-experience/,301,attachmentpagina
/2011/04/tastycupcakes-community-update/feed/,/2011/04/tastycupcakes-community-update/,301,attachmentpagina
/2011/05/we-played-innovationgames-to-plan-tastycupcakes-org/tastygames-printme/,/2011/05/we-played-innovationgames-to-plan-tastycupcakes-org/,301,attachmentpagina
/2011/05/we-played-innovationgames-to-plan-tastycupcakes-org/tastygames-printme/feed/,/2011/05/we-played-innovationgames-to-plan-tastycupcakes-org/,301,attachmentpagina
/2011/06/cover-story-2/feed/,/2011/06/cover-story-2/,301,attachmentpagina
/2011/06/online-plusdelta-game/feed/,/2011/06/online-plusdelta-game/,301,attachmentpagina
/2011/06/rock-paper-scissors-happiness/feed/,/2011/06/rock-paper-scissors-happiness/,301,attachmentpagina
/2011/07/agile-airplanes/agile_airplane/,/2011/07/agile-airplanes/,301,attachmentpagina
/2011/07/agile-airplanes/agile_airplane/feed/,/2011/07/agile-airplanes/,301,attachmentpagina
/2011/07/agile-airplanes/comment-page-1/,/2011/07/agile-airplanes/,301,legacy URL
/2011/07/agile-airplanes/feed/,/2011/07/agile-airplanes/,301,attachmentpagina
/2011/07/dodontisisnt/dodontisisnt/,/2011/07/dodontisisnt/,301,attachmentpagina
/2011/07/dodontisisnt/dodontisisnt/feed/,/2011/07/dodontisisnt/,301,attachmentpagina
/2011/07/dodontisisnt/feed/,/2011/07/dodontisisnt/,301,attachmentpagina
/2011/07/how-now-wow-matrix/feed/,/2011/07/how-now-wow-matrix/,301,attachmentpagina
/2011/07/impact-effort-matrix/feed/,/2011/07/impact-effort-matrix/,301,attachmentpagina
/2011/07/proscons-game/feed/,/2011/07/proscons-game/,301,attachmentpagina
/2011/07/the-big-payoff/feed/,/2011/07/the-big-payoff/,301,attachmentpagina
/2011/08/circles-and-soup/comment-page-1/,/2011/08/circles-and-soup/,301,legacy URL
/2011/08/circles-and-soup/feed/,/2011/08/circles-and-soup/,301,attachmentpagina
/2011/08/learning-matrix/feed/,/2011/08/learning-matrix/,301,attachmentpagina
/2011/10/continuous-integration-with-lego/comment-page-1/,/2011/10/continuous-integration-with-lego/,301,legacy URL
/2011/10/continuous-integration-with-lego/feed/,/2011/10/continuous-integration-with-lego/,301,attachmentpagina
/2011/10/continuous-integration-with-lego/finished-cube-real-1/,/2011/10/continuous-integration-with-lego/,301,attachmentpagina
/2011/10/continuous-integration-with-lego/finished-cube-real-1/feed/,/2011/10/continuous-integration-with-lego/,301,attachmentpagina
/2011/10/continuous-integration-with-lego/finished-cube-real-2/,/2011/10/continuous-integration-with-lego/,301,attachmentpagina
/2011/10/continuous-integration-with-lego/finished-cube-real-2/feed/,/2011/10/continuous-integration-with-lego/,301,attachmentpagina
/2011/10/continuous-integration-with-lego/finished-cube-real-3/,/2011/10/continuous-integration-with-lego/,301,attachmentpagina
/2011/10/continuous-integration-with-lego/finished-cube-real-3/feed/,/2011/10/continuous-integration-with-lego/,301,attachmentpagina
/2011/10/continuous-integration-with-lego/finished-cube-real-4/,/2011/10/continuous-integration-with-lego/,301,attachmentpagina
/2011/10/continuous-integration-with-lego/finished-cube-real-4/feed/,/2011/10/continuous-integration-with-lego/,301,attachmentpagina
/2011/10/pairing-for-non-programmers/comment-page-1/,/2011/10/pairing-for-non-programmers/,301,legacy URL
/2011/10/pairing-for-non-programmers/feed/,/2011/10/pairing-for-non-programmers/,301,attachmentpagina
/2011/11/human-knot/feed/,/2011/11/human-knot/,301,attachmentpagina
/2011/12/values-driven-retrospective-game/feed/,/2011/12/values-driven-retrospective-game/,301,attachmentpagina
/2012/02/multitasking-game-handsnumberssong/feed/,/2012/02/multitasking-game-handsnumberssong/,301,attachmentpagina
/2012/02/nobodys-perfct/comment-page-1/,/2012/02/nobodys-perfct/,301,legacy URL
/2012/02/nobodys-perfct/feed/,/2012/02/nobodys-perfct/,301,attachmentpagina
/2012/02/you-sunk-my-methodology/feed/,/2012/02/you-sunk-my-methodology/,301,attachmentpagina
/2012/03/job-or-joy/feed/,/2012/03/job-or-joy/,301,attachmentpagina
/2012/03/one-word-storytelling/comment-page-1/,/2012/03/one-word-storytelling/,301,legacy URL
/2012/03/one-word-storytelling/feed/,/2012/03/one-word-storytelling/,301,attachmentpagina
/2012/03/ouija-board-estimation/comment-page-1/,/2012/03/ouija-board-estimation/,301,legacy URL
/2012/03/ouija-board-estimation/feed/,/2012/03/ouija-board-estimation/,301,attachmentpagina
/2012/04/scrum-simulation-with-lego-bricks/feed/,/2012/04/scrum-simulation-with-lego-bricks/,301,attachmentpagina
/2012/04/tasty-estimation/feed/,/2012/04/tasty-estimation/,301,attachmentpagina
/2012/05/lean-startup-snowflakes/comment-page-1/,/2012/05/lean-startup-snowflakes/,301,legacy URL
/2012/05/lean-startup-snowflakes/feed/,/2012/05/lean-startup-snowflakes/,301,attachmentpagina
/2012/05/lean-startup-snowflakes/money/,/2012/05/lean-startup-snowflakes/,301,attachmentpagina
/2012/05/lean-startup-snowflakes/money/feed/,/2012/05/lean-startup-snowflakes/,301,attachmentpagina
/2012/05/lean-startup-snowflakes/photo-20/,/2012/05/lean-startup-snowflakes/,301,attachmentpagina
/2012/05/lean-startup-snowflakes/photo-20/feed/,/2012/05/lean-startup-snowflakes/,301,attachmentpagina
/2012/07/gone-fishing-game/feed/,/2012/07/gone-fishing-game/,301,attachmentpagina
/2012/08/customer-centric/feed/,/2012/08/customer-centric/,301,attachmentpagina
/2012/08/die-card-die-the-interruption-game/comment-page-1/,/2012/08/die-card-die-the-interruption-game/,301,legacy URL
/2012/08/die-card-die-the-interruption-game/die_card_die-2/,/2012/08/die-card-die-the-interruption-game/,301,attachmentpagina
/2012/08/die-card-die-the-interruption-game/die_card_die-2/feed/,/2012/08/die-card-die-the-interruption-game/,301,attachmentpagina
/2012/08/die-card-die-the-interruption-game/feed/,/2012/08/die-card-die-the-interruption-game/,301,attachmentpagina
/2012/08/kanban-tetris/feed/,/2012/08/kanban-tetris/,301,attachmentpagina
/2012/08/wellbeing-north-star/feed/,/2012/08/wellbeing-north-star/,301,attachmentpagina
/2012/09/the-domino-effect/feed/,/2012/09/the-domino-effect/,301,attachmentpagina
/2012/10/balloon-animals/balloon-twisting-tips/,/2012/10/balloon-animals/,301,attachmentpagina
/2012/10/balloon-animals/balloon-twisting-tips/feed/,/2012/10/balloon-animals/,301,attachmentpagina
/2012/10/balloon-animals/comment-page-1/,/2012/10/balloon-animals/,301,legacy URL
/2012/10/balloon-animals/feed/,/2012/10/balloon-animals/,301,attachmentpagina
/2012/10/balloon-animals/the-balloon-dog/,/2012/10/balloon-animals/,301,attachmentpagina
/2012/10/balloon-animals/the-balloon-dog/feed/,/2012/10/balloon-animals/,301,attachmentpagina
/2012/10/balloon-animals/the-basic-hat/,/2012/10/balloon-animals/,301,attachmentpagina
/2012/10/balloon-animals/the-basic-hat/feed/,/2012/10/balloon-animals/,301,attachmentpagina
/2012/10/balloon-animals/the-sword/,/2012/10/balloon-animals/,301,attachmentpagina
/2012/10/balloon-animals/the-sword/feed/,/2012/10/balloon-animals/,301,attachmentpagina
/2012/10/celebrity-prioritisation/comment-page-1/,/2012/10/celebrity-prioritisation/,301,legacy URL
/2012/10/celebrity-prioritisation/feed/,/2012/10/celebrity-prioritisation/,301,attachmentpagina
/2012/10/free-market-prioritisation/comment-page-1/,/2012/10/free-market-prioritisation/,301,legacy URL
/2012/10/free-market-prioritisation/feed/,/2012/10/free-market-prioritisation/,301,attachmentpagina
/2012/10/movements-of-a-hypnotic-nature/feed/,/2012/10/movements-of-a-hypnotic-nature/,301,attachmentpagina
/2012/10/once-upon-a-time-in-legoland/feed/,/2012/10/once-upon-a-time-in-legoland/,301,attachmentpagina
/2012/10/the-blame-game/feed/,/2012/10/the-blame-game/,301,attachmentpagina
/2012/10/the-sprint-mural/comment-page-1/,/2012/10/the-sprint-mural/,301,legacy URL
/2012/10/the-sprint-mural/feed/,/2012/10/the-sprint-mural/,301,attachmentpagina
/2012/10/thirty-five/attachment/35/,/2012/10/thirty-five/,301,attachmentpagina
/2012/10/thirty-five/comment-page-1/,/2012/10/thirty-five/,301,legacy URL
/2012/10/thirty-five/feed/,/2012/10/thirty-five/,301,attachmentpagina
/2012/11/questions-only/comment-page-1/,/2012/11/questions-only/,301,legacy URL
/2012/11/questions-only/feed/,/2012/11/questions-only/,301,attachmentpagina
/2012/11/tdd-test-driven-drawing/2012-11-06-10-23-07/,/2012/11/tdd-test-driven-drawing/,301,attachmentpagina
/2012/11/tdd-test-driven-drawing/2012-11-06-10-23-07/feed/,/2012/11/tdd-test-driven-drawing/,301,attachmentpagina
/2012/11/tdd-test-driven-drawing/2012-11-06-10-23-14/,/2012/11/tdd-test-driven-drawing/,301,attachmentpagina
/2012/11/tdd-test-driven-drawing/2012-11-06-10-23-14/feed/,/2012/11/tdd-test-driven-drawing/,301,attachmentpagina
/2012/11/tdd-test-driven-drawing/2012-11-06-10-40-29/,/2012/11/tdd-test-driven-drawing/,301,attachmentpagina
/2012/11/tdd-test-driven-drawing/2012-11-06-10-40-29/feed/,/2012/11/tdd-test-driven-drawing/,301,attachmentpagina
/2012/11/tdd-test-driven-drawing/feed/,/2012/11/tdd-test-driven-drawing/,301,attachmentpagina
/2012/11/tdd-test-driven-drawing/screen-shot-2012-11-07-at-22-01-41/,/2012/11/tdd-test-driven-drawing/,301,attachmentpagina
/2012/11/tdd-test-driven-drawing/screen-shot-2012-11-07-at-22-01-41/feed/,/2012/11/tdd-test-driven-drawing/,301,attachmentpagina
/2012/11/three-headed-expert/comment-page-1/,/2012/11/three-headed-expert/,301,legacy URL
/2012/11/three-headed-expert/feed/,/2012/11/three-headed-expert/,301,attachmentpagina
/2012/11/werewolf-facilitation/feed/,/2012/11/werewolf-facilitation/,301,attachmentpagina
/2012/12/take-the-win-win-wave/feed/,/2012/12/take-the-win-win-wave/,301,attachmentpagina
/2013/02/52-card-pickup/feed/,/2013/02/52-card-pickup/,301,attachmentpagina
/2013/02/copycats-2/feed/,/2013/02/copycats-2/,301,attachmentpagina
/2013/02/the-herculean-doughnut/comment-page-1/,/2013/02/the-herculean-doughnut/,301,legacy URL
/2013/02/the-herculean-doughnut/feed/,/2013/02/the-herculean-doughnut/,301,attachmentpagina
/2013/03/8-monkeys-in-a-cage-–-a-mura-learning-game/comment-page-1/,/2013/03/8-monkeys-in-a-cage-–-a-mura-learning-game/,301,legacy URL
/2013/04/communication-race/feed/,/2013/04/communication-race/,301,attachmentpagina
/2013/04/e-w-a-n-mcgregor/feed/,/2013/04/e-w-a-n-mcgregor/,301,attachmentpagina
/2013/04/the-risk-is-in-the-blocks/comment-page-1/,/2013/04/the-risk-is-in-the-blocks/,301,legacy URL
/2013/04/the-risk-is-in-the-blocks/feed/,/2013/04/the-risk-is-in-the-blocks/,301,attachmentpagina
/2013/05/the-penny-game/comment-page-1/,/2013/05/the-penny-game/,301,legacy URL
/2013/05/the-penny-game/feed/,/2013/05/the-penny-game/,301,attachmentpagina
/2013/07/francais-99-ballons-de-test/feed/,/2013/07/francais-99-ballons-de-test/,301,attachmentpagina
/2013/07/moodgraph/feed/,/2013/07/moodgraph/,301,attachmentpagina
/2013/08/software-kanban-games/event-cards/,/2013/08/software-kanban-games/,301,attachmentpagina
/2013/08/software-kanban-games/event-cards/feed/,/2013/08/software-kanban-games/,301,attachmentpagina
/2013/08/software-kanban-games/expedite-story-cards/,/2013/08/software-kanban-games/,301,attachmentpagina
/2013/08/software-kanban-games/expedite-story-cards/feed/,/2013/08/software-kanban-games/,301,attachmentpagina
/2013/08/software-kanban-games/feed/,/2013/08/software-kanban-games/,301,attachmentpagina
/2013/08/software-kanban-games/fixed-date-story-cards/,/2013/08/software-kanban-games/,301,attachmentpagina
/2013/08/software-kanban-games/fixed-date-story-cards/feed/,/2013/08/software-kanban-games/,301,attachmentpagina
/2013/08/software-kanban-games/standard-story-cards/,/2013/08/software-kanban-games/,301,attachmentpagina
/2013/08/software-kanban-games/standard-story-cards/feed/,/2013/08/software-kanban-games/,301,attachmentpagina
/2013/09/line-up/feed/,/2013/09/line-up/,301,attachmentpagina
/2013/09/mind-reading/comment-page-1/,/2013/09/mind-reading/,301,legacy URL
/2013/09/mind-reading/feed/,/2013/09/mind-reading/,301,attachmentpagina
/2013/09/mind-reading/mind-reader-game-elinor-slomba-with-independent-software-team/,/2013/09/mind-reading/,301,attachmentpagina
/2013/09/mind-reading/mind-reader-game-elinor-slomba-with-independent-software-team/feed/,/2013/09/mind-reading/,301,attachmentpagina
/2013/10/a-day-in-the-perfect-company-movie/feed/,/2013/10/a-day-in-the-perfect-company-movie/,301,attachmentpagina
/2013/11/three-projects-three-experiments/comment-page-1/,/2013/11/three-projects-three-experiments/,301,legacy URL
/2013/11/three-projects-three-experiments/feed/,/2013/11/three-projects-three-experiments/,301,attachmentpagina
/2013/12/2014-san-jose-budget-games/feed/,/2013/12/2014-san-jose-budget-games/,301,attachmentpagina
/2014/01/christmas-lucky-dip-game-with-a-twist-energise-your-christmas-party/comment-page-1/,/2014/01/christmas-lucky-dip-game-with-a-twist-energise-your-christmas-party/,301,legacy URL
/2014/01/christmas-lucky-dip-game-with-a-twist-energise-your-christmas-party/feed/,/2014/01/christmas-lucky-dip-game-with-a-twist-energise-your-christmas-party/,301,attachmentpagina
/2014/01/scrum-roles-and-responsibilities-game/comment-page-1/,/2014/01/scrum-roles-and-responsibilities-game/,301,legacy URL
/2014/01/scrum-roles-and-responsibilities-game/feed/,/2014/01/scrum-roles-and-responsibilities-game/,301,attachmentpagina
/2014/01/scrum-roles-and-responsibilities-game/scrumresponsibilitiesgame/,/2014/01/scrum-roles-and-responsibilities-game/,301,attachmentpagina
/2014/01/scrum-roles-and-responsibilities-game/scrumresponsibilitiesgame/feed/,/2014/01/scrum-roles-and-responsibilities-game/,301,attachmentpagina
/2014/02/matching-values/feed/,/2014/02/matching-values/,301,attachmentpagina
/2014/02/means-first-then-states/feed/,/2014/02/means-first-then-states/,301,attachmentpagina
/2014/05/lego-flow-game/comment-page-1/,/2014/05/lego-flow-game/,301,legacy URL
/2014/05/lego-flow-game/feed/,/2014/05/lego-flow-game/,301,attachmentpagina
/2014/06/defining-done/comment-page-1/,/2014/06/defining-done/,301,legacy URL
/2014/06/defining-done/feed/,/2014/06/defining-done/,301,attachmentpagina
/2014/06/epic-bedtime-story/comment-page-1/,/2014/06/epic-bedtime-story/,301,legacy URL
/2014/06/epic-bedtime-story/feed/,/2014/06/epic-bedtime-story/,301,attachmentpagina
/2014/06/epic-bedtime-story/picture1/,/2014/06/epic-bedtime-story/,301,attachmentpagina
/2014/06/epic-bedtime-story/picture1/feed/,/2014/06/epic-bedtime-story/,301,attachmentpagina
/2014/06/the-rocket-retrospective/comment-page-1/,/2014/06/the-rocket-retrospective/,301,legacy URL
/2014/06/the-rocket-retrospective/feed/,/2014/06/the-rocket-retrospective/,301,attachmentpagina
/2014/07/scrumheads-the-daily-scrum-game/feed/,/2014/07/scrumheads-the-daily-scrum-game/,301,attachmentpagina
/2014/07/the-cultural-radars/comment-page-1/,/2014/07/the-cultural-radars/,301,legacy URL
/2014/07/the-cultural-radars/feed/,/2014/07/the-cultural-radars/,301,attachmentpagina
/2014/08/cynefin-with-the-team-drawer/comment-page-1/,/2014/08/cynefin-with-the-team-drawer/,301,legacy URL
/2014/08/cynefin-with-the-team-drawer/feed/,/2014/08/cynefin-with-the-team-drawer/,301,attachmentpagina
/2014/08/the-newlywed-game/comment-page-1/,/2014/08/the-newlywed-game/,301,legacy URL
/2014/08/the-newlywed-game/feed/,/2014/08/the-newlywed-game/,301,attachmentpagina
/2014/08/the-newlywed-game/the-newlywed-game-results/,/2014/08/the-newlywed-game/,301,attachmentpagina
/2014/08/the-newlywed-game/the-newlywed-game-results/feed/,/2014/08/the-newlywed-game/,301,attachmentpagina
/2014/09/new-kanban-simulation-game-featureban/feed/,/2014/09/new-kanban-simulation-game-featureban/,301,attachmentpagina
/2014/09/the-estimation-quest/feed/,/2014/09/the-estimation-quest/,301,attachmentpagina
/2014/10/team-responsibility-game/comment-page-1/,/2014/10/team-responsibility-game/,301,legacy URL
/2014/10/team-responsibility-game/feed/,/2014/10/team-responsibility-game/,301,attachmentpagina
/2014/11/user-stories-vs-requirements/comment-page-1/,/2014/11/user-stories-vs-requirements/,301,legacy URL
/2014/11/user-stories-vs-requirements/feed/,/2014/11/user-stories-vs-requirements/,301,attachmentpagina
/2014/12/team-trust-canvas/comment-page-1/,/2014/12/team-trust-canvas/,301,legacy URL
/2014/12/team-trust-canvas/feed/,/2014/12/team-trust-canvas/,301,attachmentpagina
/2014/12/team-trust-canvas/team-trust-canvas-eng/,/2014/12/team-trust-canvas/,301,attachmentpagina
/2014/12/team-trust-canvas/team-trust-canvas-eng/feed/,/2014/12/team-trust-canvas/,301,attachmentpagina
/2015/01/hold-the-ball-longer-stronger-together/comment-page-1/,/2015/01/hold-the-ball-longer-stronger-together/,301,legacy URL
/2015/01/hold-the-ball-longer-stronger-together/feed/,/2015/01/hold-the-ball-longer-stronger-together/,301,attachmentpagina
/2015/01/hold-the-ball-longer-stronger-together/image-for-3-2-section/,/2015/01/hold-the-ball-longer-stronger-together/,301,attachmentpagina
/2015/01/hold-the-ball-longer-stronger-together/image-for-3-2-section/feed/,/2015/01/hold-the-ball-longer-stronger-together/,301,attachmentpagina
/2015/01/hold-the-ball-longer-stronger-together/image-for-5-2-section/,/2015/01/hold-the-ball-longer-stronger-together/,301,attachmentpagina
/2015/01/hold-the-ball-longer-stronger-together/image-for-5-2-section/feed/,/2015/01/hold-the-ball-longer-stronger-together/,301,attachmentpagina
/2015/01/hold-the-ball-longer-stronger-together/image-for-6-3-section/,/2015/01/hold-the-ball-longer-stronger-together/,301,attachmentpagina
/2015/01/hold-the-ball-longer-stronger-together/image-for-6-3-section/feed/,/2015/01/hold-the-ball-longer-stronger-together/,301,attachmentpagina
/2015/01/story-cube-time-line/comment-page-1/,/2015/01/story-cube-time-line/,301,legacy URL
/2015/01/story-cube-time-line/feed/,/2015/01/story-cube-time-line/,301,attachmentpagina
/2015/02/scrumble-an-agile-board-game/feed/,/2015/02/scrumble-an-agile-board-game/,301,attachmentpagina
/2015/02/video-scrum/comment-page-1/,/2015/02/video-scrum/,301,legacy URL
/2015/02/video-scrum/feed/,/2015/02/video-scrum/,301,attachmentpagina
/2015/03/a-day-at-the-movies/evernote-camera-roll-20150325-171233/,/2015/03/a-day-at-the-movies/,301,attachmentpagina
/2015/03/a-day-at-the-movies/evernote-camera-roll-20150325-171233/feed/,/2015/03/a-day-at-the-movies/,301,attachmentpagina
/2015/05/4729/feed/,/2015/05/4729/,301,attachmentpagina
/2015/05/4729/telestrations-2/,/2015/05/4729/,301,attachmentpagina
/2015/05/4729/telestrations-2/feed/,/2015/05/4729/,301,attachmentpagina
/2015/05/agile-clock/comment-page-1/,/2015/05/agile-clock/,301,legacy URL
/2015/05/agile-clock/feed/,/2015/05/agile-clock/,301,attachmentpagina
/2015/05/weekend-escape/comment-page-1/,/2015/05/weekend-escape/,301,legacy URL
/2015/05/weekend-escape/feed/,/2015/05/weekend-escape/,301,attachmentpagina
/2015/07/more-meaningful-stories/comment-page-1/,/2015/07/more-meaningful-stories/,301,legacy URL
/2015/07/more-meaningful-stories/feed/,/2015/07/more-meaningful-stories/,301,attachmentpagina
/2015/07/penny-flow/british-one-penny-coins-image-shot-2009-exact-date-unknown/,/2015/07/penny-flow/,301,attachmentpagina
/2015/07/penny-flow/british-one-penny-coins-image-shot-2009-exact-date-unknown/feed/,/2015/07/penny-flow/,301,attachmentpagina
/2015/07/penny-flow/comment-page-1/,/2015/07/penny-flow/,301,legacy URL
/2015/07/penny-flow/feed/,/2015/07/penny-flow/,301,attachmentpagina
/2015/07/penny-flow/penny_grid/,/2015/07/penny-flow/,301,attachmentpagina
/2015/07/penny-flow/penny_grid/feed/,/2015/07/penny-flow/,301,attachmentpagina
/2015/08/kanban-pizza-game/feed/,/2015/08/kanban-pizza-game/,301,attachmentpagina
/2015/08/one-word-retrospective-game/comment-page-1/,/2015/08/one-word-retrospective-game/,301,legacy URL
/2015/08/one-word-retrospective-game/feed/,/2015/08/one-word-retrospective-game/,301,attachmentpagina
/2015/08/retrospective-darts/feed/,/2015/08/retrospective-darts/,301,attachmentpagina
/2015/09/scrumgauntlet/done/,/2015/09/scrumgauntlet/,301,attachmentpagina
/2015/09/scrumgauntlet/feed/,/2015/09/scrumgauntlet/,301,attachmentpagina
/2015/09/scrumgauntlet/gauntletlayout-2/,/2015/09/scrumgauntlet/,301,attachmentpagina
/2015/09/scrumgauntlet/gauntletreqs/,/2015/09/scrumgauntlet/,301,attachmentpagina
/2015/09/scrumgauntlet/gauntletreqs/feed/,/2015/09/scrumgauntlet/,301,attachmentpagina
/2015/09/scrumgauntlet/positioning-2/,/2015/09/scrumgauntlet/,301,attachmentpagina
/2015/09/scrumgauntlet/positioning-2/feed/,/2015/09/scrumgauntlet/,301,attachmentpagina
/2015/09/scrumgauntlet/running_the_gauntlet/,/2015/09/scrumgauntlet/,301,attachmentpagina
/2015/09/scrumgauntlet/todototest/,/2015/09/scrumgauntlet/,301,attachmentpagina
/2015/09/scrumgauntlet/todototest/feed/,/2015/09/scrumgauntlet/,301,attachmentpagina
/2015/10/4-ls/4ls/,/2015/10/4-ls/,301,attachmentpagina
/2015/10/4-ls/4ls/feed/,/2015/10/4-ls/,301,attachmentpagina
/2015/10/4-ls/comment-page-1/,/2015/10/4-ls/,301,legacy URL
/2015/10/4-ls/feed/,/2015/10/4-ls/,301,attachmentpagina
/2015/10/jargonbust/comment-page-1/,/2015/10/jargonbust/,301,legacy URL
/2015/10/jargonbust/feed/,/2015/10/jargonbust/,301,attachmentpagina
/2015/11/silent-collaboration/comment-page-1/,/2015/11/silent-collaboration/,301,legacy URL
/2015/11/silent-collaboration/feed/,/2015/11/silent-collaboration/,301,attachmentpagina
/2015/12/this-sprint-future-o-spective-with-santa-claus/comment-page-1/,/2015/12/this-sprint-future-o-spective-with-santa-claus/,301,legacy URL
/2015/12/this-sprint-future-o-spective-with-santa-claus/feed/,/2015/12/this-sprint-future-o-spective-with-santa-claus/,301,attachmentpagina
/2015/12/this-sprint-future-o-spective-with-santa-claus/wp_20151216_003/,/2015/12/this-sprint-future-o-spective-with-santa-claus/,301,attachmentpagina
/2015/12/this-sprint-future-o-spective-with-santa-claus/wp_20151216_003/feed/,/2015/12/this-sprint-future-o-spective-with-santa-claus/,301,attachmentpagina
/2016/01/daily-stand-up-simulation/comment-page-1/,/2016/01/daily-stand-up-simulation/,301,legacy URL
/2016/01/daily-stand-up-simulation/feed/,/2016/01/daily-stand-up-simulation/,301,attachmentpagina
/2016/01/the-job-title-game/feed/,/2016/01/the-job-title-game/,301,attachmentpagina
/2016/02/iterative-incremental-big-bang-2/comment-page-1/,/2016/02/iterative-incremental-big-bang-2/,301,legacy URL
/2016/02/iterative-incremental-big-bang-2/feed/,/2016/02/iterative-incremental-big-bang-2/,301,attachmentpagina
/2016/02/iterative-incremental-big-bang-2/rounded-cards-advert-v2/,/2016/02/iterative-incremental-big-bang-2/,301,attachmentpagina
/2016/02/try-or-die-the-x-periment/comment-page-1/,/2016/02/try-or-die-the-x-periment/,301,legacy URL
/2016/02/try-or-die-the-x-periment/dsc_0580_/,/2016/02/try-or-die-the-x-periment/,301,attachmentpagina
/2016/02/try-or-die-the-x-periment/dsc_0584/,/2016/02/try-or-die-the-x-periment/,301,attachmentpagina
/2016/02/try-or-die-the-x-periment/feed/,/2016/02/try-or-die-the-x-periment/,301,attachmentpagina
/2016/03/agile-jenga-testing-game/feed/,/2016/03/agile-jenga-testing-game/,301,attachmentpagina
/2016/05/5668/comment-page-1/,/2016/05/5668/,301,legacy URL
/2016/05/5668/feed/,/2016/05/5668/,301,attachmentpagina
/2016/05/throw-the-cat-and-other-objects/feed/,/2016/05/throw-the-cat-and-other-objects/,301,attachmentpagina
/2016/06/first-things-first/feed/,/2016/06/first-things-first/,301,attachmentpagina
/2016/06/judgement-juggler/comment-page-1/,/2016/06/judgement-juggler/,301,legacy URL
/2016/06/judgement-juggler/feed/,/2016/06/judgement-juggler/,301,attachmentpagina
/2016/06/judgement-juggler/image001/,/2016/06/judgement-juggler/,301,attachmentpagina
/2016/06/judgement-juggler/image003/,/2016/06/judgement-juggler/,301,attachmentpagina
/2016/06/judgement-juggler/image007/,/2016/06/judgement-juggler/,301,attachmentpagina
/2016/06/judgement-juggler/image009/,/2016/06/judgement-juggler/,301,attachmentpagina
/2016/06/judgement-juggler/image011/,/2016/06/judgement-juggler/,301,attachmentpagina
/2016/06/judgement-juggler/image011/feed/,/2016/06/judgement-juggler/,301,attachmentpagina
/2016/06/paint-the-story-point/20160426_115818/,/2016/06/paint-the-story-point/,301,attachmentpagina
/2016/06/paint-the-story-point/20160426_115818/feed/,/2016/06/paint-the-story-point/,301,attachmentpagina
/2016/06/paint-the-story-point/20160426_121646/,/2016/06/paint-the-story-point/,301,attachmentpagina
/2016/06/paint-the-story-point/20160426_121646/feed/,/2016/06/paint-the-story-point/,301,attachmentpagina
/2016/06/paint-the-story-point/20160426_121654/,/2016/06/paint-the-story-point/,301,attachmentpagina
/2016/06/paint-the-story-point/20160426_121700/,/2016/06/paint-the-story-point/,301,attachmentpagina
/2016/06/paint-the-story-point/20160426_123407/,/2016/06/paint-the-story-point/,301,attachmentpagina
/2016/06/paint-the-story-point/20160426_123632/,/2016/06/paint-the-story-point/,301,attachmentpagina
/2016/06/paint-the-story-point/20160426_124707/,/2016/06/paint-the-story-point/,301,attachmentpagina
/2016/06/paint-the-story-point/20160426_124717/,/2016/06/paint-the-story-point/,301,attachmentpagina
/2016/06/paint-the-story-point/comment-page-1/,/2016/06/paint-the-story-point/,301,legacy URL
/2016/06/paint-the-story-point/feed/,/2016/06/paint-the-story-point/,301,attachmentpagina
/2016/06/scrum-card-game/comment-page-1/,/2016/06/scrum-card-game/,301,legacy URL
/2016/06/scrum-card-game/feed/,/2016/06/scrum-card-game/,301,attachmentpagina
/2016/06/scrum-values-roles-card-game/cardset/,/2016/06/scrum-values-roles-card-game/,301,attachmentpagina
/2016/06/scrum-values-roles-card-game/cardset/feed/,/2016/06/scrum-values-roles-card-game/,301,attachmentpagina
/2016/06/scrum-values-roles-card-game/comment-page-1/,/2016/06/scrum-values-roles-card-game/,301,legacy URL
/2016/06/scrum-values-roles-card-game/feed/,/2016/06/scrum-values-roles-card-game/,301,attachmentpagina
/2016/06/the-agile-mindset-workshop/comment-page-1/,/2016/06/the-agile-mindset-workshop/,301,legacy URL
/2016/06/the-agile-mindset-workshop/feed/,/2016/06/the-agile-mindset-workshop/,301,attachmentpagina
/2016/07/nexus-zoo-a-scaling-simulator/comment-page-1/,/2016/07/nexus-zoo-a-scaling-simulator/,301,legacy URL
/2016/07/nexus-zoo-a-scaling-simulator/feed/,/2016/07/nexus-zoo-a-scaling-simulator/,301,attachmentpagina
/2016/07/nexus-zoo-a-scaling-simulator/nexuszoo/,/2016/07/nexus-zoo-a-scaling-simulator/,301,attachmentpagina
/2016/07/scrum-simulation-with-minecraft/feed/,/2016/07/scrum-simulation-with-minecraft/,301,attachmentpagina
/2016/08/pitfalls-possibilities/feed/,/2016/08/pitfalls-possibilities/,301,attachmentpagina
/2016/08/story-cubes-retrospective/comment-page-1/,/2016/08/story-cubes-retrospective/,301,legacy URL
/2016/08/story-cubes-retrospective/feed/,/2016/08/story-cubes-retrospective/,301,attachmentpagina
/2016/08/story-cubes-retrospective/storycubes-1/,/2016/08/story-cubes-retrospective/,301,attachmentpagina
/2016/08/story-cubes-retrospective/storycubes-1/feed/,/2016/08/story-cubes-retrospective/,301,attachmentpagina
/2016/08/story-cubes-retrospective/storycubes-2/,/2016/08/story-cubes-retrospective/,301,attachmentpagina
/2016/09/to-plan-or-not-to-plan/comment-page-1/,/2016/09/to-plan-or-not-to-plan/,301,legacy URL
/2016/09/to-plan-or-not-to-plan/feed/,/2016/09/to-plan-or-not-to-plan/,301,attachmentpagina
/2016/09/to-plan-or-not-to-plan/picture/,/2016/09/to-plan-or-not-to-plan/,301,attachmentpagina
/2016/09/to-plan-or-not-to-plan/picture/feed/,/2016/09/to-plan-or-not-to-plan/,301,attachmentpagina
/2016/10/the-coffee-game/comment-page-1/,/2016/10/the-coffee-game/,301,legacy URL
/2016/10/the-coffee-game/feed/,/2016/10/the-coffee-game/,301,attachmentpagina
/2016/12/lego-team-building/comment-page-1/,/2016/12/lego-team-building/,301,legacy URL
/2016/12/lego-team-building/feed/,/2016/12/lego-team-building/,301,attachmentpagina
/2016/12/lego-team-building/lego-team-building/,/2016/12/lego-team-building/,301,attachmentpagina
/2017/01/francais-jeu-des-roles-et-des-responsabilites-de-scrum/comment-page-1/,/2017/01/francais-jeu-des-roles-et-des-responsabilites-de-scrum/,301,legacy URL
/2017/01/francais-jeu-des-roles-et-des-responsabilites-de-scrum/feed/,/2017/01/francais-jeu-des-roles-et-des-responsabilites-de-scrum/,301,attachmentpagina
/2017/01/logo-maze-why-we-test-first/comment-page-1/,/2017/01/logo-maze-why-we-test-first/,301,legacy URL
/2017/02/cards-against-agility/comment-page-1/,/2017/02/cards-against-agility/,301,legacy URL
/2017/02/cards-against-agility/feed/,/2017/02/cards-against-agility/,301,attachmentpagina
/2017/02/failure-memory-game/cc-sa4-0-2/,/2017/02/failure-memory-game/,301,attachmentpagina
/2017/02/failure-memory-game/cc-sa4-0-2/feed/,/2017/02/failure-memory-game/,301,attachmentpagina
/2017/02/failure-memory-game/feed/,/2017/02/failure-memory-game/,301,attachmentpagina
/2017/04/company-profile/feed/,/2017/04/company-profile/,301,attachmentpagina
/2017/04/the-lean-star-game/comment-page-1/,/2017/04/the-lean-star-game/,301,legacy URL
/2017/04/the-lean-star-game/feed/,/2017/04/the-lean-star-game/,301,attachmentpagina
/2017/04/the-lean-star-game/star-connect-2/,/2017/04/the-lean-star-game/,301,attachmentpagina
/2017/05/gameception-–-the-team-game-that-creates-itself/comment-page-1/,/2017/05/gameception-–-the-team-game-that-creates-itself/,301,legacy URL
/2017/05/gameception-–-the-team-game-that-creates-itself/feed/,/2017/05/gameception-–-the-team-game-that-creates-itself/,301,attachmentpagina
/2017/05/may-the-4th-force-be-with-you-retrospective/comment-page-1/,/2017/05/may-the-4th-force-be-with-you-retrospective/,301,legacy URL
/2017/05/may-the-4th-force-be-with-you-retrospective/feed/,/2017/05/may-the-4th-force-be-with-you-retrospective/,301,attachmentpagina
/2017/05/scrum-events-cycle/comment-page-1/,/2017/05/scrum-events-cycle/,301,legacy URL
/2017/05/scrum-events-cycle/feed/,/2017/05/scrum-events-cycle/,301,attachmentpagina
/2017/05/scrum-events-cycle/scrum-events-cycle-exercise/,/2017/05/scrum-events-cycle/,301,attachmentpagina
/2017/06/lets-take-a-journey-retrospective/feed/,/2017/06/lets-take-a-journey-retrospective/,301,attachmentpagina
/2017/06/the-kanban-silly-tasks-game/comment-page-1/,/2017/06/the-kanban-silly-tasks-game/,301,legacy URL
/2017/06/the-kanban-silly-tasks-game/feed/,/2017/06/the-kanban-silly-tasks-game/,301,attachmentpagina
/2017/06/the-league-of-extraordinarily-shortsighted-agile-superleaders-retrospective/comment-page-1/,/2017/06/the-league-of-extraordinarily-shortsighted-agile-superleaders-retrospective/,301,legacy URL
/2017/06/the-league-of-extraordinarily-shortsighted-agile-superleaders-retrospective/feed/,/2017/06/the-league-of-extraordinarily-shortsighted-agile-superleaders-retrospective/,301,attachmentpagina
/2017/07/decoration-kanban/feed/,/2017/07/decoration-kanban/,301,attachmentpagina
/2017/07/decoration-kanban/step1/,/2017/07/decoration-kanban/,301,attachmentpagina
/2017/07/decoration-kanban/step2/,/2017/07/decoration-kanban/,301,attachmentpagina
/2017/07/decoration-kanban/step3-2/,/2017/07/decoration-kanban/,301,attachmentpagina
/2017/07/decoration-kanban/step3/,/2017/07/decoration-kanban/,301,attachmentpagina
/2017/07/decoration-kanban/step4/,/2017/07/decoration-kanban/,301,attachmentpagina
/2017/07/decoration-kanban/step5/,/2017/07/decoration-kanban/,301,attachmentpagina
/2017/07/time-tree-fertilizer-retro/comment-page-1/,/2017/07/time-tree-fertilizer-retro/,301,legacy URL
/2017/07/time-tree-fertilizer-retro/feed/,/2017/07/time-tree-fertilizer-retro/,301,attachmentpagina
/2017/09/cardunit-a-unit-testing-simulation/cardunit170904/,/2017/09/cardunit-a-unit-testing-simulation/,301,attachmentpagina
/2017/09/cardunit-a-unit-testing-simulation/feed/,/2017/09/cardunit-a-unit-testing-simulation/,301,attachmentpagina
/2017/09/positive-change-canvas/feed/,/2017/09/positive-change-canvas/,301,attachmentpagina
/2017/09/the-large-scale-scrum-less-dynamics-game/comment-page-1/,/2017/09/the-large-scale-scrum-less-dynamics-game/,301,legacy URL
/2017/09/the-large-scale-scrum-less-dynamics-game/feed/,/2017/09/the-large-scale-scrum-less-dynamics-game/,301,attachmentpagina
/2017/10/deep-dive-into-kanban-essentials-using-donut-making/exp/,/2017/10/deep-dive-into-kanban-essentials-using-donut-making/,301,attachmentpagina
/2017/10/deep-dive-into-kanban-essentials-using-donut-making/feed/,/2017/10/deep-dive-into-kanban-essentials-using-donut-making/,301,attachmentpagina
/2017/10/deep-dive-into-kanban-essentials-using-donut-making/materials/,/2017/10/deep-dive-into-kanban-essentials-using-donut-making/,301,attachmentpagina
/2017/10/deep-dive-into-kanban-essentials-using-donut-making/policies/,/2017/10/deep-dive-into-kanban-essentials-using-donut-making/,301,attachmentpagina
/2017/10/deep-dive-into-kanban-essentials-using-donut-making/rnd-tb-2/,/2017/10/deep-dive-into-kanban-essentials-using-donut-making/,301,attachmentpagina
/2017/10/deep-dive-into-kanban-essentials-using-donut-making/rnd1/,/2017/10/deep-dive-into-kanban-essentials-using-donut-making/,301,attachmentpagina
/2017/10/deep-dive-into-kanban-essentials-using-donut-making/rnd2-l/,/2017/10/deep-dive-into-kanban-essentials-using-donut-making/,301,attachmentpagina
/2017/10/deep-dive-into-kanban-essentials-using-donut-making/rnd3-l/,/2017/10/deep-dive-into-kanban-essentials-using-donut-making/,301,attachmentpagina
/2017/10/deep-dive-into-kanban-essentials-using-donut-making/rnd3-l2-2/,/2017/10/deep-dive-into-kanban-essentials-using-donut-making/,301,attachmentpagina
/2017/10/deep-dive-into-kanban-essentials-using-donut-making/rnd4/,/2017/10/deep-dive-into-kanban-essentials-using-donut-making/,301,attachmentpagina
/2017/10/deep-dive-into-kanban-essentials-using-donut-making/rnd5/,/2017/10/deep-dive-into-kanban-essentials-using-donut-making/,301,attachmentpagina
/2017/10/deep-dive-into-kanban-essentials-using-donut-making/rnd6/,/2017/10/deep-dive-into-kanban-essentials-using-donut-making/,301,attachmentpagina
/2017/10/deep-dive-into-kanban-essentials-using-donut-making/steps/,/2017/10/deep-dive-into-kanban-essentials-using-donut-making/,301,attachmentpagina
/2017/10/the-core-beliefs-of-waterfall-agile-and-lean/comment-page-1/,/2017/10/the-core-beliefs-of-waterfall-agile-and-lean/,301,legacy URL
/2017/10/the-core-beliefs-of-waterfall-agile-and-lean/feed/,/2017/10/the-core-beliefs-of-waterfall-agile-and-lean/,301,attachmentpagina
/2017/12/core-scrum-game/comment-page-1/,/2017/12/core-scrum-game/,301,legacy URL
/2017/12/core-scrum-game/feed/,/2017/12/core-scrum-game/,301,attachmentpagina
/2018/01/daily-scrum-game/comment-page-1/,/2018/01/daily-scrum-game/,301,legacy URL
/2018/01/daily-scrum-game/feed/,/2018/01/daily-scrum-game/,301,attachmentpagina
/2018/01/the-fast-and-the-furious-and-other-fs-retrospective-activity/comment-page-1/,/2018/01/the-fast-and-the-furious-and-other-fs-retrospective-activity/,301,legacy URL
/2018/01/the-fast-and-the-furious-and-other-fs-retrospective-activity/feed/,/2018/01/the-fast-and-the-furious-and-other-fs-retrospective-activity/,301,attachmentpagina
/2018/02/kitchen-prioritization/comment-page-1/,/2018/02/kitchen-prioritization/,301,legacy URL
/2018/02/kitchen-prioritization/feed/,/2018/02/kitchen-prioritization/,301,attachmentpagina
/2018/03/dice-of-debt/dice-of-debt-v3/,/2018/03/dice-of-debt/,301,attachmentpagina
/2018/03/dice-of-debt/feed/,/2018/03/dice-of-debt/,301,attachmentpagina
/2018/03/dice-of-debt/playingdod1/,/2018/03/dice-of-debt/,301,attachmentpagina
/2018/04/pass-the-perfection/comment-page-1/,/2018/04/pass-the-perfection/,301,legacy URL
/2018/04/pass-the-perfection/feed/,/2018/04/pass-the-perfection/,301,attachmentpagina
/2018/04/test-and-learn-2/,,410,geen bruikbare capture in de export
/2018/05/sprint-simulation-scrum-practice-game/comment-page-1/,/2018/05/sprint-simulation-scrum-practice-game/,301,legacy URL
/2018/05/sprint-simulation-scrum-practice-game/feed/,/2018/05/sprint-simulation-scrum-practice-game/,301,attachmentpagina
/2018/06/sequence-an-agile-integration-game/feed/,/2018/06/sequence-an-agile-integration-game/,301,attachmentpagina
/2018/07/a-non-it-scrum-simulation-game-learn-scrum-and-self-organizing-through-a-game/comment-page-1/,/2018/07/a-non-it-scrum-simulation-game-learn-scrum-and-self-organizing-through-a-game/,301,legacy URL
/2018/07/a-non-it-scrum-simulation-game-learn-scrum-and-self-organizing-through-a-game/feed/,/2018/07/a-non-it-scrum-simulation-game-learn-scrum-and-self-organizing-through-a-game/,301,attachmentpagina
/2018/07/check-your-mindset/comment-page-1/,/2018/07/check-your-mindset/,301,legacy URL
/2018/07/check-your-mindset/feed/,/2018/07/check-your-mindset/,301,attachmentpagina
/2018/07/check-your-mindset/mindset/,/2018/07/check-your-mindset/,301,attachmentpagina
/2018/07/the-feedback-game/comment-page-1/,/2018/07/the-feedback-game/,301,legacy URL
/2018/07/the-feedback-game/feed/,/2018/07/the-feedback-game/,301,attachmentpagina
/2018/08/the-matchup-canvas/feed/,/2018/08/the-matchup-canvas/,301,attachmentpagina
/2018/08/the-spark-engine/book-draw-cover-front-small/,/2018/08/the-spark-engine/,301,attachmentpagina
/2018/08/the-spark-engine/comment-page-1/,/2018/08/the-spark-engine/,301,legacy URL
/2018/08/the-spark-engine/feed/,/2018/08/the-spark-engine/,301,attachmentpagina
/2018/08/the-spark-engine/img_20170409_111645/,/2018/08/the-spark-engine/,301,attachmentpagina
/2018/08/the-spark-engine/scan_pic0012/,/2018/08/the-spark-engine/,301,attachmentpagina
/2018/08/the-spark-engine/scan_pic0017/,/2018/08/the-spark-engine/,301,attachmentpagina
/2018/09/heart-of-agile-psychic-handshake/feed/,/2018/09/heart-of-agile-psychic-handshake/,301,attachmentpagina
/2018/11/core-less-game/feed/,/2018/11/core-less-game/,301,attachmentpagina
/2018/12/valuable-paper-airplanes/comment-page-1/,/2018/12/valuable-paper-airplanes/,301,legacy URL
/2018/12/valuable-paper-airplanes/feed/,/2018/12/valuable-paper-airplanes/,301,attachmentpagina
/2019/01/21-jedi/comment-page-1/,/2019/01/21-jedi/,301,legacy URL
/2019/01/retrospective-sailing-being-agile/feed/,/2019/01/retrospective-sailing-being-agile/,301,attachmentpagina
/2019/01/witches-cooking-reunion/comment-page-1/,/2019/01/witches-cooking-reunion/,301,legacy URL
/2019/01/witches-cooking-reunion/extra/,/2019/01/witches-cooking-reunion/,301,attachmentpagina
/2019/01/witches-cooking-reunion/feed/,/2019/01/witches-cooking-reunion/,301,attachmentpagina
/2019/01/witches-cooking-reunion/ingredients/,/2019/01/witches-cooking-reunion/,301,attachmentpagina
/2019/01/witches-cooking-reunion/record-table/,/2019/01/witches-cooking-reunion/,301,attachmentpagina
/2019/01/witches-cooking-reunion/rules-2/,/2019/01/witches-cooking-reunion/,301,attachmentpagina
/2019/01/witches-cooking-reunion/set_of_token/,/2019/01/witches-cooking-reunion/,301,attachmentpagina
/2019/01/witches-cooking-reunion/translation-page/,/2019/01/witches-cooking-reunion/,301,attachmentpagina
/2019/01/witches-cooking-reunion/witchesboard/,/2019/01/witches-cooking-reunion/,301,attachmentpagina
/2019/02/build-your-own-agile-game/feed/,/2019/02/build-your-own-agile-game/,301,attachmentpagina
/2019/02/virtual-cards-against-agility/comment-page-1/,/2019/02/virtual-cards-against-agility/,301,legacy URL
/2019/02/virtual-scrum-roles-game/comment-page-1/,/2019/02/virtual-scrum-roles-game/,301,legacy URL
/2019/04/technical-debt-game-for-non-technical-people/comment-page-1/,/2019/04/technical-debt-game-for-non-technical-people/,301,legacy URL
/2019/06/egg-shell/comment-page-1/,/2019/06/egg-shell/,301,legacy URL
/2019/06/satisfaction-foot/comment-page-1/,/2019/06/satisfaction-foot/,301,legacy URL
/2019/07/scrumtale-scrum-simulation-workshop/comment-page-1/,/2019/07/scrumtale-scrum-simulation-workshop/,301,legacy URL
/2019/08/newspaper-retro/comment-page-1/,/2019/08/newspaper-retro/,301,legacy URL
/2019/11/dependency-jigsaw-game/feed/,/2019/11/dependency-jigsaw-game/,301,attachmentpagina
/2019/12/summer-meadows-and-the-three-vs/feed/,/2019/12/summer-meadows-and-the-three-vs/,301,attachmentpagina
/2020/02/the-scrum-workflow/feed/,/2020/02/the-scrum-workflow/,301,attachmentpagina
/2020/03/agile-wheel/comment-page-1/,/2020/03/agile-wheel/,301,legacy URL
/2020/03/agile-wheel/feed/,/2020/03/agile-wheel/,301,attachmentpagina
/2020/04/ball-wfh-point-game/comment-page-1/,/2020/04/ball-wfh-point-game/,301,legacy URL
/2020/04/ball-wfh-point-game/feed/,/2020/04/ball-wfh-point-game/,301,attachmentpagina
/2020/04/virtual-world-scrum-simulation/comment-page-1/,/2020/04/virtual-world-scrum-simulation/,301,legacy URL
/2020/04/virtual-world-scrum-simulation/feed/,/2020/04/virtual-world-scrum-simulation/,301,attachmentpagina
/2020/10/remote-wfh-ball-point-game/comment-page-1/,/2020/10/remote-wfh-ball-point-game/,301,legacy URL
/2021/01/piggy-bank-scrum-simulation-in-remote/comment-page-1/,/2021/01/piggy-bank-scrum-simulation-in-remote/,301,legacy URL
/2021/01/piggy-bank-scrum-simulation-in-remote/feed/,/2021/01/piggy-bank-scrum-simulation-in-remote/,301,attachmentpagina
/about/michael-mccullough/michael-mccullough/,/about/michael-mccullough/,301,genest duplicaat
/all-games/,,410,pagina ontbreekt in de Engelse export
/author/4agile/,/author/4agile-pl/,301,auteur-slug vernieuwd
/author/aaturuit-com/,/author/uruit-agile-adoption-team/,301,auteur-slug vernieuwd
/author/abi-bellgmail-com/,/author/abi-bellamkonda/,301,auteur-slug vernieuwd
/author/admin/,/author/michael-mccullough/,301,auteur-slug vernieuwd
/author/agiledoodgmail-com/,/author/jason-little/,301,auteur-slug vernieuwd
/author/agileinitiativesgmail-com/,/author/gretchen-knode/,301,auteur-slug vernieuwd
/author/agileschoolsgmail-com/,/author/john-miller/,301,auteur-slug vernieuwd
/author/agilityteamduo-nl/,/author/duo-agilityteam/,301,auteur-slug vernieuwd
/author/agiludic/,/author/olaf-bublitz/,301,auteur-slug vernieuwd
/author/ahilesblueyonder-co-uk/,/author/andy-hiles/,301,auteur-slug vernieuwd
/author/aleem-khan360pmo-com/,/author/aleem-khan/,301,auteur-slug vernieuwd
/author/alexb/,/author/alex-boutin/,301,auteur-slug vernieuwd
/author/alexey-pikulevagiletech-ru/,/author/alexey-pikulev/,301,auteur-slug vernieuwd
/author/alexeykrivitskygmail-com/,/author/alexey-krivitsky/,301,auteur-slug vernieuwd
/author/amr-noamangmail-com/,/author/amr-noaman/,301,auteur-slug vernieuwd
/author/andrewjcharltonhotmail-com/,/author/andrew-charlton/,301,auteur-slug vernieuwd
/author/andrewruslinghotmail-com/,/author/andrew-rusling/,301,auteur-slug vernieuwd
/author/artsintersticesgmail-com/,/author/elinor-slomba/,301,auteur-slug vernieuwd
/author/attarian-samangmail-com/,/author/saman-attarian/,301,auteur-slug vernieuwd
/author/b-scharlauabdn-ac-uk/,/author/b-scharlau-abdn-ac-uk/,301,auteur-slug vernieuwd
/author/belindabeingagile-co-uk/,/author/belinda-waldock/,301,auteur-slug vernieuwd
/author/bencarey/,/author/ben-carey/,301,auteur-slug vernieuwd
/author/blakesoulofscrum-com/,/author/blake-mcmillan/,301,auteur-slug vernieuwd
/author/brunot-nicolasgmail-com/,/author/nicolas-brunot/,301,auteur-slug vernieuwd
/author/bryan_foleyatt-net/,/author/bryan-f/,301,auteur-slug vernieuwd
/author/carolina-gorositogmail-com/,/author/carolina-gorosito/,301,auteur-slug vernieuwd
/author/cesarioagilix-nl/,/author/cesario-ramos/,301,auteur-slug vernieuwd
/author/cetidata-pl/,/author/adam-cetnerowski/,301,auteur-slug vernieuwd
/author/chrisdeniaud-eu/,/author/chris-deniaud/,301,auteur-slug vernieuwd
/author/craig-browncraigwbrown-net/,,410,auteurarchief zonder posts
/author/craigstrongandagile-co-uk/,/author/craig-strong/,301,auteur-slug vernieuwd
/author/cramtirolf/,/author/marc-florit/,301,auteur-slug vernieuwd
/author/d-andre-dhondtgmail-com/,/author/andre-dhondt/,301,auteur-slug vernieuwd
/author/daamonpgmail-com/,/author/daamon-parker/,301,auteur-slug vernieuwd
/author/danginngmail-com/,/author/dan-ginn/,301,auteur-slug vernieuwd
/author/david_kanehouseofyin-com/,/author/david-kane/,301,auteur-slug vernieuwd
/author/davidscrumandkanban-co-uk/,/author/david-lowe/,301,auteur-slug vernieuwd
/author/ddwebgate-ltd-uk/,/author/derek-davidson/,301,auteur-slug vernieuwd
/author/debdeborahpreuss-com/,/author/deborah-hartmann-preuss/,301,auteur-slug vernieuwd
/author/deepakjsfwltd-co-uk/,/author/deepak-joshi/,301,auteur-slug vernieuwd
/author/dennis-somervillegmail-com/,/author/dennis-somerville/,301,auteur-slug vernieuwd
/author/dkoontz/,/author/david-koontz/,301,auteur-slug vernieuwd
/author/docanotherthought-com/,/author/doc-list/,301,auteur-slug vernieuwd
/author/don/,/author/don-mcgreal/,301,auteur-slug vernieuwd
/author/doug-husovskygmail-com/,/author/doug-husovsky/,301,auteur-slug vernieuwd
/author/dpylayevagmail-com/,/author/dana-pylayeva/,301,auteur-slug vernieuwd
/author/edbruingmail-com/,/author/e-bruin/,301,auteur-slug vernieuwd
/author/egrove/,/author/ellen-grove/,301,auteur-slug vernieuwd
/author/ellenebgconsulting-com/,/author/ellen-gottesdiener/,301,auteur-slug vernieuwd
/author/eloise-pelsergmail-com/,/author/eloise-pelser/,301,auteur-slug vernieuwd
/author/emel-siegeloutlook-com/,/author/emel-siegel/,301,auteur-slug vernieuwd
/author/erichbuhlerhotmail-com/,/author/erich-buhler/,301,auteur-slug vernieuwd
/author/erwinkoogh-com/,/author/erwin-van-der-koogh/,301,auteur-slug vernieuwd
/author/fabrice-aimettigmail-com/,/author/fabrice-aimetti/,301,auteur-slug vernieuwd
/author/fancydevgmail-com/,/author/illya-pavlichenko/,301,auteur-slug vernieuwd
/author/fredrikwendt-se/,/author/fredrik-wendt/,301,auteur-slug vernieuwd
/author/geoffwatts/,/author/geoff-watts/,301,auteur-slug vernieuwd
/author/gregory-alexandregoood-pro/,/author/gregory-alexandre/,301,auteur-slug vernieuwd
/author/haritochka2-com/,/author/haralambi-haralambiev/,301,auteur-slug vernieuwd
/author/heitor/,/author/heitor-filho/,301,auteur-slug vernieuwd
/author/hgjpennartzyahoo-com/,/author/rik-pennartz/,301,auteur-slug vernieuwd
/author/hugo-emondgmail-com/,/author/hugo-emond/,301,auteur-slug vernieuwd
/author/infojesusmendez-ca/,/author/jesus-mendez/,301,auteur-slug vernieuwd
/author/ivo-peksensgmail-com/,/author/ivo-peksens/,301,auteur-slug vernieuwd
/author/jaap-dekkingagmail-com/,/author/jaap-dekkinga/,301,auteur-slug vernieuwd
/author/jameshurricanefour-com/,/author/james-scrimshire/,301,auteur-slug vernieuwd
/author/jason-hallcgmail-com/,/author/jason-hall/,301,auteur-slug vernieuwd
/author/jason-t-knightgmail-com/,/author/jason-knight/,301,auteur-slug vernieuwd
/author/javamvgmail-com/,/author/slava-moskalenko/,301,auteur-slug vernieuwd
/author/jeremy-willetsonbase-com/,/author/jeremy-willets/,301,auteur-slug vernieuwd
/author/jonathanbitwix-com/,/author/jonathan-clarke/,301,auteur-slug vernieuwd
/author/jonnorthernshoreconsulting-co-uk/,/author/jon-mcnestrie/,301,auteur-slug vernieuwd
/author/jose-manuel-ilinchetagmail-com/,/author/manuel-ilincheta/,301,auteur-slug vernieuwd
/author/julio-augustogmail-com/,/author/julio-oliveira/,301,auteur-slug vernieuwd
/author/karlscotland/,/author/karl-scotland/,301,auteur-slug vernieuwd
/author/kbartlettvistaprint-com/,/author/kimberly-bartlett/,301,auteur-slug vernieuwd
/author/kenhoward01gmail-com/,/author/kenhoward01-gmail-com/,301,auteur-slug vernieuwd
/author/kingdaddy8gmail-com/,/author/tom-grant/,301,auteur-slug vernieuwd
/author/kosciejewgmail-com/,/author/jeff-kosciejew/,301,auteur-slug vernieuwd
/author/kruse-ralfgooglemail-com/,/author/ralf-kruse/,301,auteur-slug vernieuwd
/author/lmadhavigmail-com/,/author/ledalla-madhavi/,301,auteur-slug vernieuwd
/author/lthomasburrislogistics-com/,/author/lauren-thomas/,301,auteur-slug vernieuwd
/author/marcin-floryangmail-com/,/author/marcin-floryan/,301,auteur-slug vernieuwd
/author/marcin-zmigrodzkioctigo-pl/,/author/marcin-zmigrodzki/,301,auteur-slug vernieuwd
/author/mariete-sequeragmail-com/,/author/mariete-sequera-hernandez/,301,auteur-slug vernieuwd
/author/marketinguruitgmail-com/,/author/martin-mari/,301,auteur-slug vernieuwd
/author/markus-wittwerweb-de/,/author/markus-wittwer/,301,auteur-slug vernieuwd
/author/martenscljgmail-com/,/author/christo-martens/,301,auteur-slug vernieuwd
/author/matthewrphilipgmail-com/,/author/matt-philip/,301,auteur-slug vernieuwd
/author/matthias-jouangmail-com/,/author/matthias-jouan/,301,auteur-slug vernieuwd
/author/mbowlergargoylesoftware-com/,/author/mike-bowler/,301,auteur-slug vernieuwd
/author/mburrows/,/author/mike-burrows/,301,auteur-slug vernieuwd
/author/mcjenkinsgmail-com/,/author/marie-claire-dean/,301,auteur-slug vernieuwd
/author/mike-burnsalumni-qut-edu-au/,/author/mike-burns/,301,auteur-slug vernieuwd
/author/mikeleanintuit-com/,/author/mike-leanintuit-com/,301,auteur-slug vernieuwd
/author/mlevison/,/author/mark-levison/,301,auteur-slug vernieuwd
/author/mozratgmail-com/,/author/simon-morris/,301,auteur-slug vernieuwd
/author/mtbadgleygmail-com/,/author/matt-badgley/,301,auteur-slug vernieuwd
/author/n_zdunicyahoo-com-au/,/author/nick-zdunic/,301,auteur-slug vernieuwd
/author/ntalensgmail-com/,/author/niels-talens/,301,auteur-slug vernieuwd
/author/ntsreejithgmail-com/,/author/sreejith-n-t/,301,auteur-slug vernieuwd
/author/nuno_borgeshotmail-com/,/author/nuno-borges/,301,auteur-slug vernieuwd
/author/ocbermudezgmail-com/,/author/ocbermudez/,301,auteur-slug vernieuwd
/author/olivier-destradefree-fr/,/author/olivier-destrade/,301,auteur-slug vernieuwd
/author/paul-osbornpharmacyonesource-com/,/author/paul-osborn/,301,auteur-slug vernieuwd
/author/paulagilify-co-uk/,/author/paul-goddard/,301,auteur-slug vernieuwd
/author/pib-mtgmx-de/,/author/michael-tarnowski/,301,auteur-slug vernieuwd
/author/pierreneisgmail-com/,/author/pierre-e-neis/,301,auteur-slug vernieuwd
/author/pmboosyahoo-com/,/author/paul-boos/,301,auteur-slug vernieuwd
/author/rdenisoncaptechconsulting-com/,/author/rob-denison/,301,auteur-slug vernieuwd
/author/renee-troughtongmail-com/,/author/renee-troughton/,301,auteur-slug vernieuwd
/author/richardkasperowski/,/author/richard-kasperowski/,301,auteur-slug vernieuwd
/author/rickard-ukgmail-com/,/author/rickard-jones/,301,auteur-slug vernieuwd
/author/robert-batusekgmail-com/,/author/robert-batusek/,301,auteur-slug vernieuwd
/author/romaintrocheriegmail-com/,/author/romain-trocherie/,301,auteur-slug vernieuwd
/author/rquartelgmail-com/,/author/ron-quartel/,301,auteur-slug vernieuwd
/author/sabbaghgmail-com/,/author/rafael-sabbagh/,301,auteur-slug vernieuwd
/author/samuelnew-bamboo-co-uk/,/author/sam-whiting/,301,auteur-slug vernieuwd
/author/schabba/,/author/sunish-chabba/,301,auteur-slug vernieuwd
/author/seabreezes1iglide-net/,/author/karen-favazza-spencer-2/,301,auteur-slug vernieuwd
/author/seanseantrobinson-co-uk/,/author/sean-robinson/,301,auteur-slug vernieuwd
/author/sgh-nijenhuisgmail-com/,/author/stefan-nijenhuis/,301,auteur-slug vernieuwd
/author/stavrossfmi-uni-sofia-bg/,/author/stavros-stavru/,301,auteur-slug vernieuwd
/author/steverogalsky-ca/,/author/steve-rogalsky/,301,auteur-slug vernieuwd
/author/stiedlmoccasoft-com/,/author/anja-stiedl/,301,auteur-slug vernieuwd
/author/sune-lomholtgmail-com/,/author/sune-lomholt/,301,auteur-slug vernieuwd
/author/tatyanayanush/,/author/tatyana-yanush/,301,auteur-slug vernieuwd
/author/tctc-dk/,/author/tc-tc-dk/,301,auteur-slug vernieuwd
/author/thomy-kayonline-de/,/author/thomy-kay/,301,auteur-slug vernieuwd
/author/throttlehogyahoo-com/,/author/jason-hall-2/,301,auteur-slug vernieuwd
/author/timothepdotnettastycupcakesgmail-com/,/author/tim-bourguignon/,301,auteur-slug vernieuwd
/author/timyevgrashyn/,/author/tim-yevgrashyn/,301,auteur-slug vernieuwd
/author/tobysinclair86gmail-com/,/author/tobysinclair86-gmail-com/,301,auteur-slug vernieuwd
/author/toddtoddcharron-com/,/author/todd-charron/,301,auteur-slug vernieuwd
/author/vasan-ramtastycupcakesgmail-com-2/,/author/ram-srinivasan/,301,auteur-slug vernieuwd
/author/veit/,/author/veit-richter/,301,auteur-slug vernieuwd
/author/vkbandaruyahoo-com/,/author/vijay-bandaru-2/,301,auteur-slug vernieuwd
/author/vzanini5dvision-com/,/author/valerio-zanini/,301,auteur-slug vernieuwd
/author/wasitovayahoo-com/,/author/silvana-wasitova/,301,auteur-slug vernieuwd
/es/2009/06/60-paces/comment-page-1/,/es/2009/06/60-paces/,301,legacy URL
/es/2009/06/60-paces/feed/,/es/2009/06/60-paces/,301,attachmentpagina
/es/2009/06/99-test-balloons/,/2009/06/99-test-balloons/,301,vertaalde fallback
/es/2009/06/99-test-balloons/feed/,/2009/06/99-test-balloons/,301,attachmentpagina
/es/2009/06/alaskan-road-trip/feed/,/es/2009/06/alaskan-road-trip/,301,attachmentpagina
/es/2009/06/alphabet-game/,/2009/06/alphabet-game/,301,vertaalde fallback
/es/2009/06/alphabet-game/feed/,/2009/06/alphabet-game/,301,attachmentpagina
/es/2009/06/coin-sorting/feed/,/es/2009/06/coin-sorting/,301,attachmentpagina
/es/2009/06/collaborative-origami/feed/,/es/2009/06/collaborative-origami/,301,attachmentpagina
/es/2009/06/football-scrum/feed/,/es/2009/06/football-scrum/,301,attachmentpagina
/es/2009/06/location-location-location/,/2009/06/location-location-location/,301,vertaalde fallback
/es/2009/06/location-location-location/feed/,/2009/06/location-location-location/,301,attachmentpagina
/es/2009/06/mr-happy-face/,/2009/06/mr-happy-face/,301,vertaalde fallback
/es/2009/06/mr-happy-face/feed/,/2009/06/mr-happy-face/,301,attachmentpagina
/es/2009/06/no-one-listens-to-me/feed/,/es/2009/06/no-one-listens-to-me/,301,attachmentpagina
/es/2009/06/pair-programming-game/feed/,/es/2009/06/pair-programming-game/,301,attachmentpagina
/es/2009/06/picture-me/,/2009/06/picture-me/,301,vertaalde fallback
/es/2009/06/picture-me/feed/,/2009/06/picture-me/,301,attachmentpagina
/es/2009/06/planning-poker/,/2009/06/planning-poker/,301,vertaalde fallback
/es/2009/06/planning-poker/feed/,/2009/06/planning-poker/,301,attachmentpagina
/es/2009/06/presto-manifesto/feed/,/es/2009/06/presto-manifesto/,301,attachmentpagina
/es/2009/06/process-doodle/feed/,/es/2009/06/process-doodle/,301,attachmentpagina
/es/2009/06/question-game/feed/,/es/2009/06/question-game/,301,attachmentpagina
/es/2009/06/rate-games-at-blog-tastycupcakes-com/,/2009/06/rate-games-at-blog-tastycupcakes-com/,301,vertaalde fallback
/es/2009/06/rate-games-at-blog-tastycupcakes-com/feed/,/2009/06/rate-games-at-blog-tastycupcakes-com/,301,attachmentpagina
/es/2009/06/resort-brochure/feed/,/es/2009/06/resort-brochure/,301,attachmentpagina
/es/2009/06/submit-your-game/,/2009/06/submit-your-game/,301,vertaalde fallback
/es/2009/06/submit-your-game/feed/,/2009/06/submit-your-game/,301,attachmentpagina
/es/2009/06/tangled-mess/,/2009/06/tangled-mess/,301,vertaalde fallback
/es/2009/06/tangled-mess/feed/,/2009/06/tangled-mess/,301,attachmentpagina
/es/2009/06/telephone-game/,/2009/06/telephone-game/,301,vertaalde fallback
/es/2009/06/telephone-game/comment-page-1/,/2009/06/telephone-game/,301,attachmentpagina
/es/2009/06/telephone-game/feed/,/2009/06/telephone-game/,301,attachmentpagina
/es/2009/06/the-story-of-our-sprints/feed/,/es/2009/06/the-story-of-our-sprints/,301,attachmentpagina
/es/2009/06/the-train-game/feed/,/es/2009/06/the-train-game/,301,attachmentpagina
/es/2009/06/were-having-a-party/feed/,/es/2009/06/were-having-a-party/,301,attachmentpagina
/es/2009/06/why-agile-games/,/2009/06/why-agile-games/,301,vertaalde fallback
/es/2009/06/why-agile-games/feed/,/2009/06/why-agile-games/,301,attachmentpagina
/es/2009/06/you-are-not-in-control/feed/,/es/2009/06/you-are-not-in-control/,301,attachmentpagina
/es/2009/07/people-polling/feed/,/es/2009/07/people-polling/,301,attachmentpagina
/es/2009/07/the-problem-with-principles/feed/,/es/2009/07/the-problem-with-principles/,301,attachmentpagina
/es/2009/08/example-please/feed/,/es/2009/08/example-please/,301,attachmentpagina
/es/2009/09/sizing-game/,/2009/09/sizing-game/,301,vertaalde fallback
/es/2009/09/sizing-game/feed/,/2009/09/sizing-game/,301,attachmentpagina
/es/2009/10/about/michael-mccullough/,,410,attachmentpagina zonder bestaande post
/es/2009/10/map-flap/,/2009/10/map-flap/,301,vertaalde fallback
/es/2009/10/map-flap/feed/,/2009/10/map-flap/,301,attachmentpagina
/es/2009/11/tastycupcakes-published-in-agile-journal/,/2009/11/tastycupcakes-published-in-agile-journal/,301,vertaalde fallback
/es/2009/11/tastycupcakes-published-in-agile-journal/feed/,/2009/11/tastycupcakes-published-in-agile-journal/,301,attachmentpagina
/es/2009/12/tastycupcakes-agile-games-podcast-with-improving-enterprises/,/2009/12/tastycupcakes-agile-games-podcast-with-improving-enterprises/,301,vertaalde fallback
/es/2010/01/pocket-sized-principles/comment-page-1/,/es/2010/01/pocket-sized-principles/,301,legacy URL
/es/2010/01/pocket-sized-principles/feed/,/es/2010/01/pocket-sized-principles/,301,attachmentpagina
/es/2010/03/deep-agile-2010-empowering-teams-with-agile-games/,/2010/03/deep-agile-2010-empowering-teams-with-agile-games/,301,vertaalde fallback
/es/2010/03/deep-agile-2010-empowering-teams-with-agile-games/feed/,/2010/03/deep-agile-2010-empowering-teams-with-agile-games/,301,attachmentpagina
/es/2010/05/about/michael-mccullough/,,410,attachmentpagina zonder bestaande post
/es/2010/05/first-agile-games-conference-at-deepagile/,/2010/05/first-agile-games-conference-at-deepagile/,301,vertaalde fallback
/es/2010/05/first-agile-games-conference-at-deepagile/feed/,/2010/05/first-agile-games-conference-at-deepagile/,301,attachmentpagina
/es/2010/07/the-backlog-is-in-the-eye-of-the-beholder/feed/,/es/2010/07/the-backlog-is-in-the-eye-of-the-beholder/,301,attachmentpagina
/es/2010/10/agile-games-conference-2011/,/2010/10/agile-games-conference-2011/,301,vertaalde fallback
/es/2010/10/agile-games-conference-2011/feed/,/2010/10/agile-games-conference-2011/,301,attachmentpagina
/es/2010/11/marshmallow-challenge/,/2010/11/marshmallow-challenge/,301,vertaalde fallback
/es/2010/11/marshmallow-challenge/feed/,/2010/11/marshmallow-challenge/,301,attachmentpagina
/es/2011/01/agile-games-2011-conference-super-early-bird-pricing-until-january-24-2011/,/2011/01/agile-games-2011-conference-super-early-bird-pricing-until-january-24-2011/,301,vertaalde fallback
/es/2011/01/agile-games-2011-conference-super-early-bird-pricing-until-january-24-2011/feed/,/2011/01/agile-games-2011-conference-super-early-bird-pricing-until-january-24-2011/,301,attachmentpagina
/es/2011/01/new-for-2011-tastycupcakes-updated-and-expanded-vision/,/2011/01/new-for-2011-tastycupcakes-updated-and-expanded-vision/,301,vertaalde fallback
/es/2011/01/new-for-2011-tastycupcakes-updated-and-expanded-vision/feed/,/2011/01/new-for-2011-tastycupcakes-updated-and-expanded-vision/,301,attachmentpagina
/es/2011/01/your-turn-to-play-get-involved-with-tasty-cupcakes/,/2011/01/your-turn-to-play-get-involved-with-tasty-cupcakes/,301,vertaalde fallback
/es/2011/01/your-turn-to-play-get-involved-with-tasty-cupcakes/feed/,/2011/01/your-turn-to-play-get-involved-with-tasty-cupcakes/,301,attachmentpagina
/es/2011/02/agile-games-2011-early-bird-prices-end-feb-28th/,/2011/02/agile-games-2011-early-bird-prices-end-feb-28th/,301,vertaalde fallback
/es/2011/02/agile-games-2011-early-bird-prices-end-feb-28th/feed/,/2011/02/agile-games-2011-early-bird-prices-end-feb-28th/,301,attachmentpagina
/es/2011/02/tasty-cupcakes-now-in-three-languages/,/2011/02/tasty-cupcakes-now-in-three-languages/,301,vertaalde fallback
/es/2011/02/tasty-cupcakes-now-in-three-languages/feed/,/2011/02/tasty-cupcakes-now-in-three-languages/,301,attachmentpagina
/es/2011/03/bang-for-the-buck-prioritization/,/2011/03/bang-for-the-buck-prioritization/,301,vertaalde fallback
/es/2011/03/bang-for-the-buck-prioritization/feed/,/2011/03/bang-for-the-buck-prioritization/,301,attachmentpagina
/es/2011/04/coaching-skills-dojo/,/2011/04/coaching-skills-dojo/,301,vertaalde fallback
/es/2011/04/coaching-skills-dojo/feed/,/2011/04/coaching-skills-dojo/,301,attachmentpagina
/es/2011/04/dont-blow-it/,/2011/04/dont-blow-it/,301,vertaalde fallback
/es/2011/04/dont-blow-it/feed/,/2011/04/dont-blow-it/,301,attachmentpagina
/es/2011/04/non-musical-chairs/,/2011/04/non-musical-chairs/,301,vertaalde fallback
/es/2011/04/non-musical-chairs/comment-page-1/,/2011/04/non-musical-chairs/,301,attachmentpagina
/es/2011/04/non-musical-chairs/feed/,/2011/04/non-musical-chairs/,301,attachmentpagina
/es/2011/04/pair-chess-exercise/,/2011/04/pair-chess-exercise/,301,vertaalde fallback
/es/2011/04/pair-chess-exercise/feed/,/2011/04/pair-chess-exercise/,301,attachmentpagina
/es/2011/04/redesign-the-gift-giving-experience/,/2011/04/redesign-the-gift-giving-experience/,301,vertaalde fallback
/es/2011/04/redesign-the-gift-giving-experience/feed/,/2011/04/redesign-the-gift-giving-experience/,301,attachmentpagina
/es/2011/04/sustaining-agility/,/2011/04/sustaining-agility/,301,vertaalde fallback
/es/2011/04/sustaining-agility/feed/,/2011/04/sustaining-agility/,301,attachmentpagina
/es/2011/04/tastycupcakes-community-update/,/2011/04/tastycupcakes-community-update/,301,vertaalde fallback
/es/2011/04/tastycupcakes-community-update/feed/,/2011/04/tastycupcakes-community-update/,301,attachmentpagina
/es/2011/05/screencast-four-ways-to-search-for-games-on-tastycupcakes/,/2011/05/screencast-four-ways-to-search-for-games-on-tastycupcakes/,301,vertaalde fallback
/es/2011/05/screencast-four-ways-to-search-for-games-on-tastycupcakes/feed/,/2011/05/screencast-four-ways-to-search-for-games-on-tastycupcakes/,301,attachmentpagina
/es/2011/05/we-played-innovationgames-to-plan-tastycupcakes-org/,/2011/05/we-played-innovationgames-to-plan-tastycupcakes-org/,301,vertaalde fallback
/es/2011/05/we-played-innovationgames-to-plan-tastycupcakes-org/feed/,/2011/05/we-played-innovationgames-to-plan-tastycupcakes-org/,301,attachmentpagina
/es/2011/05/we-played-innovationgames-to-plan-tastycupcakes-org/tastygames-printme/,/2011/05/we-played-innovationgames-to-plan-tastycupcakes-org/,301,attachmentpagina
/es/2011/05/we-played-innovationgames-to-plan-tastycupcakes-org/tastygames-printme/feed/,/2011/05/we-played-innovationgames-to-plan-tastycupcakes-org/,301,attachmentpagina
/es/2011/06/cover-story-2/,/2011/06/cover-story-2/,301,vertaalde fallback
/es/2011/06/cover-story-2/feed/,/2011/06/cover-story-2/,301,attachmentpagina
/es/2011/06/empathy-map/,/2011/06/empathy-map/,301,vertaalde fallback
/es/2011/06/empathy-map/feed/,/2011/06/empathy-map/,301,attachmentpagina
/es/2011/06/online-plusdelta-game/,/2011/06/online-plusdelta-game/,301,vertaalde fallback
/es/2011/06/online-plusdelta-game/feed/,/2011/06/online-plusdelta-game/,301,attachmentpagina
/es/2011/06/prune-the-product-tree/,/2011/06/prune-the-product-tree/,301,vertaalde fallback
/es/2011/06/prune-the-product-tree/feed/,/2011/06/prune-the-product-tree/,301,attachmentpagina
/es/2011/06/rock-paper-scissors-happiness/,/2011/06/rock-paper-scissors-happiness/,301,vertaalde fallback
/es/2011/06/rock-paper-scissors-happiness/feed/,/2011/06/rock-paper-scissors-happiness/,301,attachmentpagina
/es/2011/06/speed-boat/,/2011/06/speed-boat/,301,vertaalde fallback
/es/2011/06/speed-boat/feed/,/2011/06/speed-boat/,301,attachmentpagina
/es/2011/06/the-whole-product-game/,/2011/06/the-whole-product-game/,301,vertaalde fallback
/es/2011/06/the-whole-product-game/feed/,/2011/06/the-whole-product-game/,301,attachmentpagina
/es/2011/07/actions-for-retrospectives-2/,/2011/07/actions-for-retrospectives-2/,301,vertaalde fallback
/es/2011/07/actions-for-retrospectives-2/feed/,/2011/07/actions-for-retrospectives-2/,301,attachmentpagina
/es/2011/07/agile-airplanes/,/2011/07/agile-airplanes/,301,vertaalde fallback
/es/2011/07/agile-airplanes/agile_airplane/,/2011/07/agile-airplanes/,301,attachmentpagina
/es/2011/07/agile-airplanes/agile_airplane/feed/,/2011/07/agile-airplanes/,301,attachmentpagina
/es/2011/07/agile-airplanes/comment-page-1/,/2011/07/agile-airplanes/,301,attachmentpagina
/es/2011/07/agile-airplanes/feed/,/2011/07/agile-airplanes/,301,attachmentpagina
/es/2011/07/agile-game-incubator-agile-games-2011/,/2011/07/agile-game-incubator-agile-games-2011/,301,vertaalde fallback
/es/2011/07/agile-game-incubator-agile-games-2011/feed/,/2011/07/agile-game-incubator-agile-games-2011/,301,attachmentpagina
/es/2011/07/agile-game-incubator-online/,/2011/07/agile-game-incubator-online/,301,vertaalde fallback
/es/2011/07/agile-game-incubator-online/feed/,/2011/07/agile-game-incubator-online/,301,attachmentpagina
/es/2011/07/dodontisisnt/,/2011/07/dodontisisnt/,301,vertaalde fallback
/es/2011/07/dodontisisnt/dodontisisnt/,/2011/07/dodontisisnt/,301,attachmentpagina
/es/2011/07/dodontisisnt/dodontisisnt/feed/,/2011/07/dodontisisnt/,301,attachmentpagina
/es/2011/07/dodontisisnt/feed/,/2011/07/dodontisisnt/,301,attachmentpagina
/es/2011/07/how-now-wow-matrix/,/2011/07/how-now-wow-matrix/,301,vertaalde fallback
/es/2011/07/how-now-wow-matrix/feed/,/2011/07/how-now-wow-matrix/,301,attachmentpagina
/es/2011/07/impact-effort-matrix/,/2011/07/impact-effort-matrix/,301,vertaalde fallback
/es/2011/07/impact-effort-matrix/feed/,/2011/07/impact-effort-matrix/,301,attachmentpagina
/es/2011/07/proscons-game/,/2011/07/proscons-game/,301,vertaalde fallback
/es/2011/07/proscons-game/feed/,/2011/07/proscons-game/,301,attachmentpagina
/es/2011/07/swot-analysis-game/,/2011/07/swot-analysis-game/,301,vertaalde fallback
/es/2011/07/swot-analysis-game/feed/,/2011/07/swot-analysis-game/,301,attachmentpagina
/es/2011/07/the-big-payoff/,/2011/07/the-big-payoff/,301,vertaalde fallback
/es/2011/07/the-big-payoff/feed/,/2011/07/the-big-payoff/,301,attachmentpagina
/es/2011/08/circles-and-soup/,/2011/08/circles-and-soup/,301,vertaalde fallback
/es/2011/08/circles-and-soup/comment-page-1/,/2011/08/circles-and-soup/,301,attachmentpagina
/es/2011/08/circles-and-soup/feed/,/2011/08/circles-and-soup/,301,attachmentpagina
/es/2011/08/learning-matrix/,/2011/08/learning-matrix/,301,vertaalde fallback
/es/2011/08/learning-matrix/feed/,/2011/08/learning-matrix/,301,attachmentpagina
/es/2011/08/merrill-covey-matrix/,/2011/08/merrill-covey-matrix/,301,vertaalde fallback
/es/2011/08/merrill-covey-matrix/feed/,/2011/08/merrill-covey-matrix/,301,attachmentpagina
/es/2011/08/zhong-zhi-a-one-handed-agile-game-for-illustrating-problems-and-finding-solutions/,/2011/08/zhong-zhi-a-one-handed-agile-game-for-illustrating-problems-and-finding-solutions/,301,vertaalde fallback
/es/2011/08/zhong-zhi-a-one-handed-agile-game-for-illustrating-problems-and-finding-solutions/feed/,/2011/08/zhong-zhi-a-one-handed-agile-game-for-illustrating-problems-and-finding-solutions/,301,attachmentpagina
/es/2011/10/continuous-integration-with-lego/,/2011/10/continuous-integration-with-lego/,301,vertaalde fallback
/es/2011/10/continuous-integration-with-lego/comment-page-1/,/2011/10/continuous-integration-with-lego/,301,attachmentpagina
/es/2011/10/continuous-integration-with-lego/feed/,/2011/10/continuous-integration-with-lego/,301,attachmentpagina
/es/2011/10/continuous-integration-with-lego/finished-cube-real-1/,/2011/10/continuous-integration-with-lego/,301,attachmentpagina
/es/2011/10/continuous-integration-with-lego/finished-cube-real-1/feed/,/2011/10/continuous-integration-with-lego/,301,attachmentpagina
/es/2011/10/continuous-integration-with-lego/finished-cube-real-2/,/2011/10/continuous-integration-with-lego/,301,attachmentpagina
/es/2011/10/continuous-integration-with-lego/finished-cube-real-2/feed/,/2011/10/continuous-integration-with-lego/,301,attachmentpagina
/es/2011/10/continuous-integration-with-lego/finished-cube-real-3/,/2011/10/continuous-integration-with-lego/,301,attachmentpagina
/es/2011/10/continuous-integration-with-lego/finished-cube-real-3/feed/,/2011/10/continuous-integration-with-lego/,301,attachmentpagina
/es/2011/10/continuous-integration-with-lego/finished-cube-real-4/,/2011/10/continuous-integration-with-lego/,301,attachmentpagina
/es/2011/10/continuous-integration-with-lego/finished-cube-real-4/feed/,/2011/10/continuous-integration-with-lego/,301,attachmentpagina
/es/2011/10/mitch-lacey-team-prioritization/,/2011/10/mitch-lacey-team-prioritization/,301,vertaalde fallback
/es/2011/10/mitch-lacey-team-prioritization/feed/,/2011/10/mitch-lacey-team-prioritization/,301,attachmentpagina
/es/2011/10/pairing-for-non-programmers/,/2011/10/pairing-for-non-programmers/,301,vertaalde fallback
/es/2011/10/pairing-for-non-programmers/comment-page-1/,/2011/10/pairing-for-non-programmers/,301,attachmentpagina
/es/2011/10/pairing-for-non-programmers/feed/,/2011/10/pairing-for-non-programmers/,301,attachmentpagina
/es/2011/11/human-knot/,/2011/11/human-knot/,301,vertaalde fallback
/es/2011/11/human-knot/feed/,/2011/11/human-knot/,301,attachmentpagina
/es/2011/12/circles-of-influence/,/2011/12/circles-of-influence/,301,vertaalde fallback
/es/2011/12/circles-of-influence/feed/,/2011/12/circles-of-influence/,301,attachmentpagina
/es/2011/12/values-driven-retrospective-game/,/2011/12/values-driven-retrospective-game/,301,vertaalde fallback
/es/2011/12/values-driven-retrospective-game/feed/,/2011/12/values-driven-retrospective-game/,301,attachmentpagina
/es/2012/01/agile-games-2012-call-for-games/,/2012/01/agile-games-2012-call-for-games/,301,vertaalde fallback
/es/2012/01/agile-games-2012-call-for-games/feed/,/2012/01/agile-games-2012-call-for-games/,301,attachmentpagina
/es/2012/02/is-it-ragu-or-bolognese/,/2012/02/is-it-ragu-or-bolognese/,301,vertaalde fallback
/es/2012/02/is-it-ragu-or-bolognese/feed/,/2012/02/is-it-ragu-or-bolognese/,301,attachmentpagina
/es/2012/02/multitasking-game-handsnumberssong/,/2012/02/multitasking-game-handsnumberssong/,301,vertaalde fallback
/es/2012/02/multitasking-game-handsnumberssong/feed/,/2012/02/multitasking-game-handsnumberssong/,301,attachmentpagina
/es/2012/02/nobodys-perfct/,/2012/02/nobodys-perfct/,301,vertaalde fallback
/es/2012/02/nobodys-perfct/feed/,/2012/02/nobodys-perfct/,301,attachmentpagina
/es/2012/02/you-sunk-my-methodology/,/2012/02/you-sunk-my-methodology/,301,vertaalde fallback
/es/2012/02/you-sunk-my-methodology/feed/,/2012/02/you-sunk-my-methodology/,301,attachmentpagina
/es/2012/03/fearless-journey-the-game-that-gets-your-team-unstuck/,/2012/03/fearless-journey-the-game-that-gets-your-team-unstuck/,301,vertaalde fallback
/es/2012/03/fearless-journey-the-game-that-gets-your-team-unstuck/feed/,/2012/03/fearless-journey-the-game-that-gets-your-team-unstuck/,301,attachmentpagina
/es/2012/03/job-or-joy/,/2012/03/job-or-joy/,301,vertaalde fallback
/es/2012/03/job-or-joy/feed/,/2012/03/job-or-joy/,301,attachmentpagina
/es/2012/03/one-word-storytelling/,/2012/03/one-word-storytelling/,301,vertaalde fallback
/es/2012/03/one-word-storytelling/comment-page-1/,/2012/03/one-word-storytelling/,301,attachmentpagina
/es/2012/03/one-word-storytelling/feed/,/2012/03/one-word-storytelling/,301,attachmentpagina
/es/2012/03/ouija-board-estimation/,/2012/03/ouija-board-estimation/,301,vertaalde fallback
/es/2012/03/ouija-board-estimation/comment-page-1/,/2012/03/ouija-board-estimation/,301,attachmentpagina
/es/2012/03/ouija-board-estimation/feed/,/2012/03/ouija-board-estimation/,301,attachmentpagina
/es/2012/04/scrum-simulation-with-lego-bricks/,/2012/04/scrum-simulation-with-lego-bricks/,301,vertaalde fallback
/es/2012/04/tasty-estimation/,/2012/04/tasty-estimation/,301,vertaalde fallback
/es/2012/04/tasty-estimation/feed/,/2012/04/tasty-estimation/,301,attachmentpagina
/es/2012/05/lean-startup-snowflakes/,/2012/05/lean-startup-snowflakes/,301,vertaalde fallback
/es/2012/05/lean-startup-snowflakes/comment-page-1/,/2012/05/lean-startup-snowflakes/,301,attachmentpagina
/es/2012/05/lean-startup-snowflakes/feed/,/2012/05/lean-startup-snowflakes/,301,attachmentpagina
/es/2012/05/ultimate-battle/,,410,vertaalde fallback zonder EN-origineel
/es/2012/05/ultimate-battle/feed/,,410,attachmentpagina zonder bestaande post
/es/2012/06/2-brains-tell-it-sell-it/,/2012/06/2-brains-tell-it-sell-it/,301,vertaalde fallback
/es/2012/06/2-brains-tell-it-sell-it/feed/,/2012/06/2-brains-tell-it-sell-it/,301,attachmentpagina
/es/2012/07/challenger-selling-model/,/2012/07/challenger-selling-model/,301,vertaalde fallback
/es/2012/07/challenger-selling-model/feed/,/2012/07/challenger-selling-model/,301,attachmentpagina
/es/2012/07/gone-fishing-game/,/2012/07/gone-fishing-game/,301,vertaalde fallback
/es/2012/07/gone-fishing-game/feed/,/2012/07/gone-fishing-game/,301,attachmentpagina
/es/2012/07/innovation-ambition-matrix/,/2012/07/innovation-ambition-matrix/,301,vertaalde fallback
/es/2012/07/innovation-ambition-matrix/feed/,/2012/07/innovation-ambition-matrix/,301,attachmentpagina
/es/2012/08/customer-centric/,/2012/08/customer-centric/,301,vertaalde fallback
/es/2012/08/die-card-die-the-interruption-game/,/2012/08/die-card-die-the-interruption-game/,301,vertaalde fallback
/es/2012/08/die-card-die-the-interruption-game/comment-page-1/,/2012/08/die-card-die-the-interruption-game/,301,attachmentpagina
/es/2012/08/die-card-die-the-interruption-game/die_card_die-2/,/2012/08/die-card-die-the-interruption-game/,301,attachmentpagina
/es/2012/08/die-card-die-the-interruption-game/die_card_die-2/feed/,/2012/08/die-card-die-the-interruption-game/,301,attachmentpagina
/es/2012/08/die-card-die-the-interruption-game/feed/,/2012/08/die-card-die-the-interruption-game/,301,attachmentpagina
/es/2012/08/innovation-generator/,/2012/08/innovation-generator/,301,vertaalde fallback
/es/2012/08/innovation-generator/feed/,/2012/08/innovation-generator/,301,attachmentpagina
/es/2012/08/kanban-tetris/,/2012/08/kanban-tetris/,301,vertaalde fallback
/es/2012/08/kanban-tetris/feed/,/2012/08/kanban-tetris/,301,attachmentpagina
/es/2012/08/safe-bold-framework/,/2012/08/safe-bold-framework/,301,vertaalde fallback
/es/2012/08/safe-bold-framework/feed/,/2012/08/safe-bold-framework/,301,attachmentpagina
/es/2012/08/wellbeing-north-star/,/2012/08/wellbeing-north-star/,301,vertaalde fallback
/es/2012/09/the-domino-effect/,/2012/09/the-domino-effect/,301,vertaalde fallback
/es/2012/09/the-domino-effect/feed/,/2012/09/the-domino-effect/,301,attachmentpagina
/es/2012/09/the-project-managers-nightmare/,/2012/09/the-project-managers-nightmare/,301,vertaalde fallback
/es/2012/09/the-project-managers-nightmare/feed/,/2012/09/the-project-managers-nightmare/,301,attachmentpagina
/es/2012/09/we-want-a-city-scrum-simulation-with-lego-extension/,/2012/09/we-want-a-city-scrum-simulation-with-lego-extension/,301,vertaalde fallback
/es/2012/09/we-want-a-city-scrum-simulation-with-lego-extension/feed/,/2012/09/we-want-a-city-scrum-simulation-with-lego-extension/,301,attachmentpagina
/es/2012/10/balloon-animals/,/2012/10/balloon-animals/,301,vertaalde fallback
/es/2012/10/balloon-animals/feed/,/2012/10/balloon-animals/,301,attachmentpagina
/es/2012/10/celebrity-prioritisation/,/2012/10/celebrity-prioritisation/,301,vertaalde fallback
/es/2012/10/celebrity-prioritisation/comment-page-1/,/2012/10/celebrity-prioritisation/,301,attachmentpagina
/es/2012/10/celebrity-prioritisation/feed/,/2012/10/celebrity-prioritisation/,301,attachmentpagina
/es/2012/10/destroy/,/2012/10/destroy/,301,vertaalde fallback
/es/2012/10/destroy/feed/,/2012/10/destroy/,301,attachmentpagina
/es/2012/10/first-letter-last-letter/,/2012/10/first-letter-last-letter/,301,vertaalde fallback
/es/2012/10/first-letter-last-letter/feed/,/2012/10/first-letter-last-letter/,301,attachmentpagina
/es/2012/10/free-market-prioritisation/,/2012/10/free-market-prioritisation/,301,vertaalde fallback
/es/2012/10/free-market-prioritisation/feed/,/2012/10/free-market-prioritisation/,301,attachmentpagina
/es/2012/10/intuitions/,/2012/10/intuitions/,301,vertaalde fallback
/es/2012/10/intuitions/feed/,/2012/10/intuitions/,301,attachmentpagina
/es/2012/10/movements-of-a-hypnotic-nature/,/2012/10/movements-of-a-hypnotic-nature/,301,vertaalde fallback
/es/2012/10/movements-of-a-hypnotic-nature/feed/,/2012/10/movements-of-a-hypnotic-nature/,301,attachmentpagina
/es/2012/10/musical-bells/,/2012/10/musical-bells/,301,vertaalde fallback
/es/2012/10/musical-bells/feed/,/2012/10/musical-bells/,301,attachmentpagina
/es/2012/10/once-upon-a-time-in-legoland/,/2012/10/once-upon-a-time-in-legoland/,301,vertaalde fallback
/es/2012/10/once-upon-a-time-in-legoland/feed/,/2012/10/once-upon-a-time-in-legoland/,301,attachmentpagina
/es/2012/10/story-spines/,/2012/10/story-spines/,301,vertaalde fallback
/es/2012/10/story-spines/feed/,/2012/10/story-spines/,301,attachmentpagina
/es/2012/10/swedish-stories/,/2012/10/swedish-stories/,301,vertaalde fallback
/es/2012/10/swedish-stories/feed/,/2012/10/swedish-stories/,301,attachmentpagina
/es/2012/10/the-blame-game/,/2012/10/the-blame-game/,301,vertaalde fallback
/es/2012/10/the-blame-game/feed/,/2012/10/the-blame-game/,301,attachmentpagina
/es/2012/10/the-sprint-limerick/,/2012/10/the-sprint-limerick/,301,vertaalde fallback
/es/2012/10/the-sprint-limerick/feed/,/2012/10/the-sprint-limerick/,301,attachmentpagina
/es/2012/10/the-sprint-mural/,/2012/10/the-sprint-mural/,301,vertaalde fallback
/es/2012/10/the-sprint-mural/feed/,/2012/10/the-sprint-mural/,301,attachmentpagina
/es/2012/10/thirty-five/,/2012/10/thirty-five/,301,vertaalde fallback
/es/2012/10/thirty-five/comment-page-1/,/2012/10/thirty-five/,301,attachmentpagina
/es/2012/10/thirty-five/feed/,/2012/10/thirty-five/,301,attachmentpagina
/es/2012/10/top-traits/,/2012/10/top-traits/,301,vertaalde fallback
/es/2012/10/top-traits/feed/,/2012/10/top-traits/,301,attachmentpagina
/es/2012/10/upside-downside/,/2012/10/upside-downside/,301,vertaalde fallback
/es/2012/10/upside-downside/feed/,/2012/10/upside-downside/,301,attachmentpagina
/es/2012/10/video-reframing/,/2012/10/video-reframing/,301,vertaalde fallback
/es/2012/10/video-reframing/feed/,/2012/10/video-reframing/,301,attachmentpagina
/es/2012/11/delight/,/2012/11/delight/,301,vertaalde fallback
/es/2012/11/delight/feed/,/2012/11/delight/,301,attachmentpagina
/es/2012/11/gift-box/,/2012/11/gift-box/,301,vertaalde fallback
/es/2012/11/gift-box/feed/,/2012/11/gift-box/,301,attachmentpagina
/es/2012/11/questions-only/,/2012/11/questions-only/,301,vertaalde fallback
/es/2012/11/questions-only/comment-page-1/,/2012/11/questions-only/,301,attachmentpagina
/es/2012/11/questions-only/feed/,/2012/11/questions-only/,301,attachmentpagina
/es/2012/11/tdd-test-driven-drawing/,/2012/11/tdd-test-driven-drawing/,301,vertaalde fallback
/es/2012/11/tdd-test-driven-drawing/2012-11-06-10-23-07/,/2012/11/tdd-test-driven-drawing/,301,attachmentpagina
/es/2012/11/tdd-test-driven-drawing/2012-11-06-10-23-07/feed/,/2012/11/tdd-test-driven-drawing/,301,attachmentpagina
/es/2012/11/tdd-test-driven-drawing/2012-11-06-10-23-14/,/2012/11/tdd-test-driven-drawing/,301,attachmentpagina
/es/2012/11/tdd-test-driven-drawing/2012-11-06-10-23-14/feed/,/2012/11/tdd-test-driven-drawing/,301,attachmentpagina
/es/2012/11/tdd-test-driven-drawing/2012-11-06-10-40-29/,/2012/11/tdd-test-driven-drawing/,301,attachmentpagina
/es/2012/11/tdd-test-driven-drawing/2012-11-06-10-40-29/feed/,/2012/11/tdd-test-driven-drawing/,301,attachmentpagina
/es/2012/11/tdd-test-driven-drawing/feed/,/2012/11/tdd-test-driven-drawing/,301,attachmentpagina
/es/2012/11/tdd-test-driven-drawing/screen-shot-2012-11-07-at-22-01-41/,/2012/11/tdd-test-driven-drawing/,301,attachmentpagina
/es/2012/11/three-headed-expert/,/2012/11/three-headed-expert/,301,vertaalde fallback
/es/2012/11/three-headed-expert/comment-page-1/,/2012/11/three-headed-expert/,301,attachmentpagina
/es/2012/11/three-headed-expert/feed/,/2012/11/three-headed-expert/,301,attachmentpagina
/es/2012/11/werewolf-facilitation/,/2012/11/werewolf-facilitation/,301,vertaalde fallback
/es/2012/11/werewolf-facilitation/feed/,/2012/11/werewolf-facilitation/,301,attachmentpagina
/es/2012/12/take-the-win-win-wave/,/2012/12/take-the-win-win-wave/,301,vertaalde fallback
/es/2012/12/take-the-win-win-wave/feed/,/2012/12/take-the-win-win-wave/,301,attachmentpagina
/es/2013/02/52-card-pickup/,/2013/02/52-card-pickup/,301,vertaalde fallback
/es/2013/02/52-card-pickup/feed/,/2013/02/52-card-pickup/,301,attachmentpagina
/es/2013/02/copycats-2/,/2013/02/copycats-2/,301,vertaalde fallback
/es/2013/02/copycats-2/feed/,/2013/02/copycats-2/,301,attachmentpagina
/es/2013/02/the-herculean-doughnut/,/2013/02/the-herculean-doughnut/,301,vertaalde fallback
/es/2013/02/the-herculean-doughnut/comment-page-1/,/2013/02/the-herculean-doughnut/,301,attachmentpagina
/es/2013/02/the-herculean-doughnut/feed/,/2013/02/the-herculean-doughnut/,301,attachmentpagina
/es/2013/03/8-monkeys-in-a-cage-–-a-mura-learning-game/,/2013/03/8-monkeys-in-a-cage-–-a-mura-learning-game/,301,vertaalde fallback
/es/2013/03/8-monkeys-in-a-cage-–-a-mura-learning-game/feed/,/2013/03/8-monkeys-in-a-cage-–-a-mura-learning-game/,301,attachmentpagina
/es/2013/03/play-doh-zoo-agile-ux-unleashed/,/2013/03/play-doh-zoo-agile-ux-unleashed/,301,vertaalde fallback
/es/2013/03/play-doh-zoo-agile-ux-unleashed/feed/,/2013/03/play-doh-zoo-agile-ux-unleashed/,301,attachmentpagina
/es/2013/03/the-high-risk-airplane-factory/feed/,/es/2013/03/the-high-risk-airplane-factory/,301,attachmentpagina
/es/2013/04/communication-race/,/2013/04/communication-race/,301,vertaalde fallback
/es/2013/04/communication-race/feed/,/2013/04/communication-race/,301,attachmentpagina
/es/2013/04/e-w-a-n-mcgregor/,/2013/04/e-w-a-n-mcgregor/,301,vertaalde fallback
/es/2013/04/e-w-a-n-mcgregor/feed/,/2013/04/e-w-a-n-mcgregor/,301,attachmentpagina
/es/2013/04/the-risk-is-in-the-blocks/,/2013/04/the-risk-is-in-the-blocks/,301,vertaalde fallback
/es/2013/04/the-risk-is-in-the-blocks/comment-page-1/,/2013/04/the-risk-is-in-the-blocks/,301,attachmentpagina
/es/2013/04/the-risk-is-in-the-blocks/feed/,/2013/04/the-risk-is-in-the-blocks/,301,attachmentpagina
/es/2013/05/the-penny-game/,/2013/05/the-penny-game/,301,vertaalde fallback
/es/2013/05/the-penny-game/comment-page-1/,/2013/05/the-penny-game/,301,attachmentpagina
/es/2013/05/the-penny-game/feed/,/2013/05/the-penny-game/,301,attachmentpagina
/es/2013/07/francais-99-ballons-de-test/,/2013/07/francais-99-ballons-de-test/,301,vertaalde fallback
/es/2013/07/francais-99-ballons-de-test/feed/,/2013/07/francais-99-ballons-de-test/,301,attachmentpagina
/es/2013/07/moodgraph/,/2013/07/moodgraph/,301,vertaalde fallback
/es/2013/07/moodgraph/feed/,/2013/07/moodgraph/,301,attachmentpagina
/es/2013/08/software-kanban-games/,/2013/08/software-kanban-games/,301,vertaalde fallback
/es/2013/08/software-kanban-games/event-cards/,/2013/08/software-kanban-games/,301,attachmentpagina
/es/2013/08/software-kanban-games/event-cards/feed/,/2013/08/software-kanban-games/,301,attachmentpagina
/es/2013/08/software-kanban-games/expedite-story-cards/,/2013/08/software-kanban-games/,301,attachmentpagina
/es/2013/08/software-kanban-games/expedite-story-cards/feed/,/2013/08/software-kanban-games/,301,attachmentpagina
/es/2013/08/software-kanban-games/feed/,/2013/08/software-kanban-games/,301,attachmentpagina
/es/2013/08/software-kanban-games/fixed-date-story-cards/,/2013/08/software-kanban-games/,301,attachmentpagina
/es/2013/08/software-kanban-games/fixed-date-story-cards/feed/,/2013/08/software-kanban-games/,301,attachmentpagina
/es/2013/08/software-kanban-games/standard-story-cards/,/2013/08/software-kanban-games/,301,attachmentpagina
/es/2013/08/software-kanban-games/standard-story-cards/feed/,/2013/08/software-kanban-games/,301,attachmentpagina
/es/2013/09/leadership-magic-trick/,/2013/09/leadership-magic-trick/,301,vertaalde fallback
/es/2013/09/leadership-magic-trick/feed/,/2013/09/leadership-magic-trick/,301,attachmentpagina
/es/2013/09/line-up/,/2013/09/line-up/,301,vertaalde fallback
/es/2013/09/line-up/feed/,/2013/09/line-up/,301,attachmentpagina
/es/2013/09/mind-reading/,/2013/09/mind-reading/,301,vertaalde fallback
/es/2013/09/mind-reading/comment-page-1/,/2013/09/mind-reading/,301,attachmentpagina
/es/2013/09/mind-reading/feed/,/2013/09/mind-reading/,301,attachmentpagina
/es/2013/09/mind-reading/mind-reader-game-elinor-slomba-with-independent-software-team/,/2013/09/mind-reading/,301,attachmentpagina
/es/2013/09/mind-reading/mind-reader-game-elinor-slomba-with-independent-software-team/feed/,/2013/09/mind-reading/,301,attachmentpagina
/es/2013/10/a-day-in-the-perfect-company-movie/,/2013/10/a-day-in-the-perfect-company-movie/,301,vertaalde fallback
/es/2013/10/a-day-in-the-perfect-company-movie/feed/,/2013/10/a-day-in-the-perfect-company-movie/,301,attachmentpagina
/es/2013/11/mobile-introspection-aka-opening-your-curatorial-eye/,/2013/11/mobile-introspection-aka-opening-your-curatorial-eye/,301,vertaalde fallback
/es/2013/11/mobile-introspection-aka-opening-your-curatorial-eye/feed/,/2013/11/mobile-introspection-aka-opening-your-curatorial-eye/,301,attachmentpagina
/es/2013/11/three-projects-three-experiments/,/2013/11/three-projects-three-experiments/,301,vertaalde fallback
/es/2013/11/three-projects-three-experiments/feed/,/2013/11/three-projects-three-experiments/,301,attachmentpagina
/es/2013/12/2014-san-jose-budget-games/,/2013/12/2014-san-jose-budget-games/,301,vertaalde fallback
/es/2013/12/2014-san-jose-budget-games/feed/,/2013/12/2014-san-jose-budget-games/,301,attachmentpagina
/es/2013/12/values-advocacy/,/2013/12/values-advocacy/,301,vertaalde fallback
/es/2013/12/values-advocacy/feed/,/2013/12/values-advocacy/,301,attachmentpagina
/es/2014/01/christmas-lucky-dip-game-with-a-twist-energise-your-christmas-party/,/2014/01/christmas-lucky-dip-game-with-a-twist-energise-your-christmas-party/,301,vertaalde fallback
/es/2014/01/christmas-lucky-dip-game-with-a-twist-energise-your-christmas-party/comment-page-1/,/2014/01/christmas-lucky-dip-game-with-a-twist-energise-your-christmas-party/,301,attachmentpagina
/es/2014/01/christmas-lucky-dip-game-with-a-twist-energise-your-christmas-party/feed/,/2014/01/christmas-lucky-dip-game-with-a-twist-energise-your-christmas-party/,301,attachmentpagina
/es/2014/01/scrum-roles-and-responsibilities-game/,/2014/01/scrum-roles-and-responsibilities-game/,301,vertaalde fallback
/es/2014/01/scrum-roles-and-responsibilities-game/comment-page-1/,/2014/01/scrum-roles-and-responsibilities-game/,301,attachmentpagina
/es/2014/01/scrum-roles-and-responsibilities-game/feed/,/2014/01/scrum-roles-and-responsibilities-game/,301,attachmentpagina
/es/2014/02/card-in-a-sealed-envelope/,/2014/02/card-in-a-sealed-envelope/,301,vertaalde fallback
/es/2014/02/card-in-a-sealed-envelope/feed/,/2014/02/card-in-a-sealed-envelope/,301,attachmentpagina
/es/2014/02/matching-values/,/2014/02/matching-values/,301,vertaalde fallback
/es/2014/02/matching-values/feed/,/2014/02/matching-values/,301,attachmentpagina
/es/2014/02/means-first-then-states/,/2014/02/means-first-then-states/,301,vertaalde fallback
/es/2014/02/means-first-then-states/feed/,/2014/02/means-first-then-states/,301,attachmentpagina
/es/2014/03/the-sandwich-retrospective/,/2014/03/the-sandwich-retrospective/,301,vertaalde fallback
/es/2014/03/the-sandwich-retrospective/feed/,/2014/03/the-sandwich-retrospective/,301,attachmentpagina
/es/2014/05/ball-flow-game/,/2014/05/ball-flow-game/,301,vertaalde fallback
/es/2014/05/ball-flow-game/feed/,/2014/05/ball-flow-game/,301,attachmentpagina
/es/2014/05/lego-flow-game/,/2014/05/lego-flow-game/,301,vertaalde fallback
/es/2014/05/lego-flow-game/feed/,/2014/05/lego-flow-game/,301,attachmentpagina
/es/2014/05/the-product-owner-role/,/2014/05/the-product-owner-role/,301,vertaalde fallback
/es/2014/05/the-product-owner-role/feed/,/2014/05/the-product-owner-role/,301,attachmentpagina
/es/2014/06/defining-done/,/2014/06/defining-done/,301,vertaalde fallback
/es/2014/06/defining-done/comment-page-1/,/2014/06/defining-done/,301,attachmentpagina
/es/2014/06/defining-done/feed/,/2014/06/defining-done/,301,attachmentpagina
/es/2014/06/epic-bedtime-story/,/2014/06/epic-bedtime-story/,301,vertaalde fallback
/es/2014/06/epic-bedtime-story/feed/,/2014/06/epic-bedtime-story/,301,attachmentpagina
/es/2014/06/the-rocket-retrospective/,/2014/06/the-rocket-retrospective/,301,vertaalde fallback
/es/2014/06/the-rocket-retrospective/comment-page-1/,/2014/06/the-rocket-retrospective/,301,attachmentpagina
/es/2014/06/the-rocket-retrospective/feed/,/2014/06/the-rocket-retrospective/,301,attachmentpagina
/es/2014/07/project-snapper-an-inception-value-realisation-game/,/2014/07/project-snapper-an-inception-value-realisation-game/,301,vertaalde fallback
/es/2014/07/project-snapper-an-inception-value-realisation-game/feed/,/2014/07/project-snapper-an-inception-value-realisation-game/,301,attachmentpagina
/es/2014/07/scrumheads-the-daily-scrum-game/,/2014/07/scrumheads-the-daily-scrum-game/,301,vertaalde fallback
/es/2014/07/scrumheads-the-daily-scrum-game/feed/,/2014/07/scrumheads-the-daily-scrum-game/,301,attachmentpagina
/es/2014/07/sudokuban-a-kanban-in-action-game-in-puzzles/,/2014/07/sudokuban-a-kanban-in-action-game-in-puzzles/,301,vertaalde fallback
/es/2014/07/sudokuban-a-kanban-in-action-game-in-puzzles/feed/,/2014/07/sudokuban-a-kanban-in-action-game-in-puzzles/,301,attachmentpagina
/es/2014/07/the-cultural-radars/,/2014/07/the-cultural-radars/,301,vertaalde fallback
/es/2014/07/the-cultural-radars/feed/,/2014/07/the-cultural-radars/,301,attachmentpagina
/es/2014/08/cynefin-with-the-team-drawer/,/2014/08/cynefin-with-the-team-drawer/,301,vertaalde fallback
/es/2014/08/cynefin-with-the-team-drawer/feed/,/2014/08/cynefin-with-the-team-drawer/,301,attachmentpagina
/es/2014/08/the-newlywed-game/,/2014/08/the-newlywed-game/,301,vertaalde fallback
/es/2014/08/the-newlywed-game/comment-page-1/,/2014/08/the-newlywed-game/,301,attachmentpagina
/es/2014/08/the-newlywed-game/feed/,/2014/08/the-newlywed-game/,301,attachmentpagina
/es/2014/09/new-kanban-simulation-game-featureban/,/2014/09/new-kanban-simulation-game-featureban/,301,vertaalde fallback
/es/2014/09/new-kanban-simulation-game-featureban/feed/,/2014/09/new-kanban-simulation-game-featureban/,301,attachmentpagina
/es/2014/09/the-estimation-quest/,/2014/09/the-estimation-quest/,301,vertaalde fallback
/es/2014/09/the-estimation-quest/feed/,/2014/09/the-estimation-quest/,301,attachmentpagina
/es/2014/10/fellowship-of-the-goal-gamify-the-cardwall/,/2014/10/fellowship-of-the-goal-gamify-the-cardwall/,301,vertaalde fallback
/es/2014/10/fellowship-of-the-goal-gamify-the-cardwall/feed/,/2014/10/fellowship-of-the-goal-gamify-the-cardwall/,301,attachmentpagina
/es/2014/10/team-responsibility-game/,/2014/10/team-responsibility-game/,301,vertaalde fallback
/es/2014/10/team-responsibility-game/comment-page-1/,/2014/10/team-responsibility-game/,301,attachmentpagina
/es/2014/10/team-responsibility-game/feed/,/2014/10/team-responsibility-game/,301,attachmentpagina
/es/2014/10/the-planning-quest/,/2014/10/the-planning-quest/,301,vertaalde fallback
/es/2014/10/the-planning-quest/feed/,/2014/10/the-planning-quest/,301,attachmentpagina
/es/2014/11/the-zmey-planning/,/2014/11/the-zmey-planning/,301,vertaalde fallback
/es/2014/11/the-zmey-planning/feed/,/2014/11/the-zmey-planning/,301,attachmentpagina
/es/2014/11/user-stories-vs-requirements/,/2014/11/user-stories-vs-requirements/,301,vertaalde fallback
/es/2014/11/user-stories-vs-requirements/comment-page-1/,/2014/11/user-stories-vs-requirements/,301,attachmentpagina
/es/2014/11/user-stories-vs-requirements/feed/,/2014/11/user-stories-vs-requirements/,301,attachmentpagina
/es/2014/12/team-trust-canvas/,/2014/12/team-trust-canvas/,301,vertaalde fallback
/es/2014/12/team-trust-canvas/feed/,/2014/12/team-trust-canvas/,301,attachmentpagina
/es/2014/12/team-trust-canvas/team-trust-canvas-eng/,/2014/12/team-trust-canvas/,301,attachmentpagina
/es/2014/12/team-trust-canvas/team-trust-canvas-eng/feed/,/2014/12/team-trust-canvas/,301,attachmentpagina
/es/2014/12/the-fatware-matrix/,/2014/12/the-fatware-matrix/,301,vertaalde fallback
/es/2014/12/the-fatware-matrix/feed/,/2014/12/the-fatware-matrix/,301,attachmentpagina
/es/2015/01/hold-the-ball-longer-stronger-together/,/2015/01/hold-the-ball-longer-stronger-together/,301,vertaalde fallback
/es/2015/01/hold-the-ball-longer-stronger-together/comment-page-1/,/2015/01/hold-the-ball-longer-stronger-together/,301,attachmentpagina
/es/2015/01/hold-the-ball-longer-stronger-together/feed/,/2015/01/hold-the-ball-longer-stronger-together/,301,attachmentpagina
/es/2015/01/hold-the-ball-longer-stronger-together/image-for-3-2-section/,/2015/01/hold-the-ball-longer-stronger-together/,301,attachmentpagina
/es/2015/01/hold-the-ball-longer-stronger-together/image-for-3-2-section/feed/,/2015/01/hold-the-ball-longer-stronger-together/,301,attachmentpagina
/es/2015/01/hold-the-ball-longer-stronger-together/image-for-5-2-section/,/2015/01/hold-the-ball-longer-stronger-together/,301,attachmentpagina
/es/2015/01/hold-the-ball-longer-stronger-together/image-for-5-2-section/feed/,/2015/01/hold-the-ball-longer-stronger-together/,301,attachmentpagina
/es/2015/01/hold-the-ball-longer-stronger-together/image-for-6-3-section/,/2015/01/hold-the-ball-longer-stronger-together/,301,attachmentpagina
/es/2015/01/hold-the-ball-longer-stronger-together/image-for-6-3-section/feed/,/2015/01/hold-the-ball-longer-stronger-together/,301,attachmentpagina
/es/2015/01/product-owner-challenge/,/2015/01/product-owner-challenge/,301,vertaalde fallback
/es/2015/01/product-owner-challenge/feed/,/2015/01/product-owner-challenge/,301,attachmentpagina
/es/2015/01/story-cube-time-line/,/2015/01/story-cube-time-line/,301,vertaalde fallback
/es/2015/01/story-cube-time-line/feed/,/2015/01/story-cube-time-line/,301,attachmentpagina
/es/2015/01/the-battle-of-the-retrospectives/,/2015/01/the-battle-of-the-retrospectives/,301,vertaalde fallback
/es/2015/01/the-battle-of-the-retrospectives/feed/,/2015/01/the-battle-of-the-retrospectives/,301,attachmentpagina
/es/2015/02/face-facts/,/2015/02/face-facts/,301,vertaalde fallback
/es/2015/02/face-facts/feed/,/2015/02/face-facts/,301,attachmentpagina
/es/2015/02/scrumble-an-agile-board-game/,/2015/02/scrumble-an-agile-board-game/,301,vertaalde fallback
/es/2015/02/the-workplace-equations/,/2015/02/the-workplace-equations/,301,vertaalde fallback
/es/2015/02/the-workplace-equations/feed/,/2015/02/the-workplace-equations/,301,attachmentpagina
/es/2015/02/video-scrum/,/2015/02/video-scrum/,301,vertaalde fallback
/es/2015/02/video-scrum/comment-page-1/,/2015/02/video-scrum/,301,attachmentpagina
/es/2015/02/video-scrum/feed/,/2015/02/video-scrum/,301,attachmentpagina
/es/2015/03/a-day-at-the-movies/,/2015/03/a-day-at-the-movies/,301,vertaalde fallback
/es/2015/03/a-day-at-the-movies/feed/,/2015/03/a-day-at-the-movies/,301,attachmentpagina
/es/2015/03/the-teamwork-oscars/,/2015/03/the-teamwork-oscars/,301,vertaalde fallback
/es/2015/03/the-teamwork-oscars/feed/,/2015/03/the-teamwork-oscars/,301,attachmentpagina
/es/2015/04/mytoy-agile-product-development-game/,/2015/04/mytoy-agile-product-development-game/,301,vertaalde fallback
/es/2015/04/mytoy-agile-product-development-game/feed/,/2015/04/mytoy-agile-product-development-game/,301,attachmentpagina
/es/2015/04/play4agile-north-america-sept-11-13-2015/,/2015/04/play4agile-north-america-sept-11-13-2015/,301,vertaalde fallback
/es/2015/04/play4agile-north-america-sept-11-13-2015/feed/,/2015/04/play4agile-north-america-sept-11-13-2015/,301,attachmentpagina
/es/2015/05/4729/,/2015/05/4729/,301,vertaalde fallback
/es/2015/05/4729/feed/,/2015/05/4729/,301,attachmentpagina
/es/2015/05/4729/telestrations-2/,/2015/05/4729/,301,attachmentpagina
/es/2015/05/4729/telestrations-2/feed/,/2015/05/4729/,301,attachmentpagina
/es/2015/05/agile-clock/,/2015/05/agile-clock/,301,vertaalde fallback
/es/2015/05/agile-clock/comment-page-1/,/2015/05/agile-clock/,301,attachmentpagina
/es/2015/05/agile-clock/feed/,/2015/05/agile-clock/,301,attachmentpagina
/es/2015/05/weekend-escape/,/2015/05/weekend-escape/,301,vertaalde fallback
/es/2015/05/weekend-escape/feed/,/2015/05/weekend-escape/,301,attachmentpagina
/es/2015/07/agile-scrum-framework-at-glance/,/2015/07/agile-scrum-framework-at-glance/,301,vertaalde fallback
/es/2015/07/agile-scrum-framework-at-glance/feed/,/2015/07/agile-scrum-framework-at-glance/,301,attachmentpagina
/es/2015/07/more-meaningful-stories/,/2015/07/more-meaningful-stories/,301,vertaalde fallback
/es/2015/07/more-meaningful-stories/comment-page-1/,/2015/07/more-meaningful-stories/,301,attachmentpagina
/es/2015/07/more-meaningful-stories/feed/,/2015/07/more-meaningful-stories/,301,attachmentpagina
/es/2015/07/penny-flow/,/2015/07/penny-flow/,301,vertaalde fallback
/es/2015/07/penny-flow/comment-page-1/,/2015/07/penny-flow/,301,attachmentpagina
/es/2015/07/penny-flow/feed/,/2015/07/penny-flow/,301,attachmentpagina
/es/2015/08/kanban-pizza-game/,/2015/08/kanban-pizza-game/,301,vertaalde fallback
/es/2015/08/one-word-retrospective-game/,/2015/08/one-word-retrospective-game/,301,vertaalde fallback
/es/2015/08/one-word-retrospective-game/comment-page-1/,/2015/08/one-word-retrospective-game/,301,attachmentpagina
/es/2015/08/one-word-retrospective-game/feed/,/2015/08/one-word-retrospective-game/,301,attachmentpagina
/es/2015/08/retrospective-darts/,/2015/08/retrospective-darts/,301,vertaalde fallback
/es/2015/08/retrospective-darts/feed/,/2015/08/retrospective-darts/,301,attachmentpagina
/es/2015/08/the-bicycle-game/,/2015/08/the-bicycle-game/,301,vertaalde fallback
/es/2015/08/the-bicycle-game/feed/,/2015/08/the-bicycle-game/,301,attachmentpagina
/es/2015/09/scrumgauntlet/,/2015/09/scrumgauntlet/,301,vertaalde fallback
/es/2015/09/scrumgauntlet/gauntletreqs/,/2015/09/scrumgauntlet/,301,attachmentpagina
/es/2015/09/scrumgauntlet/gauntletreqs/feed/,/2015/09/scrumgauntlet/,301,attachmentpagina
/es/2015/09/scrumgauntlet/positioning-2/,/2015/09/scrumgauntlet/,301,attachmentpagina
/es/2015/09/scrumgauntlet/positioning-2/feed/,/2015/09/scrumgauntlet/,301,attachmentpagina
/es/2015/09/scrumgauntlet/todototest/,/2015/09/scrumgauntlet/,301,attachmentpagina
/es/2015/09/scrumgauntlet/todototest/feed/,/2015/09/scrumgauntlet/,301,attachmentpagina
/es/2015/09/spreadsheet-craftsmanship/,/2015/09/spreadsheet-craftsmanship/,301,vertaalde fallback
/es/2015/10/4-ls/,/2015/10/4-ls/,301,vertaalde fallback
/es/2015/10/4-ls/4ls/,/2015/10/4-ls/,301,attachmentpagina
/es/2015/10/4-ls/feed/,/2015/10/4-ls/,301,attachmentpagina
/es/2015/10/jargonbust/,/2015/10/jargonbust/,301,vertaalde fallback
/es/2015/10/jargonbust/feed/,/2015/10/jargonbust/,301,attachmentpagina
/es/2015/11/silent-collaboration/,/2015/11/silent-collaboration/,301,vertaalde fallback
/es/2015/11/silent-collaboration/feed/,/2015/11/silent-collaboration/,301,attachmentpagina
/es/2015/12/this-sprint-future-o-spective-with-santa-claus/,/2015/12/this-sprint-future-o-spective-with-santa-claus/,301,vertaalde fallback
/es/2015/12/this-sprint-future-o-spective-with-santa-claus/feed/,/2015/12/this-sprint-future-o-spective-with-santa-claus/,301,attachmentpagina
/es/2015/12/this-sprint-future-o-spective-with-santa-claus/wp_20151216_003/,/2015/12/this-sprint-future-o-spective-with-santa-claus/,301,attachmentpagina
/es/2016/01/daily-stand-up-simulation/,/2016/01/daily-stand-up-simulation/,301,vertaalde fallback
/es/2016/01/daily-stand-up-simulation/comment-page-1/,/2016/01/daily-stand-up-simulation/,301,attachmentpagina
/es/2016/01/daily-stand-up-simulation/feed/,/2016/01/daily-stand-up-simulation/,301,attachmentpagina
/es/2016/01/hitting-the-target-business-value-in-mission-focused-organizations/,/2016/01/hitting-the-target-business-value-in-mission-focused-organizations/,301,vertaalde fallback
/es/2016/01/hitting-the-target-business-value-in-mission-focused-organizations/feed/,/2016/01/hitting-the-target-business-value-in-mission-focused-organizations/,301,attachmentpagina
/es/2016/01/the-job-title-game/,/2016/01/the-job-title-game/,301,vertaalde fallback
/es/2016/01/the-job-title-game/feed/,/2016/01/the-job-title-game/,301,attachmentpagina
/es/2016/02/iterative-incremental-big-bang-2/,/2016/02/iterative-incremental-big-bang-2/,301,vertaalde fallback
/es/2016/02/iterative-incremental-big-bang-2/comment-page-1/,/2016/02/iterative-incremental-big-bang-2/,301,attachmentpagina
/es/2016/02/iterative-incremental-big-bang-2/feed/,/2016/02/iterative-incremental-big-bang-2/,301,attachmentpagina
/es/2016/02/the-misemotions-game/,/2016/02/the-misemotions-game/,301,vertaalde fallback
/es/2016/02/the-misemotions-game/feed/,/2016/02/the-misemotions-game/,301,attachmentpagina
/es/2016/02/the-roast/,/2016/02/the-roast/,301,vertaalde fallback
/es/2016/02/the-roast/feed/,/2016/02/the-roast/,301,attachmentpagina
/es/2016/02/try-or-die-the-x-periment/,/2016/02/try-or-die-the-x-periment/,301,vertaalde fallback
/es/2016/02/try-or-die-the-x-periment/comment-page-1/,/2016/02/try-or-die-the-x-periment/,301,attachmentpagina
/es/2016/02/try-or-die-the-x-periment/feed/,/2016/02/try-or-die-the-x-periment/,301,attachmentpagina
/es/2016/03/agile-jenga-testing-game/,/2016/03/agile-jenga-testing-game/,301,vertaalde fallback
/es/2016/03/agile-jenga-testing-game/feed/,/2016/03/agile-jenga-testing-game/,301,attachmentpagina
/es/2016/04/play4agile-north-america-2016-sept-9-11/,/2016/04/play4agile-north-america-2016-sept-9-11/,301,vertaalde fallback
/es/2016/04/play4agile-north-america-2016-sept-9-11/feed/,/2016/04/play4agile-north-america-2016-sept-9-11/,301,attachmentpagina
/es/2016/05/5668/,/2016/05/5668/,301,vertaalde fallback
/es/2016/05/5668/comment-page-1/,/2016/05/5668/,301,attachmentpagina
/es/2016/05/5668/feed/,/2016/05/5668/,301,attachmentpagina
/es/2016/05/n-listen/,/2016/05/n-listen/,301,vertaalde fallback
/es/2016/05/n-listen/feed/,/2016/05/n-listen/,301,attachmentpagina
/es/2016/05/personal-space-workshop/,/2016/05/personal-space-workshop/,301,vertaalde fallback
/es/2016/05/personal-space-workshop/feed/,/2016/05/personal-space-workshop/,301,attachmentpagina
/es/2016/05/throw-the-cat-and-other-objects/,/2016/05/throw-the-cat-and-other-objects/,301,vertaalde fallback
/es/2016/05/throw-the-cat-and-other-objects/feed/,/2016/05/throw-the-cat-and-other-objects/,301,attachmentpagina
/es/2016/06/first-things-first/,/2016/06/first-things-first/,301,vertaalde fallback
/es/2016/06/first-things-first/feed/,/2016/06/first-things-first/,301,attachmentpagina
/es/2016/06/judgement-juggler/,/2016/06/judgement-juggler/,301,vertaalde fallback
/es/2016/06/judgement-juggler/comment-page-1/,/2016/06/judgement-juggler/,301,attachmentpagina
/es/2016/06/judgement-juggler/feed/,/2016/06/judgement-juggler/,301,attachmentpagina
/es/2016/06/paint-the-story-point/,/2016/06/paint-the-story-point/,301,vertaalde fallback
/es/2016/06/paint-the-story-point/comment-page-1/,/2016/06/paint-the-story-point/,301,attachmentpagina
/es/2016/06/paint-the-story-point/feed/,/2016/06/paint-the-story-point/,301,attachmentpagina
/es/2016/06/scrum-card-game/,/2016/06/scrum-card-game/,301,vertaalde fallback
/es/2016/06/scrum-values-roles-card-game/,/2016/06/scrum-values-roles-card-game/,301,vertaalde fallback
/es/2016/06/scrum-values-roles-card-game/cardset/,/2016/06/scrum-values-roles-card-game/,301,attachmentpagina
/es/2016/06/scrum-values-roles-card-game/comment-page-1/,/2016/06/scrum-values-roles-card-game/,301,attachmentpagina
/es/2016/06/the-agile-mindset-workshop/,/2016/06/the-agile-mindset-workshop/,301,vertaalde fallback
/es/2016/06/the-agile-mindset-workshop/feed/,/2016/06/the-agile-mindset-workshop/,301,attachmentpagina
/es/2016/07/nexus-zoo-a-scaling-simulator/,/2016/07/nexus-zoo-a-scaling-simulator/,301,vertaalde fallback
/es/2016/07/nexus-zoo-a-scaling-simulator/feed/,/2016/07/nexus-zoo-a-scaling-simulator/,301,attachmentpagina
/es/2016/07/nexus-zoo-a-scaling-simulator/nexuszoo/,/2016/07/nexus-zoo-a-scaling-simulator/,301,attachmentpagina
/es/2016/07/scrum-simulation-with-minecraft/,/2016/07/scrum-simulation-with-minecraft/,301,vertaalde fallback
/es/2016/08/pitfalls-possibilities/,/2016/08/pitfalls-possibilities/,301,vertaalde fallback
/es/2016/08/pitfalls-possibilities/feed/,/2016/08/pitfalls-possibilities/,301,attachmentpagina
/es/2016/08/story-cubes-retrospective/,/2016/08/story-cubes-retrospective/,301,vertaalde fallback
/es/2016/08/story-cubes-retrospective/feed/,/2016/08/story-cubes-retrospective/,301,attachmentpagina
/es/2016/09/to-plan-or-not-to-plan/,/2016/09/to-plan-or-not-to-plan/,301,vertaalde fallback
/es/2016/09/to-plan-or-not-to-plan/comment-page-1/,/2016/09/to-plan-or-not-to-plan/,301,attachmentpagina
/es/2016/09/to-plan-or-not-to-plan/feed/,/2016/09/to-plan-or-not-to-plan/,301,attachmentpagina
/es/2016/10/the-coffee-game/,/2016/10/the-coffee-game/,301,vertaalde fallback
/es/2016/10/the-coffee-game/feed/,/2016/10/the-coffee-game/,301,attachmentpagina
/es/2016/12/lego-team-building/,/2016/12/lego-team-building/,301,vertaalde fallback
/es/2016/12/lego-team-building/feed/,/2016/12/lego-team-building/,301,attachmentpagina
/es/2017/01/francais-jeu-des-roles-et-des-responsabilites-de-scrum/,/2017/01/francais-jeu-des-roles-et-des-responsabilites-de-scrum/,301,vertaalde fallback
/es/2017/01/francais-jeu-des-roles-et-des-responsabilites-de-scrum/feed/,/2017/01/francais-jeu-des-roles-et-des-responsabilites-de-scrum/,301,attachmentpagina
/es/2017/02/cards-against-agility/,/2017/02/cards-against-agility/,301,vertaalde fallback
/es/2017/02/cards-against-agility/comment-page-1/,/2017/02/cards-against-agility/,301,attachmentpagina
/es/2017/02/cards-against-agility/feed/,/2017/02/cards-against-agility/,301,attachmentpagina
/es/2017/02/failure-memory-game/,/2017/02/failure-memory-game/,301,vertaalde fallback
/es/2017/02/failure-memory-game/cc-sa4-0-2/,/2017/02/failure-memory-game/,301,attachmentpagina
/es/2017/02/simplicity-in-lego-technical-practices/,/2017/02/simplicity-in-lego-technical-practices/,301,vertaalde fallback
/es/2017/03/x-matrix-jigsaw-puzzle/,/2017/03/x-matrix-jigsaw-puzzle/,301,vertaalde fallback
/es/2017/03/x-matrix-jigsaw-puzzle/feed/,/2017/03/x-matrix-jigsaw-puzzle/,301,attachmentpagina
/es/2017/04/company-profile/,/2017/04/company-profile/,301,vertaalde fallback
/es/2017/04/company-profile/feed/,/2017/04/company-profile/,301,attachmentpagina
/es/2017/04/the-lean-star-game/,/2017/04/the-lean-star-game/,301,vertaalde fallback
/es/2017/04/the-lean-star-game/comment-page-1/,/2017/04/the-lean-star-game/,301,attachmentpagina
/es/2017/04/the-lean-star-game/feed/,/2017/04/the-lean-star-game/,301,attachmentpagina
/es/2017/04/the-lean-star-game/star-connect-2/,/2017/04/the-lean-star-game/,301,attachmentpagina
/es/2017/05/gameception-–-the-team-game-that-creates-itself/,/2017/05/gameception-–-the-team-game-that-creates-itself/,301,vertaalde fallback
/es/2017/05/gameception-–-the-team-game-that-creates-itself/feed/,/2017/05/gameception-–-the-team-game-that-creates-itself/,301,attachmentpagina
/es/2017/05/may-the-4th-force-be-with-you-retrospective/,/2017/05/may-the-4th-force-be-with-you-retrospective/,301,vertaalde fallback
/es/2017/05/may-the-4th-force-be-with-you-retrospective/feed/,/2017/05/may-the-4th-force-be-with-you-retrospective/,301,attachmentpagina
/es/2017/05/scrum-events-cycle/,/2017/05/scrum-events-cycle/,301,vertaalde fallback
/es/2017/05/scrum-events-cycle/feed/,/2017/05/scrum-events-cycle/,301,attachmentpagina
/es/2017/06/lets-take-a-journey-retrospective/,/2017/06/lets-take-a-journey-retrospective/,301,vertaalde fallback
/es/2017/06/the-kanban-silly-tasks-game/,/2017/06/the-kanban-silly-tasks-game/,301,vertaalde fallback
/es/2017/06/the-league-of-extraordinarily-shortsighted-agile-superleaders-retrospective/,/2017/06/the-league-of-extraordinarily-shortsighted-agile-superleaders-retrospective/,301,vertaalde fallback
/es/2017/07/decoration-kanban/,/2017/07/decoration-kanban/,301,vertaalde fallback
/es/2017/07/time-tree-fertilizer-retro/,/2017/07/time-tree-fertilizer-retro/,301,vertaalde fallback
/es/2017/07/time-tree-fertilizer-retro/comment-page-1/,/2017/07/time-tree-fertilizer-retro/,301,attachmentpagina
/es/2017/07/time-tree-fertilizer-retro/feed/,/2017/07/time-tree-fertilizer-retro/,301,attachmentpagina
/es/2017/09/cardunit-a-unit-testing-simulation/,/2017/09/cardunit-a-unit-testing-simulation/,301,vertaalde fallback
/es/2017/09/positive-change-canvas/,/2017/09/positive-change-canvas/,301,vertaalde fallback
/es/2017/09/positive-change-canvas/feed/,/2017/09/positive-change-canvas/,301,attachmentpagina
/es/2017/09/the-large-scale-scrum-less-dynamics-game/,/2017/09/the-large-scale-scrum-less-dynamics-game/,301,vertaalde fallback
/es/2017/10/deep-dive-into-kanban-essentials-using-donut-making/,/2017/10/deep-dive-into-kanban-essentials-using-donut-making/,301,vertaalde fallback
/es/2017/10/sinking-islands/,/2017/10/sinking-islands/,301,vertaalde fallback
/es/2017/10/the-core-beliefs-of-waterfall-agile-and-lean/,/2017/10/the-core-beliefs-of-waterfall-agile-and-lean/,301,vertaalde fallback
/es/2017/10/the-core-beliefs-of-waterfall-agile-and-lean/comment-page-1/,/2017/10/the-core-beliefs-of-waterfall-agile-and-lean/,301,attachmentpagina
/es/2017/10/the-core-beliefs-of-waterfall-agile-and-lean/feed/,/2017/10/the-core-beliefs-of-waterfall-agile-and-lean/,301,attachmentpagina
/es/2017/12/core-scrum-game/,/2017/12/core-scrum-game/,301,vertaalde fallback
/es/2018/01/the-fast-and-the-furious-and-other-fs-retrospective-activity/,/2018/01/the-fast-and-the-furious-and-other-fs-retrospective-activity/,301,vertaalde fallback
/es/2018/02/kitchen-prioritization/,/2018/02/kitchen-prioritization/,301,vertaalde fallback
/es/2018/03/dice-of-debt/,/2018/03/dice-of-debt/,301,vertaalde fallback
/es/2018/04/pass-the-perfection/,/2018/04/pass-the-perfection/,301,vertaalde fallback
/es/2018/05/sprint-simulation-scrum-practice-game/,/2018/05/sprint-simulation-scrum-practice-game/,301,vertaalde fallback
/es/2018/06/sequence-an-agile-integration-game/,/2018/06/sequence-an-agile-integration-game/,301,vertaalde fallback
/es/2018/07/a-non-it-scrum-simulation-game-learn-scrum-and-self-organizing-through-a-game/,/2018/07/a-non-it-scrum-simulation-game-learn-scrum-and-self-organizing-through-a-game/,301,vertaalde fallback
/es/2018/07/a-non-it-scrum-simulation-game-learn-scrum-and-self-organizing-through-a-game/feed/,/2018/07/a-non-it-scrum-simulation-game-learn-scrum-and-self-organizing-through-a-game/,301,attachmentpagina
/es/2018/07/check-your-mindset/,/2018/07/check-your-mindset/,301,vertaalde fallback
/es/2018/07/check-your-mindset/feed/,/2018/07/check-your-mindset/,301,attachmentpagina
/es/2018/07/the-feedback-game/,/2018/07/the-feedback-game/,301,vertaalde fallback
/es/2018/07/the-feedback-game/feed/,/2018/07/the-feedback-game/,301,attachmentpagina
/es/2018/08/the-matchup-canvas/,/2018/08/the-matchup-canvas/,301,vertaalde fallback
/es/2018/08/the-spark-engine/,/2018/08/the-spark-engine/,301,vertaalde fallback
/es/2018/08/the-spark-engine/comment-page-1/,/2018/08/the-spark-engine/,301,attachmentpagina
/es/2018/08/the-spark-engine/feed/,/2018/08/the-spark-engine/,301,attachmentpagina
/es/2018/09/heart-of-agile-psychic-handshake/,/2018/09/heart-of-agile-psychic-handshake/,301,vertaalde fallback
/es/2018/11/core-less-game/,/2018/11/core-less-game/,301,vertaalde fallback
/es/2018/12/valuable-paper-airplanes/,/2018/12/valuable-paper-airplanes/,301,vertaalde fallback
/es/2019/01/witches-cooking-reunion/,/2019/01/witches-cooking-reunion/,301,vertaalde fallback
/es/author/4agile/,/author/4agile-pl/,301,auteurarchief in andere taal
/es/author/aaturuit-com/,/author/uruit-agile-adoption-team/,301,auteurarchief in andere taal
/es/author/abi-bellgmail-com/,/author/abi-bellamkonda/,301,auteurarchief in andere taal
/es/author/about/,,410,auteurarchief zonder gemigreerd record
/es/author/admin/,/author/michael-mccullough/,301,auteurarchief in andere taal
/es/author/agiledoodgmail-com/,/author/jason-little/,301,auteurarchief in andere taal
/es/author/agileinitiativesgmail-com/,/author/gretchen-knode/,301,auteurarchief in andere taal
/es/author/agileschoolsgmail-com/,/author/john-miller/,301,auteurarchief in andere taal
/es/author/agilityteamduo-nl/,/author/duo-agilityteam/,301,auteurarchief in andere taal
/es/author/agillero/,/author/agillero/,301,auteurarchief in andere taal
/es/author/agiludic/,/author/olaf-bublitz/,301,auteurarchief in andere taal
/es/author/ahilesblueyonder-co-uk/,/author/andy-hiles/,301,auteurarchief in andere taal
/es/author/aleem-khan360pmo-com/,/author/aleem-khan/,301,auteurarchief in andere taal
/es/author/alexb/,/author/alex-boutin/,301,auteurarchief in andere taal
/es/author/alexey-pikulevagiletech-ru/,/author/alexey-pikulev/,301,auteurarchief in andere taal
/es/author/alexeykrivitskygmail-com/,/author/alexey-krivitsky/,301,auteurarchief in andere taal
/es/author/amr-noamangmail-com/,/author/amr-noaman/,301,auteurarchief in andere taal
/es/author/andrewjcharltonhotmail-com/,/author/andrew-charlton/,301,auteurarchief in andere taal
/es/author/andrewruslinghotmail-com/,/author/andrew-rusling/,301,auteurarchief in andere taal
/es/author/anukhendry/,/author/anukhendry/,301,auteurarchief in andere taal
/es/author/artsintersticesgmail-com/,/author/elinor-slomba/,301,auteurarchief in andere taal
/es/author/attarian-samangmail-com/,/author/saman-attarian/,301,auteurarchief in andere taal
/es/author/b-scharlauabdn-ac-uk/,/author/b-scharlau-abdn-ac-uk/,301,auteurarchief in andere taal
/es/author/belindabeingagile-co-uk/,/author/belinda-waldock/,301,auteurarchief in andere taal
/es/author/bencarey/,/author/ben-carey/,301,auteurarchief in andere taal
/es/author/blakesoulofscrum-com/,/author/blake-mcmillan/,301,auteurarchief in andere taal
/es/author/brunot-nicolasgmail-com/,/author/nicolas-brunot/,301,auteurarchief in andere taal
/es/author/bryan_foleyatt-net/,/author/bryan-f/,301,auteurarchief in andere taal
/es/author/carolina-gorositogmail-com/,/author/carolina-gorosito/,301,auteurarchief in andere taal
/es/author/cesarioagilix-nl/,/author/cesario-ramos/,301,auteurarchief in andere taal
/es/author/cetidata-pl/,/author/adam-cetnerowski/,301,auteurarchief in andere taal
/es/author/chrisdeniaud-eu/,/author/chris-deniaud/,301,auteurarchief in andere taal
/es/author/colleen-esposito/,/author/colleen-esposito/,301,auteurarchief in andere taal
/es/author/craig-browncraigwbrown-net/,,410,auteurarchief zonder gemigreerd record
/es/author/craigstrongandagile-co-uk/,/author/craig-strong/,301,auteurarchief in andere taal
/es/author/cramtirolf/,/author/marc-florit/,301,auteurarchief in andere taal
/es/author/d-andre-dhondtgmail-com/,/author/andre-dhondt/,301,auteurarchief in andere taal
/es/author/daamonpgmail-com/,/author/daamon-parker/,301,auteurarchief in andere taal
/es/author/danginngmail-com/,/author/dan-ginn/,301,auteurarchief in andere taal
/es/author/david_kanehouseofyin-com/,/author/david-kane/,301,auteurarchief in andere taal
/es/author/davidscrumandkanban-co-uk/,/author/david-lowe/,301,auteurarchief in andere taal
/es/author/ddwebgate-ltd-uk/,/author/derek-davidson/,301,auteurarchief in andere taal
/es/author/debashis2507/,/author/debashis2507/,301,auteurarchief in andere taal
/es/author/debdeborahpreuss-com/,/author/deborah-hartmann-preuss/,301,auteurarchief in andere taal
/es/author/deepakjsfwltd-co-uk/,/author/deepak-joshi/,301,auteurarchief in andere taal
/es/author/dennis-somervillegmail-com/,/author/dennis-somerville/,301,auteurarchief in andere taal
/es/author/dinamaria/,/author/dinamaria/,301,auteurarchief in andere taal
/es/author/dkoontz/,/author/david-koontz/,301,auteurarchief in andere taal
/es/author/docanotherthought-com/,/author/doc-list/,301,auteurarchief in andere taal
/es/author/don/,/author/don-mcgreal/,301,auteurarchief in andere taal
/es/author/doug-husovskygmail-com/,/author/doug-husovsky/,301,auteurarchief in andere taal
/es/author/dpylayevagmail-com/,/author/dana-pylayeva/,301,auteurarchief in andere taal
/es/author/dschilli/,/author/dschilli/,301,auteurarchief in andere taal
/es/author/edbruingmail-com/,/author/e-bruin/,301,auteurarchief in andere taal
/es/author/egrove/,/author/ellen-grove/,301,auteurarchief in andere taal
/es/author/ellenebgconsulting-com/,/author/ellen-gottesdiener/,301,auteurarchief in andere taal
/es/author/eloise-pelsergmail-com/,/author/eloise-pelser/,301,auteurarchief in andere taal
/es/author/embedded-agility/,/author/embedded-agility/,301,auteurarchief in andere taal
/es/author/emel-siegeloutlook-com/,/author/emel-siegel/,301,auteurarchief in andere taal
/es/author/erichbuhlerhotmail-com/,/author/erich-buhler/,301,auteurarchief in andere taal
/es/author/erwinkoogh-com/,/author/erwin-van-der-koogh/,301,auteurarchief in andere taal
/es/author/eylul-c/,/author/eylul-c/,301,auteurarchief in andere taal
/es/author/fabrice-aimettigmail-com/,/author/fabrice-aimetti/,301,auteurarchief in andere taal
/es/author/fancydevgmail-com/,/author/illya-pavlichenko/,301,auteurarchief in andere taal
/es/author/fredrikwendt-se/,/author/fredrik-wendt/,301,auteurarchief in andere taal
/es/author/gameover/,/author/gameover/,301,auteurarchief in andere taal
/es/author/geoffwatts/,/author/geoff-watts/,301,auteurarchief in andere taal
/es/author/gregory-alexandregoood-pro/,/author/gregory-alexandre/,301,auteurarchief in andere taal
/es/author/haritochka2-com/,/author/haralambi-haralambiev/,301,auteurarchief in andere taal
/es/author/heitor/,/author/heitor-filho/,301,auteurarchief in andere taal
/es/author/hgjpennartzyahoo-com/,/author/rik-pennartz/,301,auteurarchief in andere taal
/es/author/hugo-emondgmail-com/,/author/hugo-emond/,301,auteurarchief in andere taal
/es/author/infojesusmendez-ca/,/author/jesus-mendez/,301,auteurarchief in andere taal
/es/author/ivo-peksensgmail-com/,/author/ivo-peksens/,301,auteurarchief in andere taal
/es/author/jaap-dekkingagmail-com/,/author/jaap-dekkinga/,301,auteurarchief in andere taal
/es/author/jameshurricanefour-com/,/author/james-scrimshire/,301,auteurarchief in andere taal
/es/author/jason-hallcgmail-com/,/author/jason-hall/,301,auteurarchief in andere taal
/es/author/jason-t-knightgmail-com/,/author/jason-knight/,301,auteurarchief in andere taal
/es/author/javamvgmail-com/,/author/slava-moskalenko/,301,auteurarchief in andere taal
/es/author/jeremy-willetsonbase-com/,/author/jeremy-willets/,301,auteurarchief in andere taal
/es/author/joerim/,/author/joerim/,301,auteurarchief in andere taal
/es/author/johng/,/author/johng/,301,auteurarchief in andere taal
/es/author/jonathanbitwix-com/,/author/jonathan-clarke/,301,auteurarchief in andere taal
/es/author/jonnorthernshoreconsulting-co-uk/,/author/jon-mcnestrie/,301,auteurarchief in andere taal
/es/author/jose-manuel-ilinchetagmail-com/,/author/manuel-ilincheta/,301,auteurarchief in andere taal
/es/author/julio-augustogmail-com/,/author/julio-oliveira/,301,auteurarchief in andere taal
/es/author/karen-favazza-spencer/,/author/karen-favazza-spencer/,301,auteurarchief in andere taal
/es/author/karlscotland/,/author/karl-scotland/,301,auteurarchief in andere taal
/es/author/kbartlettvistaprint-com/,/author/kimberly-bartlett/,301,auteurarchief in andere taal
/es/author/kenhoward01gmail-com/,/author/kenhoward01-gmail-com/,301,auteurarchief in andere taal
/es/author/kfeltu/,/author/kfeltu/,301,auteurarchief in andere taal
/es/author/kingdaddy8gmail-com/,/author/tom-grant/,301,auteurarchief in andere taal
/es/author/kosciejewgmail-com/,/author/jeff-kosciejew/,301,auteurarchief in andere taal
/es/author/kruse-ralfgooglemail-com/,/author/ralf-kruse/,301,auteurarchief in andere taal
/es/author/laisanaome/,/author/laisanaome/,301,auteurarchief in andere taal
/es/author/lmadhavigmail-com/,/author/ledalla-madhavi/,301,auteurarchief in andere taal
/es/author/lthomasburrislogistics-com/,/author/lauren-thomas/,301,auteurarchief in andere taal
/es/author/luke-hohmann/,/author/luke-hohmann/,301,auteurarchief in andere taal
/es/author/lurena/,/author/lurena/,301,auteurarchief in andere taal
/es/author/marcin-floryangmail-com/,/author/marcin-floryan/,301,auteurarchief in andere taal
/es/author/marcin-zmigrodzkioctigo-pl/,/author/marcin-zmigrodzki/,301,auteurarchief in andere taal
/es/author/mariete-sequeragmail-com/,/author/mariete-sequera-hernandez/,301,auteurarchief in andere taal
/es/author/mark-reilly/,/author/mark-reilly/,301,auteurarchief in andere taal
/es/author/marketinguruitgmail-com/,/author/martin-mari/,301,auteurarchief in andere taal
/es/author/markus-wittwerweb-de/,/author/markus-wittwer/,301,auteurarchief in andere taal
/es/author/martenscljgmail-com/,/author/christo-martens/,301,auteurarchief in andere taal
/es/author/matthewrphilipgmail-com/,/author/matt-philip/,301,auteurarchief in andere taal
/es/author/matthias-jouangmail-com/,/author/matthias-jouan/,301,auteurarchief in andere taal
/es/author/mbowlergargoylesoftware-com/,/author/mike-bowler/,301,auteurarchief in andere taal
/es/author/mburrows/,/author/mike-burrows/,301,auteurarchief in andere taal
/es/author/mcjenkinsgmail-com/,/author/marie-claire-dean/,301,auteurarchief in andere taal
/es/author/mertine/,/author/mertine/,301,auteurarchief in andere taal
/es/author/michael-sahota/,/author/michael-sahota/,301,auteurarchief in andere taal
/es/author/mike-burnsalumni-qut-edu-au/,/author/mike-burns/,301,auteurarchief in andere taal
/es/author/mike-mccullough/,/author/mike-mccullough/,301,auteurarchief in andere taal
/es/author/mikeleanintuit-com/,/author/mike-leanintuit-com/,301,auteurarchief in andere taal
/es/author/mlevison/,/author/mark-levison/,301,auteurarchief in andere taal
/es/author/mozratgmail-com/,/author/simon-morris/,301,auteurarchief in andere taal
/es/author/mrcthompson/,/author/mrcthompson/,301,auteurarchief in andere taal
/es/author/mtbadgleygmail-com/,/author/matt-badgley/,301,auteurarchief in andere taal
/es/author/n_zdunicyahoo-com-au/,/author/nick-zdunic/,301,auteurarchief in andere taal
/es/author/ntalensgmail-com/,/author/niels-talens/,301,auteurarchief in andere taal
/es/author/ntsreejithgmail-com/,/author/sreejith-n-t/,301,auteurarchief in andere taal
/es/author/nuno_borgeshotmail-com/,/author/nuno-borges/,301,auteurarchief in andere taal
/es/author/ocbermudezgmail-com/,/author/ocbermudez/,301,auteurarchief in andere taal
/es/author/olivier-destradefree-fr/,/author/olivier-destrade/,301,auteurarchief in andere taal
/es/author/paul-osbornpharmacyonesource-com/,/author/paul-osborn/,301,auteurarchief in andere taal
/es/author/paulagilify-co-uk/,/author/paul-goddard/,301,auteurarchief in andere taal
/es/author/pauls/,/author/pauls/,301,auteurarchief in andere taal
/es/author/pib-mtgmx-de/,/author/michael-tarnowski/,301,auteurarchief in andere taal
/es/author/pierreneisgmail-com/,/author/pierre-e-neis/,301,auteurarchief in andere taal
/es/author/pmboosyahoo-com/,/author/paul-boos/,301,auteurarchief in andere taal
/es/author/przemek/,/author/przemek/,301,auteurarchief in andere taal
/es/author/rdenisoncaptechconsulting-com/,/author/rob-denison/,301,auteurarchief in andere taal
/es/author/renee-troughtongmail-com/,/author/renee-troughton/,301,auteurarchief in andere taal
/es/author/richardkasperowski/,/author/richard-kasperowski/,301,auteurarchief in andere taal
/es/author/rickard-ukgmail-com/,/author/rickard-jones/,301,auteurarchief in andere taal
/es/author/robert-batusekgmail-com/,/author/robert-batusek/,301,auteurarchief in andere taal
/es/author/romaintrocheriegmail-com/,/author/romain-trocherie/,301,auteurarchief in andere taal
/es/author/rquartelgmail-com/,/author/ron-quartel/,301,auteurarchief in andere taal
/es/author/sabbaghgmail-com/,/author/rafael-sabbagh/,301,auteurarchief in andere taal
/es/author/samuelnew-bamboo-co-uk/,/author/sam-whiting/,301,auteurarchief in andere taal
/es/author/schabba/,/author/sunish-chabba/,301,auteurarchief in andere taal
/es/author/seabreezes1iglide-net/,/author/karen-favazza-spencer-2/,301,auteurarchief in andere taal
/es/author/seanseantrobinson-co-uk/,/author/sean-robinson/,301,auteurarchief in andere taal
/es/author/sgh-nijenhuisgmail-com/,/author/stefan-nijenhuis/,301,auteurarchief in andere taal
/es/author/spenkar/,/author/spenkar/,301,auteurarchief in andere taal
/es/author/stavrossfmi-uni-sofia-bg/,/author/stavros-stavru/,301,auteurarchief in andere taal
/es/author/stephen-mounsey/,/author/stephen-mounsey/,301,auteurarchief in andere taal
/es/author/steverogalsky-ca/,/author/steve-rogalsky/,301,auteurarchief in andere taal
/es/author/stiedlmoccasoft-com/,/author/anja-stiedl/,301,auteurarchief in andere taal
/es/author/sune-lomholtgmail-com/,/author/sune-lomholt/,301,auteurarchief in andere taal
/es/author/tatyanayanush/,/author/tatyana-yanush/,301,auteurarchief in andere taal
/es/author/tctc-dk/,/author/tc-tc-dk/,301,auteurarchief in andere taal
/es/author/thomy-kayonline-de/,/author/thomy-kay/,301,auteurarchief in andere taal
/es/author/throttlehogyahoo-com/,/author/jason-hall-2/,301,auteurarchief in andere taal
/es/author/timothepdotnettastycupcakesgmail-com/,/author/tim-bourguignon/,301,auteurarchief in andere taal
/es/author/timyevgrashyn/,/author/tim-yevgrashyn/,301,auteurarchief in andere taal
/es/author/tobysinclair86gmail-com/,/author/tobysinclair86-gmail-com/,301,auteurarchief in andere taal
/es/author/toddtoddcharron-com/,/author/todd-charron/,301,auteurarchief in andere taal
/es/author/vasan-ramtastycupcakesgmail-com-2/,/author/ram-srinivasan/,301,auteurarchief in andere taal
/es/author/veit/,/author/veit-richter/,301,auteurarchief in andere taal
/es/author/vijay-bandaru/,/author/vijay-bandaru/,301,auteurarchief in andere taal
/es/author/vkbandaruyahoo-com/,/author/vijay-bandaru-2/,301,auteurarchief in andere taal
/es/author/vzanini5dvision-com/,/author/valerio-zanini/,301,auteurarchief in andere taal
/es/author/wasitovayahoo-com/,/author/silvana-wasitova/,301,auteurarchief in andere taal
/es/author/zvonimir-kriz/,/author/zvonimir-kriz/,301,auteurarchief in andere taal
/es/author/zvonimir-krizgmail-com/,,410,auteurarchief zonder gemigreerd record
/fr/2009/06/60-paces/,/2009/06/60-paces/,301,vertaalde fallback
/fr/2009/06/60-paces/feed/,/2009/06/60-paces/,301,attachmentpagina
/fr/2009/06/99-test-balloons/,/2009/06/99-test-balloons/,301,vertaalde fallback
/fr/2009/06/99-test-balloons/feed/,/2009/06/99-test-balloons/,301,attachmentpagina
/fr/2009/06/alaskan-road-trip/,/2009/06/alaskan-road-trip/,301,vertaalde fallback
/fr/2009/06/alaskan-road-trip/feed/,/2009/06/alaskan-road-trip/,301,attachmentpagina
/fr/2009/06/alphabet-game/,/2009/06/alphabet-game/,301,vertaalde fallback
/fr/2009/06/alphabet-game/feed/,/2009/06/alphabet-game/,301,attachmentpagina
/fr/2009/06/coin-sorting/,/2009/06/coin-sorting/,301,vertaalde fallback
/fr/2009/06/coin-sorting/feed/,/2009/06/coin-sorting/,301,attachmentpagina
/fr/2009/06/collaborative-origami/,/2009/06/collaborative-origami/,301,vertaalde fallback
/fr/2009/06/collaborative-origami/feed/,/2009/06/collaborative-origami/,301,attachmentpagina
/fr/2009/06/doggy-planning/,/2009/06/doggy-planning/,301,vertaalde fallback
/fr/2009/06/doggy-planning/feed/,/2009/06/doggy-planning/,301,attachmentpagina
/fr/2009/06/football-scrum/,/2009/06/football-scrum/,301,vertaalde fallback
/fr/2009/06/football-scrum/feed/,/2009/06/football-scrum/,301,attachmentpagina
/fr/2009/06/location-location-location/,/2009/06/location-location-location/,301,vertaalde fallback
/fr/2009/06/location-location-location/feed/,/2009/06/location-location-location/,301,attachmentpagina
/fr/2009/06/mr-happy-face/,/2009/06/mr-happy-face/,301,vertaalde fallback
/fr/2009/06/mr-happy-face/feed/,/2009/06/mr-happy-face/,301,attachmentpagina
/fr/2009/06/no-one-listens-to-me/,/2009/06/no-one-listens-to-me/,301,vertaalde fallback
/fr/2009/06/no-one-listens-to-me/feed/,/2009/06/no-one-listens-to-me/,301,attachmentpagina
/fr/2009/06/pair-programming-game/,/2009/06/pair-programming-game/,301,vertaalde fallback
/fr/2009/06/pair-programming-game/feed/,/2009/06/pair-programming-game/,301,attachmentpagina
/fr/2009/06/picture-me/,/2009/06/picture-me/,301,vertaalde fallback
/fr/2009/06/picture-me/feed/,/2009/06/picture-me/,301,attachmentpagina
/fr/2009/06/planning-poker/,/2009/06/planning-poker/,301,vertaalde fallback
/fr/2009/06/planning-poker/feed/,/2009/06/planning-poker/,301,attachmentpagina
/fr/2009/06/presto-manifesto/,/2009/06/presto-manifesto/,301,vertaalde fallback
/fr/2009/06/presto-manifesto/feed/,/2009/06/presto-manifesto/,301,attachmentpagina
/fr/2009/06/process-doodle/,/2009/06/process-doodle/,301,vertaalde fallback
/fr/2009/06/process-doodle/feed/,/2009/06/process-doodle/,301,attachmentpagina
/fr/2009/06/question-game/,/2009/06/question-game/,301,vertaalde fallback
/fr/2009/06/question-game/feed/,/2009/06/question-game/,301,attachmentpagina
/fr/2009/06/rate-games-at-blog-tastycupcakes-com/,/2009/06/rate-games-at-blog-tastycupcakes-com/,301,vertaalde fallback
/fr/2009/06/rate-games-at-blog-tastycupcakes-com/feed/,/2009/06/rate-games-at-blog-tastycupcakes-com/,301,attachmentpagina
/fr/2009/06/resort-brochure/,/2009/06/resort-brochure/,301,vertaalde fallback
/fr/2009/06/resort-brochure/feed/,/2009/06/resort-brochure/,301,attachmentpagina
/fr/2009/06/submit-your-game/,/2009/06/submit-your-game/,301,vertaalde fallback
/fr/2009/06/submit-your-game/feed/,/2009/06/submit-your-game/,301,attachmentpagina
/fr/2009/06/tangled-mess/,/2009/06/tangled-mess/,301,vertaalde fallback
/fr/2009/06/tangled-mess/feed/,/2009/06/tangled-mess/,301,attachmentpagina
/fr/2009/06/telephone-game/,/2009/06/telephone-game/,301,vertaalde fallback
/fr/2009/06/telephone-game/comment-page-1/,/2009/06/telephone-game/,301,attachmentpagina
/fr/2009/06/telephone-game/feed/,/2009/06/telephone-game/,301,attachmentpagina
/fr/2009/06/the-story-of-our-sprints/,/2009/06/the-story-of-our-sprints/,301,vertaalde fallback
/fr/2009/06/the-story-of-our-sprints/feed/,/2009/06/the-story-of-our-sprints/,301,attachmentpagina
/fr/2009/06/the-train-game/,/2009/06/the-train-game/,301,vertaalde fallback
/fr/2009/06/the-train-game/feed/,/2009/06/the-train-game/,301,attachmentpagina
/fr/2009/06/theory-of-constraints-dice-game/,/2009/06/theory-of-constraints-dice-game/,301,vertaalde fallback
/fr/2009/06/theory-of-constraints-dice-game/feed/,/2009/06/theory-of-constraints-dice-game/,301,attachmentpagina
/fr/2009/06/were-having-a-party/,/2009/06/were-having-a-party/,301,vertaalde fallback
/fr/2009/06/were-having-a-party/feed/,/2009/06/were-having-a-party/,301,attachmentpagina
/fr/2009/06/what-were-they-thinking/,/2009/06/what-were-they-thinking/,301,vertaalde fallback
/fr/2009/06/why-agile-games/,/2009/06/why-agile-games/,301,vertaalde fallback
/fr/2009/06/why-agile-games/feed/,/2009/06/why-agile-games/,301,attachmentpagina
/fr/2009/06/word-at-a-time-letter/,/2009/06/word-at-a-time-letter/,301,vertaalde fallback
/fr/2009/06/word-at-a-time-letter/feed/,/2009/06/word-at-a-time-letter/,301,attachmentpagina
/fr/2009/06/you-are-not-in-control/,/2009/06/you-are-not-in-control/,301,vertaalde fallback
/fr/2009/06/you-are-not-in-control/feed/,/2009/06/you-are-not-in-control/,301,attachmentpagina
/fr/2009/07/people-polling/,/2009/07/people-polling/,301,vertaalde fallback
/fr/2009/07/people-polling/feed/,/2009/07/people-polling/,301,attachmentpagina
/fr/2009/07/the-problem-with-principles/,/2009/07/the-problem-with-principles/,301,vertaalde fallback
/fr/2009/07/the-problem-with-principles/feed/,/2009/07/the-problem-with-principles/,301,attachmentpagina
/fr/2009/08/example-please/,/2009/08/example-please/,301,vertaalde fallback
/fr/2009/08/example-please/feed/,/2009/08/example-please/,301,attachmentpagina
/fr/2009/09/sizing-game/,/2009/09/sizing-game/,301,vertaalde fallback
/fr/2009/09/sizing-game/feed/,/2009/09/sizing-game/,301,attachmentpagina
/fr/2009/10/about/michael-mccullough/,,410,attachmentpagina zonder bestaande post
/fr/2009/10/map-flap/,/2009/10/map-flap/,301,vertaalde fallback
/fr/2009/10/map-flap/feed/,/2009/10/map-flap/,301,attachmentpagina
/fr/2009/11/tastycupcakes-published-in-agile-journal/,/2009/11/tastycupcakes-published-in-agile-journal/,301,vertaalde fallback
/fr/2009/11/tastycupcakes-published-in-agile-journal/feed/,/2009/11/tastycupcakes-published-in-agile-journal/,301,attachmentpagina
/fr/2009/12/tastycupcakes-agile-games-podcast-with-improving-enterprises/,/2009/12/tastycupcakes-agile-games-podcast-with-improving-enterprises/,301,vertaalde fallback
/fr/2010/01/pocket-sized-principles/,/2010/01/pocket-sized-principles/,301,vertaalde fallback
/fr/2010/01/pocket-sized-principles/comment-page-1/,/2010/01/pocket-sized-principles/,301,attachmentpagina
/fr/2010/01/pocket-sized-principles/feed/,/2010/01/pocket-sized-principles/,301,attachmentpagina
/fr/2010/03/deep-agile-2010-empowering-teams-with-agile-games/,/2010/03/deep-agile-2010-empowering-teams-with-agile-games/,301,vertaalde fallback
/fr/2010/03/deep-agile-2010-empowering-teams-with-agile-games/feed/,/2010/03/deep-agile-2010-empowering-teams-with-agile-games/,301,attachmentpagina
/fr/2010/05/about/michael-mccullough/,,410,attachmentpagina zonder bestaande post
/fr/2010/05/first-agile-games-conference-at-deepagile/,/2010/05/first-agile-games-conference-at-deepagile/,301,vertaalde fallback
/fr/2010/05/first-agile-games-conference-at-deepagile/feed/,/2010/05/first-agile-games-conference-at-deepagile/,301,attachmentpagina
/fr/2010/07/the-backlog-is-in-the-eye-of-the-beholder/,/2010/07/the-backlog-is-in-the-eye-of-the-beholder/,301,vertaalde fallback
/fr/2010/07/the-backlog-is-in-the-eye-of-the-beholder/feed/,/2010/07/the-backlog-is-in-the-eye-of-the-beholder/,301,attachmentpagina
/fr/2010/10/agile-games-conference-2011/,/2010/10/agile-games-conference-2011/,301,vertaalde fallback
/fr/2010/10/agile-games-conference-2011/feed/,/2010/10/agile-games-conference-2011/,301,attachmentpagina
/fr/2010/11/marshmallow-challenge/,/2010/11/marshmallow-challenge/,301,vertaalde fallback
/fr/2010/11/marshmallow-challenge/feed/,/2010/11/marshmallow-challenge/,301,attachmentpagina
/fr/2011/01/agile-games-2011-conference-super-early-bird-pricing-until-january-24-2011/,/2011/01/agile-games-2011-conference-super-early-bird-pricing-until-january-24-2011/,301,vertaalde fallback
/fr/2011/01/agile-games-2011-conference-super-early-bird-pricing-until-january-24-2011/feed/,/2011/01/agile-games-2011-conference-super-early-bird-pricing-until-january-24-2011/,301,attachmentpagina
/fr/2011/01/new-for-2011-tastycupcakes-updated-and-expanded-vision/,/2011/01/new-for-2011-tastycupcakes-updated-and-expanded-vision/,301,vertaalde fallback
/fr/2011/01/new-for-2011-tastycupcakes-updated-and-expanded-vision/feed/,/2011/01/new-for-2011-tastycupcakes-updated-and-expanded-vision/,301,attachmentpagina
/fr/2011/01/your-turn-to-play-get-involved-with-tasty-cupcakes/,/2011/01/your-turn-to-play-get-involved-with-tasty-cupcakes/,301,vertaalde fallback
/fr/2011/01/your-turn-to-play-get-involved-with-tasty-cupcakes/feed/,/2011/01/your-turn-to-play-get-involved-with-tasty-cupcakes/,301,attachmentpagina
/fr/2011/02/agile-games-2011-early-bird-prices-end-feb-28th/,/2011/02/agile-games-2011-early-bird-prices-end-feb-28th/,301,vertaalde fallback
/fr/2011/02/agile-games-2011-early-bird-prices-end-feb-28th/feed/,/2011/02/agile-games-2011-early-bird-prices-end-feb-28th/,301,attachmentpagina
/fr/2011/02/tasty-cupcakes-now-in-three-languages/,/2011/02/tasty-cupcakes-now-in-three-languages/,301,vertaalde fallback
/fr/2011/02/tasty-cupcakes-now-in-three-languages/feed/,/2011/02/tasty-cupcakes-now-in-three-languages/,301,attachmentpagina
/fr/2011/03/bang-for-the-buck-prioritization/,/2011/03/bang-for-the-buck-prioritization/,301,vertaalde fallback
/fr/2011/04/coaching-skills-dojo/,/2011/04/coaching-skills-dojo/,301,vertaalde fallback
/fr/2011/04/coaching-skills-dojo/feed/,/2011/04/coaching-skills-dojo/,301,attachmentpagina
/fr/2011/04/dont-blow-it/,/2011/04/dont-blow-it/,301,vertaalde fallback
/fr/2011/04/dont-blow-it/feed/,/2011/04/dont-blow-it/,301,attachmentpagina
/fr/2011/04/non-musical-chairs/,/2011/04/non-musical-chairs/,301,vertaalde fallback
/fr/2011/04/non-musical-chairs/comment-page-1/,/2011/04/non-musical-chairs/,301,attachmentpagina
/fr/2011/04/non-musical-chairs/feed/,/2011/04/non-musical-chairs/,301,attachmentpagina
/fr/2011/04/pair-chess-exercise/,/2011/04/pair-chess-exercise/,301,vertaalde fallback
/fr/2011/04/pair-chess-exercise/feed/,/2011/04/pair-chess-exercise/,301,attachmentpagina
/fr/2011/04/redesign-the-gift-giving-experience/,/2011/04/redesign-the-gift-giving-experience/,301,vertaalde fallback
/fr/2011/04/redesign-the-gift-giving-experience/feed/,/2011/04/redesign-the-gift-giving-experience/,301,attachmentpagina
/fr/2011/04/sustaining-agility/,/2011/04/sustaining-agility/,301,vertaalde fallback
/fr/2011/04/sustaining-agility/feed/,/2011/04/sustaining-agility/,301,attachmentpagina
/fr/2011/04/tastycupcakes-community-update/,/2011/04/tastycupcakes-community-update/,301,vertaalde fallback
/fr/2011/04/tastycupcakes-community-update/feed/,/2011/04/tastycupcakes-community-update/,301,attachmentpagina
/fr/2011/05/screencast-four-ways-to-search-for-games-on-tastycupcakes/,/2011/05/screencast-four-ways-to-search-for-games-on-tastycupcakes/,301,vertaalde fallback
/fr/2011/05/screencast-four-ways-to-search-for-games-on-tastycupcakes/feed/,/2011/05/screencast-four-ways-to-search-for-games-on-tastycupcakes/,301,attachmentpagina
/fr/2011/05/we-played-innovationgames-to-plan-tastycupcakes-org/,/2011/05/we-played-innovationgames-to-plan-tastycupcakes-org/,301,vertaalde fallback
/fr/2011/05/we-played-innovationgames-to-plan-tastycupcakes-org/feed/,/2011/05/we-played-innovationgames-to-plan-tastycupcakes-org/,301,attachmentpagina
/fr/2011/05/we-played-innovationgames-to-plan-tastycupcakes-org/tastygames-printme/,/2011/05/we-played-innovationgames-to-plan-tastycupcakes-org/,301,attachmentpagina
/fr/2011/06/cover-story-2/,/2011/06/cover-story-2/,301,vertaalde fallback
/fr/2011/06/cover-story-2/feed/,/2011/06/cover-story-2/,301,attachmentpagina
/fr/2011/06/empathy-map/,/2011/06/empathy-map/,301,vertaalde fallback
/fr/2011/06/empathy-map/feed/,/2011/06/empathy-map/,301,attachmentpagina
/fr/2011/06/online-plusdelta-game/,/2011/06/online-plusdelta-game/,301,vertaalde fallback
/fr/2011/06/online-plusdelta-game/feed/,/2011/06/online-plusdelta-game/,301,attachmentpagina
/fr/2011/06/prune-the-product-tree/,/2011/06/prune-the-product-tree/,301,vertaalde fallback
/fr/2011/06/prune-the-product-tree/feed/,/2011/06/prune-the-product-tree/,301,attachmentpagina
/fr/2011/06/rock-paper-scissors-happiness/,/2011/06/rock-paper-scissors-happiness/,301,vertaalde fallback
/fr/2011/06/rock-paper-scissors-happiness/feed/,/2011/06/rock-paper-scissors-happiness/,301,attachmentpagina
/fr/2011/06/speed-boat/,/2011/06/speed-boat/,301,vertaalde fallback
/fr/2011/06/speed-boat/feed/,/2011/06/speed-boat/,301,attachmentpagina
/fr/2011/06/the-whole-product-game/,/2011/06/the-whole-product-game/,301,vertaalde fallback
/fr/2011/06/the-whole-product-game/feed/,/2011/06/the-whole-product-game/,301,attachmentpagina
/fr/2011/07/actions-for-retrospectives-2/,/2011/07/actions-for-retrospectives-2/,301,vertaalde fallback
/fr/2011/07/actions-for-retrospectives-2/feed/,/2011/07/actions-for-retrospectives-2/,301,attachmentpagina
/fr/2011/07/agile-airplanes/,/2011/07/agile-airplanes/,301,vertaalde fallback
/fr/2011/07/agile-airplanes/agile_airplane/,/2011/07/agile-airplanes/,301,attachmentpagina
/fr/2011/07/agile-airplanes/agile_airplane/feed/,/2011/07/agile-airplanes/,301,attachmentpagina
/fr/2011/07/agile-airplanes/comment-page-1/,/2011/07/agile-airplanes/,301,attachmentpagina
/fr/2011/07/agile-airplanes/feed/,/2011/07/agile-airplanes/,301,attachmentpagina
/fr/2011/07/agile-game-incubator-agile-games-2011/,/2011/07/agile-game-incubator-agile-games-2011/,301,vertaalde fallback
/fr/2011/07/agile-game-incubator-agile-games-2011/feed/,/2011/07/agile-game-incubator-agile-games-2011/,301,attachmentpagina
/fr/2011/07/agile-game-incubator-online/,/2011/07/agile-game-incubator-online/,301,vertaalde fallback
/fr/2011/07/agile-game-incubator-online/feed/,/2011/07/agile-game-incubator-online/,301,attachmentpagina
/fr/2011/07/dodontisisnt/,/2011/07/dodontisisnt/,301,vertaalde fallback
/fr/2011/07/dodontisisnt/dodontisisnt/,/2011/07/dodontisisnt/,301,attachmentpagina
/fr/2011/07/dodontisisnt/dodontisisnt/feed/,/2011/07/dodontisisnt/,301,attachmentpagina
/fr/2011/07/dodontisisnt/feed/,/2011/07/dodontisisnt/,301,attachmentpagina
/fr/2011/07/how-now-wow-matrix/,/2011/07/how-now-wow-matrix/,301,vertaalde fallback
/fr/2011/07/how-now-wow-matrix/feed/,/2011/07/how-now-wow-matrix/,301,attachmentpagina
/fr/2011/07/impact-effort-matrix/,/2011/07/impact-effort-matrix/,301,vertaalde fallback
/fr/2011/07/impact-effort-matrix/feed/,/2011/07/impact-effort-matrix/,301,attachmentpagina
/fr/2011/07/proscons-game/,/2011/07/proscons-game/,301,vertaalde fallback
/fr/2011/07/proscons-game/feed/,/2011/07/proscons-game/,301,attachmentpagina
/fr/2011/07/swot-analysis-game/,/2011/07/swot-analysis-game/,301,vertaalde fallback
/fr/2011/07/swot-analysis-game/feed/,/2011/07/swot-analysis-game/,301,attachmentpagina
/fr/2011/07/the-big-payoff/,/2011/07/the-big-payoff/,301,vertaalde fallback
/fr/2011/07/the-big-payoff/feed/,/2011/07/the-big-payoff/,301,attachmentpagina
/fr/2011/08/circles-and-soup/,/2011/08/circles-and-soup/,301,vertaalde fallback
/fr/2011/08/circles-and-soup/comment-page-1/,/2011/08/circles-and-soup/,301,attachmentpagina
/fr/2011/08/circles-and-soup/feed/,/2011/08/circles-and-soup/,301,attachmentpagina
/fr/2011/08/learning-matrix/,/2011/08/learning-matrix/,301,vertaalde fallback
/fr/2011/08/learning-matrix/feed/,/2011/08/learning-matrix/,301,attachmentpagina
/fr/2011/08/merrill-covey-matrix/,/2011/08/merrill-covey-matrix/,301,vertaalde fallback
/fr/2011/08/merrill-covey-matrix/feed/,/2011/08/merrill-covey-matrix/,301,attachmentpagina
/fr/2011/08/zhong-zhi-a-one-handed-agile-game-for-illustrating-problems-and-finding-solutions/,/2011/08/zhong-zhi-a-one-handed-agile-game-for-illustrating-problems-and-finding-solutions/,301,vertaalde fallback
/fr/2011/08/zhong-zhi-a-one-handed-agile-game-for-illustrating-problems-and-finding-solutions/feed/,/2011/08/zhong-zhi-a-one-handed-agile-game-for-illustrating-problems-and-finding-solutions/,301,attachmentpagina
/fr/2011/10/continuous-integration-with-lego/,/2011/10/continuous-integration-with-lego/,301,vertaalde fallback
/fr/2011/10/continuous-integration-with-lego/comment-page-1/,/2011/10/continuous-integration-with-lego/,301,attachmentpagina
/fr/2011/10/continuous-integration-with-lego/finished-cube-real-1/,/2011/10/continuous-integration-with-lego/,301,attachmentpagina
/fr/2011/10/continuous-integration-with-lego/finished-cube-real-1/feed/,/2011/10/continuous-integration-with-lego/,301,attachmentpagina
/fr/2011/10/continuous-integration-with-lego/finished-cube-real-2/,/2011/10/continuous-integration-with-lego/,301,attachmentpagina
/fr/2011/10/continuous-integration-with-lego/finished-cube-real-2/feed/,/2011/10/continuous-integration-with-lego/,301,attachmentpagina
/fr/2011/10/continuous-integration-with-lego/finished-cube-real-3/,/2011/10/continuous-integration-with-lego/,301,attachmentpagina
/fr/2011/10/continuous-integration-with-lego/finished-cube-real-3/feed/,/2011/10/continuous-integration-with-lego/,301,attachmentpagina
/fr/2011/10/continuous-integration-with-lego/finished-cube-real-4/,/2011/10/continuous-integration-with-lego/,301,attachmentpagina
/fr/2011/10/continuous-integration-with-lego/finished-cube-real-4/feed/,/2011/10/continuous-integration-with-lego/,301,attachmentpagina
/fr/2011/10/mitch-lacey-team-prioritization/,/2011/10/mitch-lacey-team-prioritization/,301,vertaalde fallback
/fr/2011/10/mitch-lacey-team-prioritization/feed/,/2011/10/mitch-lacey-team-prioritization/,301,attachmentpagina
/fr/2011/10/pairing-for-non-programmers/,/2011/10/pairing-for-non-programmers/,301,vertaalde fallback
/fr/2011/10/pairing-for-non-programmers/comment-page-1/,/2011/10/pairing-for-non-programmers/,301,attachmentpagina
/fr/2011/10/pairing-for-non-programmers/feed/,/2011/10/pairing-for-non-programmers/,301,attachmentpagina
/fr/2011/11/human-knot/,/2011/11/human-knot/,301,vertaalde fallback
/fr/2011/11/human-knot/feed/,/2011/11/human-knot/,301,attachmentpagina
/fr/2011/12/circles-of-influence/,/2011/12/circles-of-influence/,301,vertaalde fallback
/fr/2011/12/circles-of-influence/feed/,/2011/12/circles-of-influence/,301,attachmentpagina
/fr/2011/12/values-driven-retrospective-game/,/2011/12/values-driven-retrospective-game/,301,vertaalde fallback
/fr/2011/12/values-driven-retrospective-game/feed/,/2011/12/values-driven-retrospective-game/,301,attachmentpagina
/fr/2012/01/agile-games-2012-call-for-games/,/2012/01/agile-games-2012-call-for-games/,301,vertaalde fallback
/fr/2012/01/agile-games-2012-call-for-games/feed/,/2012/01/agile-games-2012-call-for-games/,301,attachmentpagina
/fr/2012/02/is-it-ragu-or-bolognese/,/2012/02/is-it-ragu-or-bolognese/,301,vertaalde fallback
/fr/2012/02/is-it-ragu-or-bolognese/feed/,/2012/02/is-it-ragu-or-bolognese/,301,attachmentpagina
/fr/2012/02/multitasking-game-handsnumberssong/,/2012/02/multitasking-game-handsnumberssong/,301,vertaalde fallback
/fr/2012/02/multitasking-game-handsnumberssong/feed/,/2012/02/multitasking-game-handsnumberssong/,301,attachmentpagina
/fr/2012/02/nobodys-perfct/,/2012/02/nobodys-perfct/,301,vertaalde fallback
/fr/2012/02/nobodys-perfct/feed/,/2012/02/nobodys-perfct/,301,attachmentpagina
/fr/2012/02/you-sunk-my-methodology/,/2012/02/you-sunk-my-methodology/,301,vertaalde fallback
/fr/2012/02/you-sunk-my-methodology/feed/,/2012/02/you-sunk-my-methodology/,301,attachmentpagina
/fr/2012/03/fearless-journey-the-game-that-gets-your-team-unstuck/,/2012/03/fearless-journey-the-game-that-gets-your-team-unstuck/,301,vertaalde fallback
/fr/2012/03/fearless-journey-the-game-that-gets-your-team-unstuck/feed/,/2012/03/fearless-journey-the-game-that-gets-your-team-unstuck/,301,attachmentpagina
/fr/2012/03/job-or-joy/,/2012/03/job-or-joy/,301,vertaalde fallback
/fr/2012/03/job-or-joy/feed/,/2012/03/job-or-joy/,301,attachmentpagina
/fr/2012/03/one-word-storytelling/,/2012/03/one-word-storytelling/,301,vertaalde fallback
/fr/2012/03/one-word-storytelling/feed/,/2012/03/one-word-storytelling/,301,attachmentpagina
/fr/2012/03/ouija-board-estimation/,/2012/03/ouija-board-estimation/,301,vertaalde fallback
/fr/2012/03/ouija-board-estimation/comment-page-1/,/2012/03/ouija-board-estimation/,301,attachmentpagina
/fr/2012/03/ouija-board-estimation/feed/,/2012/03/ouija-board-estimation/,301,attachmentpagina
/fr/2012/04/scrum-simulation-with-lego-bricks/feed/,/fr/2012/04/scrum-simulation-with-lego-bricks/,301,attachmentpagina
/fr/2012/04/tasty-estimation/,/2012/04/tasty-estimation/,301,vertaalde fallback
/fr/2012/04/tasty-estimation/feed/,/2012/04/tasty-estimation/,301,attachmentpagina
/fr/2012/05/lean-startup-snowflakes/comment-page-1/,/fr/2012/05/lean-startup-snowflakes/,301,legacy URL
/fr/2012/05/lean-startup-snowflakes/feed/,/fr/2012/05/lean-startup-snowflakes/,301,attachmentpagina
/fr/2012/05/ultimate-battle/,,410,vertaalde fallback zonder EN-origineel
/fr/2012/05/ultimate-battle/feed/,,410,attachmentpagina zonder bestaande post
/fr/2012/06/2-brains-tell-it-sell-it/,/2012/06/2-brains-tell-it-sell-it/,301,vertaalde fallback
/fr/2012/06/2-brains-tell-it-sell-it/feed/,/2012/06/2-brains-tell-it-sell-it/,301,attachmentpagina
/fr/2012/07/challenger-selling-model/,/2012/07/challenger-selling-model/,301,vertaalde fallback
/fr/2012/07/challenger-selling-model/feed/,/2012/07/challenger-selling-model/,301,attachmentpagina
/fr/2012/07/gone-fishing-game/,/2012/07/gone-fishing-game/,301,vertaalde fallback
/fr/2012/07/gone-fishing-game/feed/,/2012/07/gone-fishing-game/,301,attachmentpagina
/fr/2012/07/innovation-ambition-matrix/feed/,/fr/2012/07/innovation-ambition-matrix/,301,attachmentpagina
/fr/2012/08/customer-centric/,/2012/08/customer-centric/,301,vertaalde fallback
/fr/2012/08/customer-centric/feed/,/2012/08/customer-centric/,301,attachmentpagina
/fr/2012/08/die-card-die-the-interruption-game/,/2012/08/die-card-die-the-interruption-game/,301,vertaalde fallback
/fr/2012/08/die-card-die-the-interruption-game/die_card_die-2/,/2012/08/die-card-die-the-interruption-game/,301,attachmentpagina
/fr/2012/08/die-card-die-the-interruption-game/die_card_die-2/feed/,/2012/08/die-card-die-the-interruption-game/,301,attachmentpagina
/fr/2012/08/die-card-die-the-interruption-game/feed/,/2012/08/die-card-die-the-interruption-game/,301,attachmentpagina
/fr/2012/08/innovation-generator/,/2012/08/innovation-generator/,301,vertaalde fallback
/fr/2012/08/innovation-generator/feed/,/2012/08/innovation-generator/,301,attachmentpagina
/fr/2012/08/kanban-tetris/,/2012/08/kanban-tetris/,301,vertaalde fallback
/fr/2012/08/kanban-tetris/feed/,/2012/08/kanban-tetris/,301,attachmentpagina
/fr/2012/08/safe-bold-framework/,/2012/08/safe-bold-framework/,301,vertaalde fallback
/fr/2012/08/safe-bold-framework/feed/,/2012/08/safe-bold-framework/,301,attachmentpagina
/fr/2012/08/wellbeing-north-star/,/2012/08/wellbeing-north-star/,301,vertaalde fallback
/fr/2012/08/wellbeing-north-star/feed/,/2012/08/wellbeing-north-star/,301,attachmentpagina
/fr/2012/09/the-domino-effect/,/2012/09/the-domino-effect/,301,vertaalde fallback
/fr/2012/09/the-domino-effect/feed/,/2012/09/the-domino-effect/,301,attachmentpagina
/fr/2012/09/the-project-managers-nightmare/,/2012/09/the-project-managers-nightmare/,301,vertaalde fallback
/fr/2012/09/the-project-managers-nightmare/feed/,/2012/09/the-project-managers-nightmare/,301,attachmentpagina
/fr/2012/09/we-want-a-city-scrum-simulation-with-lego-extension/,/2012/09/we-want-a-city-scrum-simulation-with-lego-extension/,301,vertaalde fallback
/fr/2012/09/we-want-a-city-scrum-simulation-with-lego-extension/feed/,/2012/09/we-want-a-city-scrum-simulation-with-lego-extension/,301,attachmentpagina
/fr/2012/10/balloon-animals/,/2012/10/balloon-animals/,301,vertaalde fallback
/fr/2012/10/balloon-animals/feed/,/2012/10/balloon-animals/,301,attachmentpagina
/fr/2012/10/celebrity-prioritisation/,/2012/10/celebrity-prioritisation/,301,vertaalde fallback
/fr/2012/10/celebrity-prioritisation/comment-page-1/,/2012/10/celebrity-prioritisation/,301,attachmentpagina
/fr/2012/10/celebrity-prioritisation/feed/,/2012/10/celebrity-prioritisation/,301,attachmentpagina
/fr/2012/10/destroy/,/2012/10/destroy/,301,vertaalde fallback
/fr/2012/10/destroy/feed/,/2012/10/destroy/,301,attachmentpagina
/fr/2012/10/first-letter-last-letter/,/2012/10/first-letter-last-letter/,301,vertaalde fallback
/fr/2012/10/first-letter-last-letter/feed/,/2012/10/first-letter-last-letter/,301,attachmentpagina
/fr/2012/10/free-market-prioritisation/,/2012/10/free-market-prioritisation/,301,vertaalde fallback
/fr/2012/10/free-market-prioritisation/feed/,/2012/10/free-market-prioritisation/,301,attachmentpagina
/fr/2012/10/intuitions/,/2012/10/intuitions/,301,vertaalde fallback
/fr/2012/10/intuitions/feed/,/2012/10/intuitions/,301,attachmentpagina
/fr/2012/10/movements-of-a-hypnotic-nature/,/2012/10/movements-of-a-hypnotic-nature/,301,vertaalde fallback
/fr/2012/10/movements-of-a-hypnotic-nature/feed/,/2012/10/movements-of-a-hypnotic-nature/,301,attachmentpagina
/fr/2012/10/musical-bells/,/2012/10/musical-bells/,301,vertaalde fallback
/fr/2012/10/musical-bells/feed/,/2012/10/musical-bells/,301,attachmentpagina
/fr/2012/10/once-upon-a-time-in-legoland/,/2012/10/once-upon-a-time-in-legoland/,301,vertaalde fallback
/fr/2012/10/once-upon-a-time-in-legoland/feed/,/2012/10/once-upon-a-time-in-legoland/,301,attachmentpagina
/fr/2012/10/story-spines/,/2012/10/story-spines/,301,vertaalde fallback
/fr/2012/10/swedish-stories/,/2012/10/swedish-stories/,301,vertaalde fallback
/fr/2012/10/swedish-stories/feed/,/2012/10/swedish-stories/,301,attachmentpagina
/fr/2012/10/the-blame-game/feed/,/fr/2012/10/the-blame-game/,301,attachmentpagina
/fr/2012/10/the-sprint-limerick/,/2012/10/the-sprint-limerick/,301,vertaalde fallback
/fr/2012/10/the-sprint-limerick/feed/,/2012/10/the-sprint-limerick/,301,attachmentpagina
/fr/2012/10/the-sprint-mural/,/2012/10/the-sprint-mural/,301,vertaalde fallback
/fr/2012/10/the-sprint-mural/feed/,/2012/10/the-sprint-mural/,301,attachmentpagina
/fr/2012/10/thirty-five/,/2012/10/thirty-five/,301,vertaalde fallback
/fr/2012/10/thirty-five/comment-page-1/,/2012/10/thirty-five/,301,attachmentpagina
/fr/2012/10/thirty-five/feed/,/2012/10/thirty-five/,301,attachmentpagina
/fr/2012/10/top-traits/,/2012/10/top-traits/,301,vertaalde fallback
/fr/2012/10/top-traits/feed/,/2012/10/top-traits/,301,attachmentpagina
/fr/2012/10/upside-downside/,/2012/10/upside-downside/,301,vertaalde fallback
/fr/2012/10/upside-downside/feed/,/2012/10/upside-downside/,301,attachmentpagina
/fr/2012/10/video-reframing/,/2012/10/video-reframing/,301,vertaalde fallback
/fr/2012/10/video-reframing/feed/,/2012/10/video-reframing/,301,attachmentpagina
/fr/2012/11/delight/,/2012/11/delight/,301,vertaalde fallback
/fr/2012/11/delight/feed/,/2012/11/delight/,301,attachmentpagina
/fr/2012/11/gift-box/,/2012/11/gift-box/,301,vertaalde fallback
/fr/2012/11/gift-box/feed/,/2012/11/gift-box/,301,attachmentpagina
/fr/2012/11/questions-only/,/2012/11/questions-only/,301,vertaalde fallback
/fr/2012/11/questions-only/feed/,/2012/11/questions-only/,301,attachmentpagina
/fr/2012/11/tdd-test-driven-drawing/,/2012/11/tdd-test-driven-drawing/,301,vertaalde fallback
/fr/2012/11/tdd-test-driven-drawing/2012-11-06-10-23-07/,/2012/11/tdd-test-driven-drawing/,301,attachmentpagina
/fr/2012/11/tdd-test-driven-drawing/2012-11-06-10-23-07/feed/,/2012/11/tdd-test-driven-drawing/,301,attachmentpagina
/fr/2012/11/tdd-test-driven-drawing/2012-11-06-10-23-14/,/2012/11/tdd-test-driven-drawing/,301,attachmentpagina
/fr/2012/11/tdd-test-driven-drawing/2012-11-06-10-23-14/feed/,/2012/11/tdd-test-driven-drawing/,301,attachmentpagina
/fr/2012/11/tdd-test-driven-drawing/2012-11-06-10-40-29/,/2012/11/tdd-test-driven-drawing/,301,attachmentpagina
/fr/2012/11/tdd-test-driven-drawing/2012-11-06-10-40-29/feed/,/2012/11/tdd-test-driven-drawing/,301,attachmentpagina
/fr/2012/11/tdd-test-driven-drawing/feed/,/2012/11/tdd-test-driven-drawing/,301,attachmentpagina
/fr/2012/11/tdd-test-driven-drawing/screen-shot-2012-11-07-at-22-01-41/,/2012/11/tdd-test-driven-drawing/,301,attachmentpagina
/fr/2012/11/tdd-test-driven-drawing/screen-shot-2012-11-07-at-22-01-41/feed/,/2012/11/tdd-test-driven-drawing/,301,attachmentpagina
/fr/2012/11/three-headed-expert/,/2012/11/three-headed-expert/,301,vertaalde fallback
/fr/2012/11/three-headed-expert/comment-page-1/,/2012/11/three-headed-expert/,301,attachmentpagina
/fr/2012/11/three-headed-expert/feed/,/2012/11/three-headed-expert/,301,attachmentpagina
/fr/2012/11/werewolf-facilitation/,/2012/11/werewolf-facilitation/,301,vertaalde fallback
/fr/2012/11/werewolf-facilitation/feed/,/2012/11/werewolf-facilitation/,301,attachmentpagina
/fr/2012/12/take-the-win-win-wave/,/2012/12/take-the-win-win-wave/,301,vertaalde fallback
/fr/2012/12/take-the-win-win-wave/feed/,/2012/12/take-the-win-win-wave/,301,attachmentpagina
/fr/2013/02/52-card-pickup/,/2013/02/52-card-pickup/,301,vertaalde fallback
/fr/2013/02/52-card-pickup/feed/,/2013/02/52-card-pickup/,301,attachmentpagina
/fr/2013/02/copycats-2/,/2013/02/copycats-2/,301,vertaalde fallback
/fr/2013/02/copycats-2/feed/,/2013/02/copycats-2/,301,attachmentpagina
/fr/2013/02/the-herculean-doughnut/,/2013/02/the-herculean-doughnut/,301,vertaalde fallback
/fr/2013/02/the-herculean-doughnut/comment-page-1/,/2013/02/the-herculean-doughnut/,301,attachmentpagina
/fr/2013/02/the-herculean-doughnut/feed/,/2013/02/the-herculean-doughnut/,301,attachmentpagina
/fr/2013/03/8-monkeys-in-a-cage-–-a-mura-learning-game/,/2013/03/8-monkeys-in-a-cage-–-a-mura-learning-game/,301,vertaalde fallback
/fr/2013/03/8-monkeys-in-a-cage-–-a-mura-learning-game/feed/,/2013/03/8-monkeys-in-a-cage-–-a-mura-learning-game/,301,attachmentpagina
/fr/2013/03/play-doh-zoo-agile-ux-unleashed/,/2013/03/play-doh-zoo-agile-ux-unleashed/,301,vertaalde fallback
/fr/2013/03/play-doh-zoo-agile-ux-unleashed/feed/,/2013/03/play-doh-zoo-agile-ux-unleashed/,301,attachmentpagina
/fr/2013/03/the-high-risk-airplane-factory/,/2013/03/the-high-risk-airplane-factory/,301,vertaalde fallback
/fr/2013/03/the-high-risk-airplane-factory/feed/,/2013/03/the-high-risk-airplane-factory/,301,attachmentpagina
/fr/2013/04/communication-race/,/2013/04/communication-race/,301,vertaalde fallback
/fr/2013/04/communication-race/feed/,/2013/04/communication-race/,301,attachmentpagina
/fr/2013/04/e-w-a-n-mcgregor/,/2013/04/e-w-a-n-mcgregor/,301,vertaalde fallback
/fr/2013/04/e-w-a-n-mcgregor/feed/,/2013/04/e-w-a-n-mcgregor/,301,attachmentpagina
/fr/2013/04/the-risk-is-in-the-blocks/,/2013/04/the-risk-is-in-the-blocks/,301,vertaalde fallback
/fr/2013/04/the-risk-is-in-the-blocks/comment-page-1/,/2013/04/the-risk-is-in-the-blocks/,301,attachmentpagina
/fr/2013/04/the-risk-is-in-the-blocks/feed/,/2013/04/the-risk-is-in-the-blocks/,301,attachmentpagina
/fr/2013/05/the-penny-game/,/2013/05/the-penny-game/,301,vertaalde fallback
/fr/2013/05/the-penny-game/comment-page-1/,/2013/05/the-penny-game/,301,attachmentpagina
/fr/2013/05/the-penny-game/feed/,/2013/05/the-penny-game/,301,attachmentpagina
/fr/2013/07/francais-99-ballons-de-test/feed/,/fr/2013/07/francais-99-ballons-de-test/,301,attachmentpagina
/fr/2013/07/moodgraph/,/2013/07/moodgraph/,301,vertaalde fallback
/fr/2013/07/moodgraph/feed/,/2013/07/moodgraph/,301,attachmentpagina
/fr/2013/08/software-kanban-games/,/2013/08/software-kanban-games/,301,vertaalde fallback
/fr/2013/08/software-kanban-games/event-cards/,/2013/08/software-kanban-games/,301,attachmentpagina
/fr/2013/08/software-kanban-games/event-cards/feed/,/2013/08/software-kanban-games/,301,attachmentpagina
/fr/2013/08/software-kanban-games/expedite-story-cards/,/2013/08/software-kanban-games/,301,attachmentpagina
/fr/2013/08/software-kanban-games/expedite-story-cards/feed/,/2013/08/software-kanban-games/,301,attachmentpagina
/fr/2013/08/software-kanban-games/feed/,/2013/08/software-kanban-games/,301,attachmentpagina
/fr/2013/08/software-kanban-games/fixed-date-story-cards/,/2013/08/software-kanban-games/,301,attachmentpagina
/fr/2013/08/software-kanban-games/fixed-date-story-cards/feed/,/2013/08/software-kanban-games/,301,attachmentpagina
/fr/2013/08/software-kanban-games/standard-story-cards/,/2013/08/software-kanban-games/,301,attachmentpagina
/fr/2013/08/software-kanban-games/standard-story-cards/feed/,/2013/08/software-kanban-games/,301,attachmentpagina
/fr/2013/09/leadership-magic-trick/feed/,/fr/2013/09/leadership-magic-trick/,301,attachmentpagina
/fr/2013/09/line-up/,/2013/09/line-up/,301,vertaalde fallback
/fr/2013/09/line-up/feed/,/2013/09/line-up/,301,attachmentpagina
/fr/2013/09/mind-reading/,/2013/09/mind-reading/,301,vertaalde fallback
/fr/2013/09/mind-reading/feed/,/2013/09/mind-reading/,301,attachmentpagina
/fr/2013/09/mind-reading/mind-reader-game-elinor-slomba-with-independent-software-team/,/2013/09/mind-reading/,301,attachmentpagina
/fr/2013/09/mind-reading/mind-reader-game-elinor-slomba-with-independent-software-team/feed/,/2013/09/mind-reading/,301,attachmentpagina
/fr/2013/10/a-day-in-the-perfect-company-movie/,/2013/10/a-day-in-the-perfect-company-movie/,301,vertaalde fallback
/fr/2013/10/a-day-in-the-perfect-company-movie/feed/,/2013/10/a-day-in-the-perfect-company-movie/,301,attachmentpagina
/fr/2013/11/mobile-introspection-aka-opening-your-curatorial-eye/,/2013/11/mobile-introspection-aka-opening-your-curatorial-eye/,301,vertaalde fallback
/fr/2013/11/mobile-introspection-aka-opening-your-curatorial-eye/feed/,/2013/11/mobile-introspection-aka-opening-your-curatorial-eye/,301,attachmentpagina
/fr/2013/11/three-projects-three-experiments/,/2013/11/three-projects-three-experiments/,301,vertaalde fallback
/fr/2013/11/three-projects-three-experiments/feed/,/2013/11/three-projects-three-experiments/,301,attachmentpagina
/fr/2013/12/2014-san-jose-budget-games/,/2013/12/2014-san-jose-budget-games/,301,vertaalde fallback
/fr/2013/12/2014-san-jose-budget-games/feed/,/2013/12/2014-san-jose-budget-games/,301,attachmentpagina
/fr/2013/12/values-advocacy/,/2013/12/values-advocacy/,301,vertaalde fallback
/fr/2013/12/values-advocacy/feed/,/2013/12/values-advocacy/,301,attachmentpagina
/fr/2014/01/christmas-lucky-dip-game-with-a-twist-energise-your-christmas-party/,/2014/01/christmas-lucky-dip-game-with-a-twist-energise-your-christmas-party/,301,vertaalde fallback
/fr/2014/01/christmas-lucky-dip-game-with-a-twist-energise-your-christmas-party/comment-page-1/,/2014/01/christmas-lucky-dip-game-with-a-twist-energise-your-christmas-party/,301,attachmentpagina
/fr/2014/01/christmas-lucky-dip-game-with-a-twist-energise-your-christmas-party/feed/,/2014/01/christmas-lucky-dip-game-with-a-twist-energise-your-christmas-party/,301,attachmentpagina
/fr/2014/01/scrum-roles-and-responsibilities-game/,/2014/01/scrum-roles-and-responsibilities-game/,301,vertaalde fallback
/fr/2014/01/scrum-roles-and-responsibilities-game/comment-page-1/,/2014/01/scrum-roles-and-responsibilities-game/,301,attachmentpagina
/fr/2014/01/scrum-roles-and-responsibilities-game/feed/,/2014/01/scrum-roles-and-responsibilities-game/,301,attachmentpagina
/fr/2014/02/card-in-a-sealed-envelope/,/2014/02/card-in-a-sealed-envelope/,301,vertaalde fallback
/fr/2014/02/card-in-a-sealed-envelope/feed/,/2014/02/card-in-a-sealed-envelope/,301,attachmentpagina
/fr/2014/02/matching-values/,/2014/02/matching-values/,301,vertaalde fallback
/fr/2014/02/matching-values/feed/,/2014/02/matching-values/,301,attachmentpagina
/fr/2014/02/means-first-then-states/feed/,/fr/2014/02/means-first-then-states/,301,attachmentpagina
/fr/2014/03/the-sandwich-retrospective/,/2014/03/the-sandwich-retrospective/,301,vertaalde fallback
/fr/2014/03/the-sandwich-retrospective/feed/,/2014/03/the-sandwich-retrospective/,301,attachmentpagina
/fr/2014/05/ball-flow-game/,/2014/05/ball-flow-game/,301,vertaalde fallback
/fr/2014/05/ball-flow-game/feed/,/2014/05/ball-flow-game/,301,attachmentpagina
/fr/2014/05/lego-flow-game/,/2014/05/lego-flow-game/,301,vertaalde fallback
/fr/2014/05/lego-flow-game/feed/,/2014/05/lego-flow-game/,301,attachmentpagina
/fr/2014/05/the-product-owner-role/,/2014/05/the-product-owner-role/,301,vertaalde fallback
/fr/2014/05/the-product-owner-role/feed/,/2014/05/the-product-owner-role/,301,attachmentpagina
/fr/2014/06/defining-done/,/2014/06/defining-done/,301,vertaalde fallback
/fr/2014/06/defining-done/comment-page-1/,/2014/06/defining-done/,301,attachmentpagina
/fr/2014/06/defining-done/feed/,/2014/06/defining-done/,301,attachmentpagina
/fr/2014/06/epic-bedtime-story/,/2014/06/epic-bedtime-story/,301,vertaalde fallback
/fr/2014/06/epic-bedtime-story/feed/,/2014/06/epic-bedtime-story/,301,attachmentpagina
/fr/2014/06/the-rocket-retrospective/,/2014/06/the-rocket-retrospective/,301,vertaalde fallback
/fr/2014/06/the-rocket-retrospective/comment-page-1/,/2014/06/the-rocket-retrospective/,301,attachmentpagina
/fr/2014/06/the-rocket-retrospective/feed/,/2014/06/the-rocket-retrospective/,301,attachmentpagina
/fr/2014/07/project-snapper-an-inception-value-realisation-game/,/2014/07/project-snapper-an-inception-value-realisation-game/,301,vertaalde fallback
/fr/2014/07/project-snapper-an-inception-value-realisation-game/feed/,/2014/07/project-snapper-an-inception-value-realisation-game/,301,attachmentpagina
/fr/2014/07/scrumheads-the-daily-scrum-game/,/2014/07/scrumheads-the-daily-scrum-game/,301,vertaalde fallback
/fr/2014/07/scrumheads-the-daily-scrum-game/feed/,/2014/07/scrumheads-the-daily-scrum-game/,301,attachmentpagina
/fr/2014/07/sudokuban-a-kanban-in-action-game-in-puzzles/,/2014/07/sudokuban-a-kanban-in-action-game-in-puzzles/,301,vertaalde fallback
/fr/2014/07/sudokuban-a-kanban-in-action-game-in-puzzles/feed/,/2014/07/sudokuban-a-kanban-in-action-game-in-puzzles/,301,attachmentpagina
/fr/2014/07/the-cultural-radars/,/2014/07/the-cultural-radars/,301,vertaalde fallback
/fr/2014/07/the-cultural-radars/feed/,/2014/07/the-cultural-radars/,301,attachmentpagina
/fr/2014/08/cynefin-with-the-team-drawer/,/2014/08/cynefin-with-the-team-drawer/,301,vertaalde fallback
/fr/2014/08/cynefin-with-the-team-drawer/feed/,/2014/08/cynefin-with-the-team-drawer/,301,attachmentpagina
/fr/2014/08/the-newlywed-game/,/2014/08/the-newlywed-game/,301,vertaalde fallback
/fr/2014/08/the-newlywed-game/feed/,/2014/08/the-newlywed-game/,301,attachmentpagina
/fr/2014/09/new-kanban-simulation-game-featureban/,/2014/09/new-kanban-simulation-game-featureban/,301,vertaalde fallback
/fr/2014/09/new-kanban-simulation-game-featureban/feed/,/2014/09/new-kanban-simulation-game-featureban/,301,attachmentpagina
/fr/2014/09/the-estimation-quest/,/2014/09/the-estimation-quest/,301,vertaalde fallback
/fr/2014/09/the-estimation-quest/feed/,/2014/09/the-estimation-quest/,301,attachmentpagina
/fr/2014/10/fellowship-of-the-goal-gamify-the-cardwall/,/2014/10/fellowship-of-the-goal-gamify-the-cardwall/,301,vertaalde fallback
/fr/2014/10/fellowship-of-the-goal-gamify-the-cardwall/feed/,/2014/10/fellowship-of-the-goal-gamify-the-cardwall/,301,attachmentpagina
/fr/2014/10/team-responsibility-game/,/2014/10/team-responsibility-game/,301,vertaalde fallback
/fr/2014/10/team-responsibility-game/comment-page-1/,/2014/10/team-responsibility-game/,301,attachmentpagina
/fr/2014/10/team-responsibility-game/feed/,/2014/10/team-responsibility-game/,301,attachmentpagina
/fr/2014/10/the-planning-quest/,/2014/10/the-planning-quest/,301,vertaalde fallback
/fr/2014/10/the-planning-quest/feed/,/2014/10/the-planning-quest/,301,attachmentpagina
/fr/2014/11/the-zmey-planning/,/2014/11/the-zmey-planning/,301,vertaalde fallback
/fr/2014/11/the-zmey-planning/feed/,/2014/11/the-zmey-planning/,301,attachmentpagina
/fr/2014/11/user-stories-vs-requirements/,/2014/11/user-stories-vs-requirements/,301,vertaalde fallback
/fr/2014/11/user-stories-vs-requirements/comment-page-1/,/2014/11/user-stories-vs-requirements/,301,attachmentpagina
/fr/2014/11/user-stories-vs-requirements/feed/,/2014/11/user-stories-vs-requirements/,301,attachmentpagina
/fr/2014/12/team-trust-canvas/,/2014/12/team-trust-canvas/,301,vertaalde fallback
/fr/2014/12/team-trust-canvas/feed/,/2014/12/team-trust-canvas/,301,attachmentpagina
/fr/2014/12/team-trust-canvas/team-trust-canvas-eng/,/2014/12/team-trust-canvas/,301,attachmentpagina
/fr/2014/12/team-trust-canvas/team-trust-canvas-eng/feed/,/2014/12/team-trust-canvas/,301,attachmentpagina
/fr/2014/12/the-fatware-matrix/,/2014/12/the-fatware-matrix/,301,vertaalde fallback
/fr/2014/12/the-fatware-matrix/feed/,/2014/12/the-fatware-matrix/,301,attachmentpagina
/fr/2015/01/hold-the-ball-longer-stronger-together/,/2015/01/hold-the-ball-longer-stronger-together/,301,vertaalde fallback
/fr/2015/01/hold-the-ball-longer-stronger-together/comment-page-1/,/2015/01/hold-the-ball-longer-stronger-together/,301,attachmentpagina
/fr/2015/01/hold-the-ball-longer-stronger-together/feed/,/2015/01/hold-the-ball-longer-stronger-together/,301,attachmentpagina
/fr/2015/01/hold-the-ball-longer-stronger-together/image-for-3-2-section/,/2015/01/hold-the-ball-longer-stronger-together/,301,attachmentpagina
/fr/2015/01/hold-the-ball-longer-stronger-together/image-for-3-2-section/feed/,/2015/01/hold-the-ball-longer-stronger-together/,301,attachmentpagina
/fr/2015/01/hold-the-ball-longer-stronger-together/image-for-5-2-section/,/2015/01/hold-the-ball-longer-stronger-together/,301,attachmentpagina
/fr/2015/01/hold-the-ball-longer-stronger-together/image-for-5-2-section/feed/,/2015/01/hold-the-ball-longer-stronger-together/,301,attachmentpagina
/fr/2015/01/hold-the-ball-longer-stronger-together/image-for-6-3-section/,/2015/01/hold-the-ball-longer-stronger-together/,301,attachmentpagina
/fr/2015/01/hold-the-ball-longer-stronger-together/image-for-6-3-section/feed/,/2015/01/hold-the-ball-longer-stronger-together/,301,attachmentpagina
/fr/2015/01/product-owner-challenge/,/2015/01/product-owner-challenge/,301,vertaalde fallback
/fr/2015/01/product-owner-challenge/feed/,/2015/01/product-owner-challenge/,301,attachmentpagina
/fr/2015/01/story-cube-time-line/,/2015/01/story-cube-time-line/,301,vertaalde fallback
/fr/2015/01/story-cube-time-line/feed/,/2015/01/story-cube-time-line/,301,attachmentpagina
/fr/2015/01/the-battle-of-the-retrospectives/,/2015/01/the-battle-of-the-retrospectives/,301,vertaalde fallback
/fr/2015/01/the-battle-of-the-retrospectives/feed/,/2015/01/the-battle-of-the-retrospectives/,301,attachmentpagina
/fr/2015/02/face-facts/,/2015/02/face-facts/,301,vertaalde fallback
/fr/2015/02/face-facts/feed/,/2015/02/face-facts/,301,attachmentpagina
/fr/2015/02/scrumble-an-agile-board-game/feed/,/fr/2015/02/scrumble-an-agile-board-game/,301,attachmentpagina
/fr/2015/02/the-workplace-equations/,/2015/02/the-workplace-equations/,301,vertaalde fallback
/fr/2015/02/the-workplace-equations/feed/,/2015/02/the-workplace-equations/,301,attachmentpagina
/fr/2015/02/video-scrum/,/2015/02/video-scrum/,301,vertaalde fallback
/fr/2015/02/video-scrum/comment-page-1/,/2015/02/video-scrum/,301,attachmentpagina
/fr/2015/02/video-scrum/feed/,/2015/02/video-scrum/,301,attachmentpagina
/fr/2015/03/a-day-at-the-movies/,/2015/03/a-day-at-the-movies/,301,vertaalde fallback
/fr/2015/03/a-day-at-the-movies/feed/,/2015/03/a-day-at-the-movies/,301,attachmentpagina
/fr/2015/03/the-teamwork-oscars/,/2015/03/the-teamwork-oscars/,301,vertaalde fallback
/fr/2015/03/the-teamwork-oscars/feed/,/2015/03/the-teamwork-oscars/,301,attachmentpagina
/fr/2015/04/mytoy-agile-product-development-game/,/2015/04/mytoy-agile-product-development-game/,301,vertaalde fallback
/fr/2015/04/mytoy-agile-product-development-game/feed/,/2015/04/mytoy-agile-product-development-game/,301,attachmentpagina
/fr/2015/04/play4agile-north-america-sept-11-13-2015/,/2015/04/play4agile-north-america-sept-11-13-2015/,301,vertaalde fallback
/fr/2015/04/play4agile-north-america-sept-11-13-2015/feed/,/2015/04/play4agile-north-america-sept-11-13-2015/,301,attachmentpagina
/fr/2015/05/4729/,/2015/05/4729/,301,vertaalde fallback
/fr/2015/05/4729/feed/,/2015/05/4729/,301,attachmentpagina
/fr/2015/05/4729/telestrations-2/,/2015/05/4729/,301,attachmentpagina
/fr/2015/05/4729/telestrations-2/feed/,/2015/05/4729/,301,attachmentpagina
/fr/2015/05/agile-clock/,/2015/05/agile-clock/,301,vertaalde fallback
/fr/2015/05/agile-clock/comment-page-1/,/2015/05/agile-clock/,301,attachmentpagina
/fr/2015/05/agile-clock/feed/,/2015/05/agile-clock/,301,attachmentpagina
/fr/2015/05/weekend-escape/,/2015/05/weekend-escape/,301,vertaalde fallback
/fr/2015/05/weekend-escape/feed/,/2015/05/weekend-escape/,301,attachmentpagina
/fr/2015/07/agile-scrum-framework-at-glance/,/2015/07/agile-scrum-framework-at-glance/,301,vertaalde fallback
/fr/2015/07/more-meaningful-stories/,/2015/07/more-meaningful-stories/,301,vertaalde fallback
/fr/2015/07/more-meaningful-stories/comment-page-1/,/2015/07/more-meaningful-stories/,301,attachmentpagina
/fr/2015/07/more-meaningful-stories/feed/,/2015/07/more-meaningful-stories/,301,attachmentpagina
/fr/2015/07/penny-flow/,/2015/07/penny-flow/,301,vertaalde fallback
/fr/2015/07/penny-flow/comment-page-1/,/2015/07/penny-flow/,301,attachmentpagina
/fr/2015/07/penny-flow/feed/,/2015/07/penny-flow/,301,attachmentpagina
/fr/2015/08/kanban-pizza-game/,/2015/08/kanban-pizza-game/,301,vertaalde fallback
/fr/2015/08/kanban-pizza-game/feed/,/2015/08/kanban-pizza-game/,301,attachmentpagina
/fr/2015/08/one-word-retrospective-game/,/2015/08/one-word-retrospective-game/,301,vertaalde fallback
/fr/2015/08/one-word-retrospective-game/comment-page-1/,/2015/08/one-word-retrospective-game/,301,attachmentpagina
/fr/2015/08/one-word-retrospective-game/feed/,/2015/08/one-word-retrospective-game/,301,attachmentpagina
/fr/2015/08/retrospective-darts/,/2015/08/retrospective-darts/,301,vertaalde fallback
/fr/2015/08/retrospective-darts/feed/,/2015/08/retrospective-darts/,301,attachmentpagina
/fr/2015/08/the-bicycle-game/,/2015/08/the-bicycle-game/,301,vertaalde fallback
/fr/2015/08/the-bicycle-game/feed/,/2015/08/the-bicycle-game/,301,attachmentpagina
/fr/2015/09/scrumgauntlet/,/2015/09/scrumgauntlet/,301,vertaalde fallback
/fr/2015/09/scrumgauntlet/feed/,/2015/09/scrumgauntlet/,301,attachmentpagina
/fr/2015/09/scrumgauntlet/gauntletreqs/,/2015/09/scrumgauntlet/,301,attachmentpagina
/fr/2015/09/scrumgauntlet/gauntletreqs/feed/,/2015/09/scrumgauntlet/,301,attachmentpagina
/fr/2015/09/scrumgauntlet/positioning-2/,/2015/09/scrumgauntlet/,301,attachmentpagina
/fr/2015/09/scrumgauntlet/positioning-2/feed/,/2015/09/scrumgauntlet/,301,attachmentpagina
/fr/2015/09/scrumgauntlet/todototest/,/2015/09/scrumgauntlet/,301,attachmentpagina
/fr/2015/09/scrumgauntlet/todototest/feed/,/2015/09/scrumgauntlet/,301,attachmentpagina
/fr/2015/09/spreadsheet-craftsmanship/,/2015/09/spreadsheet-craftsmanship/,301,vertaalde fallback
/fr/2015/09/spreadsheet-craftsmanship/feed/,/2015/09/spreadsheet-craftsmanship/,301,attachmentpagina
/fr/2015/10/4-ls/4ls/,/fr/2015/10/4-ls/,301,attachmentpagina
/fr/2015/10/jargonbust/,/2015/10/jargonbust/,301,vertaalde fallback
/fr/2015/10/jargonbust/feed/,/2015/10/jargonbust/,301,attachmentpagina
/fr/2015/11/silent-collaboration/,/2015/11/silent-collaboration/,301,vertaalde fallback
/fr/2015/11/silent-collaboration/feed/,/2015/11/silent-collaboration/,301,attachmentpagina
/fr/2015/12/this-sprint-future-o-spective-with-santa-claus/,/2015/12/this-sprint-future-o-spective-with-santa-claus/,301,vertaalde fallback
/fr/2015/12/this-sprint-future-o-spective-with-santa-claus/feed/,/2015/12/this-sprint-future-o-spective-with-santa-claus/,301,attachmentpagina
/fr/2015/12/this-sprint-future-o-spective-with-santa-claus/wp_20151216_003/,/2015/12/this-sprint-future-o-spective-with-santa-claus/,301,attachmentpagina
/fr/2016/01/daily-stand-up-simulation/,/2016/01/daily-stand-up-simulation/,301,vertaalde fallback
/fr/2016/01/daily-stand-up-simulation/comment-page-1/,/2016/01/daily-stand-up-simulation/,301,attachmentpagina
/fr/2016/01/daily-stand-up-simulation/feed/,/2016/01/daily-stand-up-simulation/,301,attachmentpagina
/fr/2016/01/hitting-the-target-business-value-in-mission-focused-organizations/,/2016/01/hitting-the-target-business-value-in-mission-focused-organizations/,301,vertaalde fallback
/fr/2016/01/hitting-the-target-business-value-in-mission-focused-organizations/feed/,/2016/01/hitting-the-target-business-value-in-mission-focused-organizations/,301,attachmentpagina
/fr/2016/01/the-job-title-game/,/2016/01/the-job-title-game/,301,vertaalde fallback
/fr/2016/01/the-job-title-game/feed/,/2016/01/the-job-title-game/,301,attachmentpagina
/fr/2016/02/iterative-incremental-big-bang-2/,/2016/02/iterative-incremental-big-bang-2/,301,vertaalde fallback
/fr/2016/02/iterative-incremental-big-bang-2/comment-page-1/,/2016/02/iterative-incremental-big-bang-2/,301,attachmentpagina
/fr/2016/02/iterative-incremental-big-bang-2/feed/,/2016/02/iterative-incremental-big-bang-2/,301,attachmentpagina
/fr/2016/02/the-misemotions-game/,/2016/02/the-misemotions-game/,301,vertaalde fallback
/fr/2016/02/the-misemotions-game/feed/,/2016/02/the-misemotions-game/,301,attachmentpagina
/fr/2016/02/the-roast/,/2016/02/the-roast/,301,vertaalde fallback
/fr/2016/02/the-roast/feed/,/2016/02/the-roast/,301,attachmentpagina
/fr/2016/02/try-or-die-the-x-periment/,/2016/02/try-or-die-the-x-periment/,301,vertaalde fallback
/fr/2016/02/try-or-die-the-x-periment/comment-page-1/,/2016/02/try-or-die-the-x-periment/,301,attachmentpagina
/fr/2016/02/try-or-die-the-x-periment/feed/,/2016/02/try-or-die-the-x-periment/,301,attachmentpagina
/fr/2016/03/agile-jenga-testing-game/,/2016/03/agile-jenga-testing-game/,301,vertaalde fallback
/fr/2016/03/agile-jenga-testing-game/feed/,/2016/03/agile-jenga-testing-game/,301,attachmentpagina
/fr/2016/04/play4agile-north-america-2016-sept-9-11/,/2016/04/play4agile-north-america-2016-sept-9-11/,301,vertaalde fallback
/fr/2016/04/play4agile-north-america-2016-sept-9-11/feed/,/2016/04/play4agile-north-america-2016-sept-9-11/,301,attachmentpagina
/fr/2016/05/5668/,/2016/05/5668/,301,vertaalde fallback
/fr/2016/05/5668/comment-page-1/,/2016/05/5668/,301,attachmentpagina
/fr/2016/05/5668/feed/,/2016/05/5668/,301,attachmentpagina
/fr/2016/05/n-listen/,/2016/05/n-listen/,301,vertaalde fallback
/fr/2016/05/n-listen/feed/,/2016/05/n-listen/,301,attachmentpagina
/fr/2016/05/personal-space-workshop/,/2016/05/personal-space-workshop/,301,vertaalde fallback
/fr/2016/05/personal-space-workshop/feed/,/2016/05/personal-space-workshop/,301,attachmentpagina
/fr/2016/05/throw-the-cat-and-other-objects/,/2016/05/throw-the-cat-and-other-objects/,301,vertaalde fallback
/fr/2016/05/throw-the-cat-and-other-objects/feed/,/2016/05/throw-the-cat-and-other-objects/,301,attachmentpagina
/fr/2016/06/first-things-first/,/2016/06/first-things-first/,301,vertaalde fallback
/fr/2016/06/first-things-first/feed/,/2016/06/first-things-first/,301,attachmentpagina
/fr/2016/06/judgement-juggler/,/2016/06/judgement-juggler/,301,vertaalde fallback
/fr/2016/06/judgement-juggler/feed/,/2016/06/judgement-juggler/,301,attachmentpagina
/fr/2016/06/paint-the-story-point/,/2016/06/paint-the-story-point/,301,vertaalde fallback
/fr/2016/06/paint-the-story-point/comment-page-1/,/2016/06/paint-the-story-point/,301,attachmentpagina
/fr/2016/06/paint-the-story-point/feed/,/2016/06/paint-the-story-point/,301,attachmentpagina
/fr/2016/06/scrum-card-game/,/2016/06/scrum-card-game/,301,vertaalde fallback
/fr/2016/06/scrum-card-game/feed/,/2016/06/scrum-card-game/,301,attachmentpagina
/fr/2016/06/scrum-values-roles-card-game/,/2016/06/scrum-values-roles-card-game/,301,vertaalde fallback
/fr/2016/06/scrum-values-roles-card-game/cardset/,/2016/06/scrum-values-roles-card-game/,301,attachmentpagina
/fr/2016/06/the-agile-mindset-workshop/,/2016/06/the-agile-mindset-workshop/,301,vertaalde fallback
/fr/2016/07/nexus-zoo-a-scaling-simulator/,/2016/07/nexus-zoo-a-scaling-simulator/,301,vertaalde fallback
/fr/2016/07/nexus-zoo-a-scaling-simulator/feed/,/2016/07/nexus-zoo-a-scaling-simulator/,301,attachmentpagina
/fr/2016/07/nexus-zoo-a-scaling-simulator/nexuszoo/,/2016/07/nexus-zoo-a-scaling-simulator/,301,attachmentpagina
/fr/2016/07/scrum-simulation-with-minecraft/,/2016/07/scrum-simulation-with-minecraft/,301,vertaalde fallback
/fr/2016/08/pitfalls-possibilities/,/2016/08/pitfalls-possibilities/,301,vertaalde fallback
/fr/2016/08/pitfalls-possibilities/feed/,/2016/08/pitfalls-possibilities/,301,attachmentpagina
/fr/2016/08/story-cubes-retrospective/,/2016/08/story-cubes-retrospective/,301,vertaalde fallback
/fr/2016/08/story-cubes-retrospective/feed/,/2016/08/story-cubes-retrospective/,301,attachmentpagina
/fr/2016/09/to-plan-or-not-to-plan/,/2016/09/to-plan-or-not-to-plan/,301,vertaalde fallback
/fr/2016/09/to-plan-or-not-to-plan/comment-page-1/,/2016/09/to-plan-or-not-to-plan/,301,attachmentpagina
/fr/2016/09/to-plan-or-not-to-plan/feed/,/2016/09/to-plan-or-not-to-plan/,301,attachmentpagina
/fr/2016/10/the-coffee-game/,/2016/10/the-coffee-game/,301,vertaalde fallback
/fr/2016/10/the-coffee-game/feed/,/2016/10/the-coffee-game/,301,attachmentpagina
/fr/2016/12/lego-team-building/,/2016/12/lego-team-building/,301,vertaalde fallback
/fr/2017/01/logo-maze-why-we-test-first/,/2017/01/logo-maze-why-we-test-first/,301,vertaalde fallback
/fr/2017/02/cards-against-agility/,/2017/02/cards-against-agility/,301,vertaalde fallback
/fr/2017/02/failure-memory-game/,/2017/02/failure-memory-game/,301,vertaalde fallback
/fr/2017/02/failure-memory-game/cc-sa4-0-2/,/2017/02/failure-memory-game/,301,attachmentpagina
/fr/2017/02/failure-memory-game/feed/,/2017/02/failure-memory-game/,301,attachmentpagina
/fr/2017/02/simplicity-in-lego-technical-practices/,/2017/02/simplicity-in-lego-technical-practices/,301,vertaalde fallback
/fr/2017/02/simplicity-in-lego-technical-practices/feed/,/2017/02/simplicity-in-lego-technical-practices/,301,attachmentpagina
/fr/2017/03/x-matrix-jigsaw-puzzle/,/2017/03/x-matrix-jigsaw-puzzle/,301,vertaalde fallback
/fr/2017/04/company-profile/,/2017/04/company-profile/,301,vertaalde fallback
/fr/2017/04/company-profile/feed/,/2017/04/company-profile/,301,attachmentpagina
/fr/2017/04/the-lean-star-game/,/2017/04/the-lean-star-game/,301,vertaalde fallback
/fr/2017/04/the-lean-star-game/comment-page-1/,/2017/04/the-lean-star-game/,301,attachmentpagina
/fr/2017/04/the-lean-star-game/feed/,/2017/04/the-lean-star-game/,301,attachmentpagina
/fr/2017/05/gameception-–-the-team-game-that-creates-itself/,/2017/05/gameception-–-the-team-game-that-creates-itself/,301,vertaalde fallback
/fr/2017/05/gameception-–-the-team-game-that-creates-itself/feed/,/2017/05/gameception-–-the-team-game-that-creates-itself/,301,attachmentpagina
/fr/2017/05/may-the-4th-force-be-with-you-retrospective/,/2017/05/may-the-4th-force-be-with-you-retrospective/,301,vertaalde fallback
/fr/2017/05/may-the-4th-force-be-with-you-retrospective/feed/,/2017/05/may-the-4th-force-be-with-you-retrospective/,301,attachmentpagina
/fr/2017/06/lets-take-a-journey-retrospective/,/2017/06/lets-take-a-journey-retrospective/,301,vertaalde fallback
/fr/2017/06/the-kanban-silly-tasks-game/,/2017/06/the-kanban-silly-tasks-game/,301,vertaalde fallback
/fr/2017/06/the-league-of-extraordinarily-shortsighted-agile-superleaders-retrospective/,/2017/06/the-league-of-extraordinarily-shortsighted-agile-superleaders-retrospective/,301,vertaalde fallback
/fr/2017/07/decoration-kanban/,/2017/07/decoration-kanban/,301,vertaalde fallback
/fr/2017/07/time-tree-fertilizer-retro/,/2017/07/time-tree-fertilizer-retro/,301,vertaalde fallback
/fr/2017/07/time-tree-fertilizer-retro/comment-page-1/,/2017/07/time-tree-fertilizer-retro/,301,attachmentpagina
/fr/2017/07/time-tree-fertilizer-retro/feed/,/2017/07/time-tree-fertilizer-retro/,301,attachmentpagina
/fr/2017/09/cardunit-a-unit-testing-simulation/,/2017/09/cardunit-a-unit-testing-simulation/,301,vertaalde fallback
/fr/2017/09/positive-change-canvas/,/2017/09/positive-change-canvas/,301,vertaalde fallback
/fr/2017/09/positive-change-canvas/feed/,/2017/09/positive-change-canvas/,301,attachmentpagina
/fr/2017/09/the-large-scale-scrum-less-dynamics-game/,/2017/09/the-large-scale-scrum-less-dynamics-game/,301,vertaalde fallback
/fr/2017/10/deep-dive-into-kanban-essentials-using-donut-making/,/2017/10/deep-dive-into-kanban-essentials-using-donut-making/,301,vertaalde fallback
/fr/2017/10/sinking-islands/,/2017/10/sinking-islands/,301,vertaalde fallback
/fr/2017/10/the-core-beliefs-of-waterfall-agile-and-lean/,/2017/10/the-core-beliefs-of-waterfall-agile-and-lean/,301,vertaalde fallback
/fr/2017/10/the-core-beliefs-of-waterfall-agile-and-lean/comment-page-1/,/2017/10/the-core-beliefs-of-waterfall-agile-and-lean/,301,attachmentpagina
/fr/2017/10/the-core-beliefs-of-waterfall-agile-and-lean/feed/,/2017/10/the-core-beliefs-of-waterfall-agile-and-lean/,301,attachmentpagina
/fr/2017/12/core-scrum-game/,/2017/12/core-scrum-game/,301,vertaalde fallback
/fr/2018/01/the-fast-and-the-furious-and-other-fs-retrospective-activity/,/2018/01/the-fast-and-the-furious-and-other-fs-retrospective-activity/,301,vertaalde fallback
/fr/2018/04/pass-the-perfection/,/2018/04/pass-the-perfection/,301,vertaalde fallback
/fr/2018/05/sprint-simulation-scrum-practice-game/,/2018/05/sprint-simulation-scrum-practice-game/,301,vertaalde fallback
/fr/2018/06/sequence-an-agile-integration-game/,/2018/06/sequence-an-agile-integration-game/,301,vertaalde fallback
/fr/2018/07/a-non-it-scrum-simulation-game-learn-scrum-and-self-organizing-through-a-game/,/2018/07/a-non-it-scrum-simulation-game-learn-scrum-and-self-organizing-through-a-game/,301,vertaalde fallback
/fr/2018/07/check-your-mindset/,/2018/07/check-your-mindset/,301,vertaalde fallback
/fr/2018/07/check-your-mindset/feed/,/2018/07/check-your-mindset/,301,attachmentpagina
/fr/2018/07/the-feedback-game/,/2018/07/the-feedback-game/,301,vertaalde fallback
/fr/2018/07/the-feedback-game/feed/,/2018/07/the-feedback-game/,301,attachmentpagina
/fr/2018/08/the-matchup-canvas/,/2018/08/the-matchup-canvas/,301,vertaalde fallback
/fr/2018/08/the-spark-engine/,/2018/08/the-spark-engine/,301,vertaalde fallback
/fr/2018/08/the-spark-engine/comment-page-1/,/2018/08/the-spark-engine/,301,attachmentpagina
/fr/2018/08/the-spark-engine/feed/,/2018/08/the-spark-engine/,301,attachmentpagina
/fr/2018/09/heart-of-agile-psychic-handshake/,/2018/09/heart-of-agile-psychic-handshake/,301,vertaalde fallback
/fr/2018/11/core-less-game/,/2018/11/core-less-game/,301,vertaalde fallback
/fr/2018/12/valuable-paper-airplanes/,/2018/12/valuable-paper-airplanes/,301,vertaalde fallback
/fr/2019/01/witches-cooking-reunion/,/2019/01/witches-cooking-reunion/,301,vertaalde fallback
/fr/author/4agile/,/author/4agile-pl/,301,auteurarchief in andere taal
/fr/author/aaturuit-com/,/author/uruit-agile-adoption-team/,301,auteurarchief in andere taal
/fr/author/abi-bellgmail-com/,/author/abi-bellamkonda/,301,auteurarchief in andere taal
/fr/author/about/,,410,auteurarchief zonder gemigreerd record
/fr/author/admin/,/author/michael-mccullough/,301,auteurarchief in andere taal
/fr/author/agiledoodgmail-com/,/author/jason-little/,301,auteurarchief in andere taal
/fr/author/agileinitiativesgmail-com/,/author/gretchen-knode/,301,auteurarchief in andere taal
/fr/author/agileschoolsgmail-com/,/author/john-miller/,301,auteurarchief in andere taal
/fr/author/agilityteamduo-nl/,/author/duo-agilityteam/,301,auteurarchief in andere taal
/fr/author/agillero/,/author/agillero/,301,auteurarchief in andere taal
/fr/author/agiludic/,/author/olaf-bublitz/,301,auteurarchief in andere taal
/fr/author/ahilesblueyonder-co-uk/,/author/andy-hiles/,301,auteurarchief in andere taal
/fr/author/aleem-khan360pmo-com/,/author/aleem-khan/,301,auteurarchief in andere taal
/fr/author/alexb/,/author/alex-boutin/,301,auteurarchief in andere taal
/fr/author/alexey-pikulevagiletech-ru/,/author/alexey-pikulev/,301,auteurarchief in andere taal
/fr/author/alexeykrivitskygmail-com/,/author/alexey-krivitsky/,301,auteurarchief in andere taal
/fr/author/amr-noamangmail-com/,/author/amr-noaman/,301,auteurarchief in andere taal
/fr/author/andrewjcharltonhotmail-com/,/author/andrew-charlton/,301,auteurarchief in andere taal
/fr/author/andrewruslinghotmail-com/,/author/andrew-rusling/,301,auteurarchief in andere taal
/fr/author/anukhendry/,/author/anukhendry/,301,auteurarchief in andere taal
/fr/author/artsintersticesgmail-com/,/author/elinor-slomba/,301,auteurarchief in andere taal
/fr/author/attarian-samangmail-com/,/author/saman-attarian/,301,auteurarchief in andere taal
/fr/author/b-scharlauabdn-ac-uk/,/author/b-scharlau-abdn-ac-uk/,301,auteurarchief in andere taal
/fr/author/belindabeingagile-co-uk/,/author/belinda-waldock/,301,auteurarchief in andere taal
/fr/author/bencarey/,/author/ben-carey/,301,auteurarchief in andere taal
/fr/author/blakesoulofscrum-com/,/author/blake-mcmillan/,301,auteurarchief in andere taal
/fr/author/brunot-nicolasgmail-com/,/author/nicolas-brunot/,301,auteurarchief in andere taal
/fr/author/bryan_foleyatt-net/,/author/bryan-f/,301,auteurarchief in andere taal
/fr/author/carolina-gorositogmail-com/,/author/carolina-gorosito/,301,auteurarchief in andere taal
/fr/author/cesarioagilix-nl/,/author/cesario-ramos/,301,auteurarchief in andere taal
/fr/author/cetidata-pl/,/author/adam-cetnerowski/,301,auteurarchief in andere taal
/fr/author/chrisdeniaud-eu/,/author/chris-deniaud/,301,auteurarchief in andere taal
/fr/author/colleen-esposito/,/author/colleen-esposito/,301,auteurarchief in andere taal
/fr/author/craig-browncraigwbrown-net/,,410,auteurarchief zonder gemigreerd record
/fr/author/craigstrongandagile-co-uk/,/author/craig-strong/,301,auteurarchief in andere taal
/fr/author/cramtirolf/,/author/marc-florit/,301,auteurarchief in andere taal
/fr/author/d-andre-dhondtgmail-com/,/author/andre-dhondt/,301,auteurarchief in andere taal
/fr/author/daamonpgmail-com/,/author/daamon-parker/,301,auteurarchief in andere taal
/fr/author/danginngmail-com/,/author/dan-ginn/,301,auteurarchief in andere taal
/fr/author/david_kanehouseofyin-com/,/author/david-kane/,301,auteurarchief in andere taal
/fr/author/davidscrumandkanban-co-uk/,/author/david-lowe/,301,auteurarchief in andere taal
/fr/author/ddwebgate-ltd-uk/,/author/derek-davidson/,301,auteurarchief in andere taal
/fr/author/debashis2507/,/author/debashis2507/,301,auteurarchief in andere taal
/fr/author/debdeborahpreuss-com/,/author/deborah-hartmann-preuss/,301,auteurarchief in andere taal
/fr/author/deepakjsfwltd-co-uk/,/author/deepak-joshi/,301,auteurarchief in andere taal
/fr/author/dennis-somervillegmail-com/,/author/dennis-somerville/,301,auteurarchief in andere taal
/fr/author/dinamaria/,/author/dinamaria/,301,auteurarchief in andere taal
/fr/author/dkoontz/,/author/david-koontz/,301,auteurarchief in andere taal
/fr/author/docanotherthought-com/,/author/doc-list/,301,auteurarchief in andere taal
/fr/author/don/,/author/don-mcgreal/,301,auteurarchief in andere taal
/fr/author/doug-husovskygmail-com/,/author/doug-husovsky/,301,auteurarchief in andere taal
/fr/author/dpylayevagmail-com/,/author/dana-pylayeva/,301,auteurarchief in andere taal
/fr/author/dschilli/,/author/dschilli/,301,auteurarchief in andere taal
/fr/author/edbruingmail-com/,/author/e-bruin/,301,auteurarchief in andere taal
/fr/author/egrove/,/author/ellen-grove/,301,auteurarchief in andere taal
/fr/author/ellenebgconsulting-com/,/author/ellen-gottesdiener/,301,auteurarchief in andere taal
/fr/author/eloise-pelsergmail-com/,/author/eloise-pelser/,301,auteurarchief in andere taal
/fr/author/embedded-agility/,/author/embedded-agility/,301,auteurarchief in andere taal
/fr/author/emel-siegeloutlook-com/,/author/emel-siegel/,301,auteurarchief in andere taal
/fr/author/erichbuhlerhotmail-com/,/author/erich-buhler/,301,auteurarchief in andere taal
/fr/author/erwinkoogh-com/,/author/erwin-van-der-koogh/,301,auteurarchief in andere taal
/fr/author/eylul-c/,/author/eylul-c/,301,auteurarchief in andere taal
/fr/author/fabrice-aimettigmail-com/,/author/fabrice-aimetti/,301,auteurarchief in andere taal
/fr/author/fancydevgmail-com/,/author/illya-pavlichenko/,301,auteurarchief in andere taal
/fr/author/fredrikwendt-se/,/author/fredrik-wendt/,301,auteurarchief in andere taal
/fr/author/gameover/,/author/gameover/,301,auteurarchief in andere taal
/fr/author/geoffwatts/,/author/geoff-watts/,301,auteurarchief in andere taal
/fr/author/gregory-alexandregoood-pro/,/author/gregory-alexandre/,301,auteurarchief in andere taal
/fr/author/haritochka2-com/,/author/haralambi-haralambiev/,301,auteurarchief in andere taal
/fr/author/heitor/,/author/heitor-filho/,301,auteurarchief in andere taal
/fr/author/hgjpennartzyahoo-com/,/author/rik-pennartz/,301,auteurarchief in andere taal
/fr/author/hugo-emondgmail-com/,/author/hugo-emond/,301,auteurarchief in andere taal
/fr/author/infojesusmendez-ca/,/author/jesus-mendez/,301,auteurarchief in andere taal
/fr/author/ivo-peksensgmail-com/,/author/ivo-peksens/,301,auteurarchief in andere taal
/fr/author/jaap-dekkingagmail-com/,/author/jaap-dekkinga/,301,auteurarchief in andere taal
/fr/author/jameshurricanefour-com/,/author/james-scrimshire/,301,auteurarchief in andere taal
/fr/author/jason-hallcgmail-com/,/author/jason-hall/,301,auteurarchief in andere taal
/fr/author/jason-t-knightgmail-com/,/author/jason-knight/,301,auteurarchief in andere taal
/fr/author/javamvgmail-com/,/author/slava-moskalenko/,301,auteurarchief in andere taal
/fr/author/jeremy-willetsonbase-com/,/author/jeremy-willets/,301,auteurarchief in andere taal
/fr/author/joerim/,/author/joerim/,301,auteurarchief in andere taal
/fr/author/johng/,/author/johng/,301,auteurarchief in andere taal
/fr/author/jonathanbitwix-com/,/author/jonathan-clarke/,301,auteurarchief in andere taal
/fr/author/jonnorthernshoreconsulting-co-uk/,/author/jon-mcnestrie/,301,auteurarchief in andere taal
/fr/author/jose-manuel-ilinchetagmail-com/,/author/manuel-ilincheta/,301,auteurarchief in andere taal
/fr/author/julio-augustogmail-com/,/author/julio-oliveira/,301,auteurarchief in andere taal
/fr/author/karen-favazza-spencer/,/author/karen-favazza-spencer/,301,auteurarchief in andere taal
/fr/author/karlscotland/,/author/karl-scotland/,301,auteurarchief in andere taal
/fr/author/kbartlettvistaprint-com/,/author/kimberly-bartlett/,301,auteurarchief in andere taal
/fr/author/kenhoward01gmail-com/,/author/kenhoward01-gmail-com/,301,auteurarchief in andere taal
/fr/author/kfeltu/,/author/kfeltu/,301,auteurarchief in andere taal
/fr/author/kingdaddy8gmail-com/,/author/tom-grant/,301,auteurarchief in andere taal
/fr/author/kosciejewgmail-com/,/author/jeff-kosciejew/,301,auteurarchief in andere taal
/fr/author/kruse-ralfgooglemail-com/,/author/ralf-kruse/,301,auteurarchief in andere taal
/fr/author/laisanaome/,/author/laisanaome/,301,auteurarchief in andere taal
/fr/author/lmadhavigmail-com/,/author/ledalla-madhavi/,301,auteurarchief in andere taal
/fr/author/lthomasburrislogistics-com/,/author/lauren-thomas/,301,auteurarchief in andere taal
/fr/author/luke-hohmann/,/author/luke-hohmann/,301,auteurarchief in andere taal
/fr/author/lurena/,/author/lurena/,301,auteurarchief in andere taal
/fr/author/marcin-floryangmail-com/,/author/marcin-floryan/,301,auteurarchief in andere taal
/fr/author/marcin-zmigrodzkioctigo-pl/,/author/marcin-zmigrodzki/,301,auteurarchief in andere taal
/fr/author/mariete-sequeragmail-com/,/author/mariete-sequera-hernandez/,301,auteurarchief in andere taal
/fr/author/mark-reilly/,/author/mark-reilly/,301,auteurarchief in andere taal
/fr/author/marketinguruitgmail-com/,/author/martin-mari/,301,auteurarchief in andere taal
/fr/author/markus-wittwerweb-de/,/author/markus-wittwer/,301,auteurarchief in andere taal
/fr/author/martenscljgmail-com/,/author/christo-martens/,301,auteurarchief in andere taal
/fr/author/matthewrphilipgmail-com/,/author/matt-philip/,301,auteurarchief in andere taal
/fr/author/matthias-jouangmail-com/,/author/matthias-jouan/,301,auteurarchief in andere taal
/fr/author/mbowlergargoylesoftware-com/,/author/mike-bowler/,301,auteurarchief in andere taal
/fr/author/mburrows/,/author/mike-burrows/,301,auteurarchief in andere taal
/fr/author/mcjenkinsgmail-com/,/author/marie-claire-dean/,301,auteurarchief in andere taal
/fr/author/mertine/,/author/mertine/,301,auteurarchief in andere taal
/fr/author/michael-sahota/,/author/michael-sahota/,301,auteurarchief in andere taal
/fr/author/mike-burnsalumni-qut-edu-au/,/author/mike-burns/,301,auteurarchief in andere taal
/fr/author/mike-mccullough/,/author/mike-mccullough/,301,auteurarchief in andere taal
/fr/author/mikeleanintuit-com/,/author/mike-leanintuit-com/,301,auteurarchief in andere taal
/fr/author/mlevison/,/author/mark-levison/,301,auteurarchief in andere taal
/fr/author/mozratgmail-com/,/author/simon-morris/,301,auteurarchief in andere taal
/fr/author/mrcthompson/,/author/mrcthompson/,301,auteurarchief in andere taal
/fr/author/mtbadgleygmail-com/,/author/matt-badgley/,301,auteurarchief in andere taal
/fr/author/n_zdunicyahoo-com-au/,/author/nick-zdunic/,301,auteurarchief in andere taal
/fr/author/ntalensgmail-com/,/author/niels-talens/,301,auteurarchief in andere taal
/fr/author/ntsreejithgmail-com/,/author/sreejith-n-t/,301,auteurarchief in andere taal
/fr/author/nuno_borgeshotmail-com/,/author/nuno-borges/,301,auteurarchief in andere taal
/fr/author/ocbermudezgmail-com/,/author/ocbermudez/,301,auteurarchief in andere taal
/fr/author/olivier-destradefree-fr/,/author/olivier-destrade/,301,auteurarchief in andere taal
/fr/author/paul-osbornpharmacyonesource-com/,/author/paul-osborn/,301,auteurarchief in andere taal
/fr/author/paulagilify-co-uk/,/author/paul-goddard/,301,auteurarchief in andere taal
/fr/author/pauls/,/author/pauls/,301,auteurarchief in andere taal
/fr/author/pib-mtgmx-de/,/author/michael-tarnowski/,301,auteurarchief in andere taal
/fr/author/pierreneisgmail-com/,/author/pierre-e-neis/,301,auteurarchief in andere taal
/fr/author/pmboosyahoo-com/,/author/paul-boos/,301,auteurarchief in andere taal
/fr/author/przemek/,/author/przemek/,301,auteurarchief in andere taal
/fr/author/rdenisoncaptechconsulting-com/,/author/rob-denison/,301,auteurarchief in andere taal
/fr/author/renee-troughtongmail-com/,/author/renee-troughton/,301,auteurarchief in andere taal
/fr/author/richardkasperowski/,/author/richard-kasperowski/,301,auteurarchief in andere taal
/fr/author/rickard-ukgmail-com/,/author/rickard-jones/,301,auteurarchief in andere taal
/fr/author/robert-batusekgmail-com/,/author/robert-batusek/,301,auteurarchief in andere taal
/fr/author/romaintrocheriegmail-com/,/author/romain-trocherie/,301,auteurarchief in andere taal
/fr/author/rquartelgmail-com/,/author/ron-quartel/,301,auteurarchief in andere taal
/fr/author/sabbaghgmail-com/,/author/rafael-sabbagh/,301,auteurarchief in andere taal
/fr/author/samuelnew-bamboo-co-uk/,/author/sam-whiting/,301,auteurarchief in andere taal
/fr/author/schabba/,/author/sunish-chabba/,301,auteurarchief in andere taal
/fr/author/seabreezes1iglide-net/,/author/karen-favazza-spencer-2/,301,auteurarchief in andere taal
/fr/author/seanseantrobinson-co-uk/,/author/sean-robinson/,301,auteurarchief in andere taal
/fr/author/sgh-nijenhuisgmail-com/,/author/stefan-nijenhuis/,301,auteurarchief in andere taal
/fr/author/spenkar/,/author/spenkar/,301,auteurarchief in andere taal
/fr/author/stavrossfmi-uni-sofia-bg/,/author/stavros-stavru/,301,auteurarchief in andere taal
/fr/author/stephen-mounsey/,/author/stephen-mounsey/,301,auteurarchief in andere taal
/fr/author/steverogalsky-ca/,/author/steve-rogalsky/,301,auteurarchief in andere taal
/fr/author/stiedlmoccasoft-com/,/author/anja-stiedl/,301,auteurarchief in andere taal
/fr/author/sune-lomholtgmail-com/,/author/sune-lomholt/,301,auteurarchief in andere taal
/fr/author/tatyanayanush/,/author/tatyana-yanush/,301,auteurarchief in andere taal
/fr/author/tctc-dk/,/author/tc-tc-dk/,301,auteurarchief in andere taal
/fr/author/thomy-kayonline-de/,/author/thomy-kay/,301,auteurarchief in andere taal
/fr/author/throttlehogyahoo-com/,/author/jason-hall-2/,301,auteurarchief in andere taal
/fr/author/timothepdotnettastycupcakesgmail-com/,/author/tim-bourguignon/,301,auteurarchief in andere taal
/fr/author/timyevgrashyn/,/author/tim-yevgrashyn/,301,auteurarchief in andere taal
/fr/author/tobysinclair86gmail-com/,/author/tobysinclair86-gmail-com/,301,auteurarchief in andere taal
/fr/author/toddtoddcharron-com/,/author/todd-charron/,301,auteurarchief in andere taal
/fr/author/vasan-ramtastycupcakesgmail-com-2/,/author/ram-srinivasan/,301,auteurarchief in andere taal
/fr/author/veit/,/author/veit-richter/,301,auteurarchief in andere taal
/fr/author/vijay-bandaru/,/author/vijay-bandaru/,301,auteurarchief in andere taal
/fr/author/vkbandaruyahoo-com/,/author/vijay-bandaru-2/,301,auteurarchief in andere taal
/fr/author/vzanini5dvision-com/,/author/valerio-zanini/,301,auteurarchief in andere taal
/fr/author/wasitovayahoo-com/,/author/silvana-wasitova/,301,auteurarchief in andere taal
/fr/author/zvonimir-kriz/,/author/zvonimir-kriz/,301,auteurarchief in andere taal
/fr/author/zvonimir-krizgmail-com/,,410,auteurarchief zonder gemigreerd record
/game/,,410,pagina vervalt volgens CONTENT-MODEL §4
/game/comment-page-1/,,410,pagina vervalt volgens CONTENT-MODEL §4
/login/,,410,pagina vervalt volgens CONTENT-MODEL §4
/password-reset/,,410,pagina vervalt volgens CONTENT-MODEL §4
/pt/2009/06/60-paces/feed/,/pt/2009/06/60-paces/,301,attachmentpagina
/pt/2009/06/99-test-balloons/,/2009/06/99-test-balloons/,301,vertaalde fallback
/pt/2009/06/99-test-balloons/feed/,/2009/06/99-test-balloons/,301,attachmentpagina
/pt/2009/06/alaskan-road-trip/,/2009/06/alaskan-road-trip/,301,vertaalde fallback
/pt/2009/06/alphabet-game/feed/,/pt/2009/06/alphabet-game/,301,attachmentpagina
/pt/2009/06/coin-sorting/feed/,/pt/2009/06/coin-sorting/,301,attachmentpagina
/pt/2009/06/collaborative-origami/feed/,/pt/2009/06/collaborative-origami/,301,attachmentpagina
/pt/2009/06/doggy-planning/feed/,/pt/2009/06/doggy-planning/,301,attachmentpagina
/pt/2009/06/football-scrum/feed/,/pt/2009/06/football-scrum/,301,attachmentpagina
/pt/2009/06/location-location-location/,/2009/06/location-location-location/,301,vertaalde fallback
/pt/2009/06/location-location-location/feed/,/2009/06/location-location-location/,301,attachmentpagina
/pt/2009/06/mr-happy-face/,/2009/06/mr-happy-face/,301,vertaalde fallback
/pt/2009/06/mr-happy-face/feed/,/2009/06/mr-happy-face/,301,attachmentpagina
/pt/2009/06/no-one-listens-to-me/feed/,/pt/2009/06/no-one-listens-to-me/,301,attachmentpagina
/pt/2009/06/pair-programming-game/feed/,/pt/2009/06/pair-programming-game/,301,attachmentpagina
/pt/2009/06/picture-me/,/2009/06/picture-me/,301,vertaalde fallback
/pt/2009/06/picture-me/feed/,/2009/06/picture-me/,301,attachmentpagina
/pt/2009/06/planning-poker/,/2009/06/planning-poker/,301,vertaalde fallback
/pt/2009/06/planning-poker/feed/,/2009/06/planning-poker/,301,attachmentpagina
/pt/2009/06/presto-manifesto/feed/,/pt/2009/06/presto-manifesto/,301,attachmentpagina
/pt/2009/06/process-doodle/,/2009/06/process-doodle/,301,vertaalde fallback
/pt/2009/06/question-game/feed/,/pt/2009/06/question-game/,301,attachmentpagina
/pt/2009/06/rate-games-at-blog-tastycupcakes-com/,/2009/06/rate-games-at-blog-tastycupcakes-com/,301,vertaalde fallback
/pt/2009/06/rate-games-at-blog-tastycupcakes-com/feed/,/2009/06/rate-games-at-blog-tastycupcakes-com/,301,attachmentpagina
/pt/2009/06/resort-brochure/feed/,/pt/2009/06/resort-brochure/,301,attachmentpagina
/pt/2009/06/submit-your-game/,/2009/06/submit-your-game/,301,vertaalde fallback
/pt/2009/06/submit-your-game/feed/,/2009/06/submit-your-game/,301,attachmentpagina
/pt/2009/06/tangled-mess/,/2009/06/tangled-mess/,301,vertaalde fallback
/pt/2009/06/tangled-mess/feed/,/2009/06/tangled-mess/,301,attachmentpagina
/pt/2009/06/telephone-game/,/2009/06/telephone-game/,301,vertaalde fallback
/pt/2009/06/telephone-game/comment-page-1/,/2009/06/telephone-game/,301,attachmentpagina
/pt/2009/06/telephone-game/feed/,/2009/06/telephone-game/,301,attachmentpagina
/pt/2009/06/the-story-of-our-sprints/feed/,/pt/2009/06/the-story-of-our-sprints/,301,attachmentpagina
/pt/2009/06/the-train-game/feed/,/pt/2009/06/the-train-game/,301,attachmentpagina
/pt/2009/06/theory-of-constraints-dice-game/feed/,/pt/2009/06/theory-of-constraints-dice-game/,301,attachmentpagina
/pt/2009/06/were-having-a-party/feed/,/pt/2009/06/were-having-a-party/,301,attachmentpagina
/pt/2009/06/why-agile-games/,/2009/06/why-agile-games/,301,vertaalde fallback
/pt/2009/06/why-agile-games/feed/,/2009/06/why-agile-games/,301,attachmentpagina
/pt/2009/06/word-at-a-time-letter/,/2009/06/word-at-a-time-letter/,301,vertaalde fallback
/pt/2009/06/word-at-a-time-letter/feed/,/2009/06/word-at-a-time-letter/,301,attachmentpagina
/pt/2009/06/you-are-not-in-control/feed/,/pt/2009/06/you-are-not-in-control/,301,attachmentpagina
/pt/2009/07/people-polling/feed/,/pt/2009/07/people-polling/,301,attachmentpagina
/pt/2009/07/the-problem-with-principles/feed/,/pt/2009/07/the-problem-with-principles/,301,attachmentpagina
/pt/2009/08/example-please/feed/,/pt/2009/08/example-please/,301,attachmentpagina
/pt/2009/09/sizing-game/,/2009/09/sizing-game/,301,vertaalde fallback
/pt/2009/09/sizing-game/feed/,/2009/09/sizing-game/,301,attachmentpagina
/pt/2009/10/about/michael-mccullough/,,410,attachmentpagina zonder bestaande post
/pt/2009/10/map-flap/feed/,/pt/2009/10/map-flap/,301,attachmentpagina
/pt/2009/11/tastycupcakes-published-in-agile-journal/,/2009/11/tastycupcakes-published-in-agile-journal/,301,vertaalde fallback
/pt/2009/11/tastycupcakes-published-in-agile-journal/feed/,/2009/11/tastycupcakes-published-in-agile-journal/,301,attachmentpagina
/pt/2009/12/tastycupcakes-agile-games-podcast-with-improving-enterprises/,/2009/12/tastycupcakes-agile-games-podcast-with-improving-enterprises/,301,vertaalde fallback
/pt/2010/01/pocket-sized-principles/comment-page-1/,/pt/2010/01/pocket-sized-principles/,301,legacy URL
/pt/2010/01/pocket-sized-principles/feed/,/pt/2010/01/pocket-sized-principles/,301,attachmentpagina
/pt/2010/03/deep-agile-2010-empowering-teams-with-agile-games/,/2010/03/deep-agile-2010-empowering-teams-with-agile-games/,301,vertaalde fallback
/pt/2010/03/deep-agile-2010-empowering-teams-with-agile-games/feed/,/2010/03/deep-agile-2010-empowering-teams-with-agile-games/,301,attachmentpagina
/pt/2010/05/about/michael-mccullough/,,410,attachmentpagina zonder bestaande post
/pt/2010/05/first-agile-games-conference-at-deepagile/,/2010/05/first-agile-games-conference-at-deepagile/,301,vertaalde fallback
/pt/2010/05/first-agile-games-conference-at-deepagile/feed/,/2010/05/first-agile-games-conference-at-deepagile/,301,attachmentpagina
/pt/2010/07/the-backlog-is-in-the-eye-of-the-beholder/feed/,/pt/2010/07/the-backlog-is-in-the-eye-of-the-beholder/,301,attachmentpagina
/pt/2010/10/agile-games-conference-2011/,/2010/10/agile-games-conference-2011/,301,vertaalde fallback
/pt/2010/10/agile-games-conference-2011/feed/,/2010/10/agile-games-conference-2011/,301,attachmentpagina
/pt/2010/11/marshmallow-challenge/,/2010/11/marshmallow-challenge/,301,vertaalde fallback
/pt/2010/11/marshmallow-challenge/feed/,/2010/11/marshmallow-challenge/,301,attachmentpagina
/pt/2011/01/agile-games-2011-conference-super-early-bird-pricing-until-january-24-2011/,/2011/01/agile-games-2011-conference-super-early-bird-pricing-until-january-24-2011/,301,vertaalde fallback
/pt/2011/01/agile-games-2011-conference-super-early-bird-pricing-until-january-24-2011/feed/,/2011/01/agile-games-2011-conference-super-early-bird-pricing-until-january-24-2011/,301,attachmentpagina
/pt/2011/01/new-for-2011-tastycupcakes-updated-and-expanded-vision/,/2011/01/new-for-2011-tastycupcakes-updated-and-expanded-vision/,301,vertaalde fallback
/pt/2011/01/new-for-2011-tastycupcakes-updated-and-expanded-vision/feed/,/2011/01/new-for-2011-tastycupcakes-updated-and-expanded-vision/,301,attachmentpagina
/pt/2011/01/your-turn-to-play-get-involved-with-tasty-cupcakes/,/2011/01/your-turn-to-play-get-involved-with-tasty-cupcakes/,301,vertaalde fallback
/pt/2011/01/your-turn-to-play-get-involved-with-tasty-cupcakes/feed/,/2011/01/your-turn-to-play-get-involved-with-tasty-cupcakes/,301,attachmentpagina
/pt/2011/02/agile-games-2011-early-bird-prices-end-feb-28th/,/2011/02/agile-games-2011-early-bird-prices-end-feb-28th/,301,vertaalde fallback
/pt/2011/02/agile-games-2011-early-bird-prices-end-feb-28th/feed/,/2011/02/agile-games-2011-early-bird-prices-end-feb-28th/,301,attachmentpagina
/pt/2011/02/tasty-cupcakes-now-in-three-languages/,/2011/02/tasty-cupcakes-now-in-three-languages/,301,vertaalde fallback
/pt/2011/02/tasty-cupcakes-now-in-three-languages/feed/,/2011/02/tasty-cupcakes-now-in-three-languages/,301,attachmentpagina
/pt/2011/03/bang-for-the-buck-prioritization/,/2011/03/bang-for-the-buck-prioritization/,301,vertaalde fallback
/pt/2011/03/bang-for-the-buck-prioritization/feed/,/2011/03/bang-for-the-buck-prioritization/,301,attachmentpagina
/pt/2011/04/coaching-skills-dojo/,/2011/04/coaching-skills-dojo/,301,vertaalde fallback
/pt/2011/04/coaching-skills-dojo/feed/,/2011/04/coaching-skills-dojo/,301,attachmentpagina
/pt/2011/04/dont-blow-it/,/2011/04/dont-blow-it/,301,vertaalde fallback
/pt/2011/04/dont-blow-it/feed/,/2011/04/dont-blow-it/,301,attachmentpagina
/pt/2011/04/non-musical-chairs/,/2011/04/non-musical-chairs/,301,vertaalde fallback
/pt/2011/04/non-musical-chairs/comment-page-1/,/2011/04/non-musical-chairs/,301,attachmentpagina
/pt/2011/04/non-musical-chairs/feed/,/2011/04/non-musical-chairs/,301,attachmentpagina
/pt/2011/04/pair-chess-exercise/,/2011/04/pair-chess-exercise/,301,vertaalde fallback
/pt/2011/04/pair-chess-exercise/feed/,/2011/04/pair-chess-exercise/,301,attachmentpagina
/pt/2011/04/redesign-the-gift-giving-experience/,/2011/04/redesign-the-gift-giving-experience/,301,vertaalde fallback
/pt/2011/04/redesign-the-gift-giving-experience/feed/,/2011/04/redesign-the-gift-giving-experience/,301,attachmentpagina
/pt/2011/04/sustaining-agility/,/2011/04/sustaining-agility/,301,vertaalde fallback
/pt/2011/04/sustaining-agility/feed/,/2011/04/sustaining-agility/,301,attachmentpagina
/pt/2011/04/tastycupcakes-community-update/,/2011/04/tastycupcakes-community-update/,301,vertaalde fallback
/pt/2011/04/tastycupcakes-community-update/feed/,/2011/04/tastycupcakes-community-update/,301,attachmentpagina
/pt/2011/05/screencast-four-ways-to-search-for-games-on-tastycupcakes/,/2011/05/screencast-four-ways-to-search-for-games-on-tastycupcakes/,301,vertaalde fallback
/pt/2011/05/screencast-four-ways-to-search-for-games-on-tastycupcakes/feed/,/2011/05/screencast-four-ways-to-search-for-games-on-tastycupcakes/,301,attachmentpagina
/pt/2011/05/we-played-innovationgames-to-plan-tastycupcakes-org/,/2011/05/we-played-innovationgames-to-plan-tastycupcakes-org/,301,vertaalde fallback
/pt/2011/05/we-played-innovationgames-to-plan-tastycupcakes-org/feed/,/2011/05/we-played-innovationgames-to-plan-tastycupcakes-org/,301,attachmentpagina
/pt/2011/05/we-played-innovationgames-to-plan-tastycupcakes-org/tastygames-printme/,/2011/05/we-played-innovationgames-to-plan-tastycupcakes-org/,301,attachmentpagina
/pt/2011/06/cover-story-2/,/2011/06/cover-story-2/,301,vertaalde fallback
/pt/2011/06/cover-story-2/feed/,/2011/06/cover-story-2/,301,attachmentpagina
/pt/2011/06/empathy-map/,/2011/06/empathy-map/,301,vertaalde fallback
/pt/2011/06/empathy-map/feed/,/2011/06/empathy-map/,301,attachmentpagina
/pt/2011/06/online-plusdelta-game/,/2011/06/online-plusdelta-game/,301,vertaalde fallback
/pt/2011/06/online-plusdelta-game/feed/,/2011/06/online-plusdelta-game/,301,attachmentpagina
/pt/2011/06/prune-the-product-tree/,/2011/06/prune-the-product-tree/,301,vertaalde fallback
/pt/2011/06/prune-the-product-tree/feed/,/2011/06/prune-the-product-tree/,301,attachmentpagina
/pt/2011/06/rock-paper-scissors-happiness/,/2011/06/rock-paper-scissors-happiness/,301,vertaalde fallback
/pt/2011/06/rock-paper-scissors-happiness/feed/,/2011/06/rock-paper-scissors-happiness/,301,attachmentpagina
/pt/2011/06/speed-boat/,/2011/06/speed-boat/,301,vertaalde fallback
/pt/2011/06/speed-boat/feed/,/2011/06/speed-boat/,301,attachmentpagina
/pt/2011/06/the-whole-product-game/,/2011/06/the-whole-product-game/,301,vertaalde fallback
/pt/2011/06/the-whole-product-game/feed/,/2011/06/the-whole-product-game/,301,attachmentpagina
/pt/2011/07/actions-for-retrospectives-2/,/2011/07/actions-for-retrospectives-2/,301,vertaalde fallback
/pt/2011/07/actions-for-retrospectives-2/feed/,/2011/07/actions-for-retrospectives-2/,301,attachmentpagina
/pt/2011/07/agile-airplanes/,/2011/07/agile-airplanes/,301,vertaalde fallback
/pt/2011/07/agile-airplanes/agile_airplane/,/2011/07/agile-airplanes/,301,attachmentpagina
/pt/2011/07/agile-airplanes/agile_airplane/feed/,/2011/07/agile-airplanes/,301,attachmentpagina
/pt/2011/07/agile-airplanes/comment-page-1/,/2011/07/agile-airplanes/,301,attachmentpagina
/pt/2011/07/agile-airplanes/feed/,/2011/07/agile-airplanes/,301,attachmentpagina
/pt/2011/07/agile-game-incubator-agile-games-2011/,/2011/07/agile-game-incubator-agile-games-2011/,301,vertaalde fallback
/pt/2011/07/agile-game-incubator-agile-games-2011/feed/,/2011/07/agile-game-incubator-agile-games-2011/,301,attachmentpagina
/pt/2011/07/agile-game-incubator-online/,/2011/07/agile-game-incubator-online/,301,vertaalde fallback
/pt/2011/07/agile-game-incubator-online/feed/,/2011/07/agile-game-incubator-online/,301,attachmentpagina
/pt/2011/07/dodontisisnt/,/2011/07/dodontisisnt/,301,vertaalde fallback
/pt/2011/07/dodontisisnt/dodontisisnt/,/2011/07/dodontisisnt/,301,attachmentpagina
/pt/2011/07/dodontisisnt/dodontisisnt/feed/,/2011/07/dodontisisnt/,301,attachmentpagina
/pt/2011/07/dodontisisnt/feed/,/2011/07/dodontisisnt/,301,attachmentpagina
/pt/2011/07/how-now-wow-matrix/,/2011/07/how-now-wow-matrix/,301,vertaalde fallback
/pt/2011/07/how-now-wow-matrix/feed/,/2011/07/how-now-wow-matrix/,301,attachmentpagina
/pt/2011/07/impact-effort-matrix/,/2011/07/impact-effort-matrix/,301,vertaalde fallback
/pt/2011/07/impact-effort-matrix/feed/,/2011/07/impact-effort-matrix/,301,attachmentpagina
/pt/2011/07/proscons-game/,/2011/07/proscons-game/,301,vertaalde fallback
/pt/2011/07/proscons-game/feed/,/2011/07/proscons-game/,301,attachmentpagina
/pt/2011/07/swot-analysis-game/,/2011/07/swot-analysis-game/,301,vertaalde fallback
/pt/2011/07/swot-analysis-game/feed/,/2011/07/swot-analysis-game/,301,attachmentpagina
/pt/2011/07/the-big-payoff/,/2011/07/the-big-payoff/,301,vertaalde fallback
/pt/2011/07/the-big-payoff/feed/,/2011/07/the-big-payoff/,301,attachmentpagina
/pt/2011/08/circles-and-soup/,/2011/08/circles-and-soup/,301,vertaalde fallback
/pt/2011/08/circles-and-soup/comment-page-1/,/2011/08/circles-and-soup/,301,attachmentpagina
/pt/2011/08/circles-and-soup/feed/,/2011/08/circles-and-soup/,301,attachmentpagina
/pt/2011/08/learning-matrix/,/2011/08/learning-matrix/,301,vertaalde fallback
/pt/2011/08/learning-matrix/feed/,/2011/08/learning-matrix/,301,attachmentpagina
/pt/2011/08/merrill-covey-matrix/,/2011/08/merrill-covey-matrix/,301,vertaalde fallback
/pt/2011/08/merrill-covey-matrix/feed/,/2011/08/merrill-covey-matrix/,301,attachmentpagina
/pt/2011/08/zhong-zhi-a-one-handed-agile-game-for-illustrating-problems-and-finding-solutions/,/2011/08/zhong-zhi-a-one-handed-agile-game-for-illustrating-problems-and-finding-solutions/,301,vertaalde fallback
/pt/2011/08/zhong-zhi-a-one-handed-agile-game-for-illustrating-problems-and-finding-solutions/feed/,/2011/08/zhong-zhi-a-one-handed-agile-game-for-illustrating-problems-and-finding-solutions/,301,attachmentpagina
/pt/2011/10/continuous-integration-with-lego/,/2011/10/continuous-integration-with-lego/,301,vertaalde fallback
/pt/2011/10/continuous-integration-with-lego/comment-page-1/,/2011/10/continuous-integration-with-lego/,301,attachmentpagina
/pt/2011/10/continuous-integration-with-lego/feed/,/2011/10/continuous-integration-with-lego/,301,attachmentpagina
/pt/2011/10/continuous-integration-with-lego/finished-cube-real-1/,/2011/10/continuous-integration-with-lego/,301,attachmentpagina
/pt/2011/10/continuous-integration-with-lego/finished-cube-real-1/feed/,/2011/10/continuous-integration-with-lego/,301,attachmentpagina
/pt/2011/10/continuous-integration-with-lego/finished-cube-real-2/,/2011/10/continuous-integration-with-lego/,301,attachmentpagina
/pt/2011/10/continuous-integration-with-lego/finished-cube-real-2/feed/,/2011/10/continuous-integration-with-lego/,301,attachmentpagina
/pt/2011/10/continuous-integration-with-lego/finished-cube-real-3/,/2011/10/continuous-integration-with-lego/,301,attachmentpagina
/pt/2011/10/continuous-integration-with-lego/finished-cube-real-3/feed/,/2011/10/continuous-integration-with-lego/,301,attachmentpagina
/pt/2011/10/continuous-integration-with-lego/finished-cube-real-4/,/2011/10/continuous-integration-with-lego/,301,attachmentpagina
/pt/2011/10/continuous-integration-with-lego/finished-cube-real-4/feed/,/2011/10/continuous-integration-with-lego/,301,attachmentpagina
/pt/2011/10/mitch-lacey-team-prioritization/,/2011/10/mitch-lacey-team-prioritization/,301,vertaalde fallback
/pt/2011/10/mitch-lacey-team-prioritization/feed/,/2011/10/mitch-lacey-team-prioritization/,301,attachmentpagina
/pt/2011/10/pairing-for-non-programmers/,/2011/10/pairing-for-non-programmers/,301,vertaalde fallback
/pt/2011/10/pairing-for-non-programmers/comment-page-1/,/2011/10/pairing-for-non-programmers/,301,attachmentpagina
/pt/2011/10/pairing-for-non-programmers/feed/,/2011/10/pairing-for-non-programmers/,301,attachmentpagina
/pt/2011/11/human-knot/,/2011/11/human-knot/,301,vertaalde fallback
/pt/2011/11/human-knot/feed/,/2011/11/human-knot/,301,attachmentpagina
/pt/2011/12/circles-of-influence/,/2011/12/circles-of-influence/,301,vertaalde fallback
/pt/2011/12/circles-of-influence/feed/,/2011/12/circles-of-influence/,301,attachmentpagina
/pt/2011/12/values-driven-retrospective-game/,/2011/12/values-driven-retrospective-game/,301,vertaalde fallback
/pt/2011/12/values-driven-retrospective-game/feed/,/2011/12/values-driven-retrospective-game/,301,attachmentpagina
/pt/2012/01/agile-games-2012-call-for-games/,/2012/01/agile-games-2012-call-for-games/,301,vertaalde fallback
/pt/2012/01/agile-games-2012-call-for-games/feed/,/2012/01/agile-games-2012-call-for-games/,301,attachmentpagina
/pt/2012/02/is-it-ragu-or-bolognese/,/2012/02/is-it-ragu-or-bolognese/,301,vertaalde fallback
/pt/2012/02/is-it-ragu-or-bolognese/feed/,/2012/02/is-it-ragu-or-bolognese/,301,attachmentpagina
/pt/2012/02/multitasking-game-handsnumberssong/,/2012/02/multitasking-game-handsnumberssong/,301,vertaalde fallback
/pt/2012/02/multitasking-game-handsnumberssong/feed/,/2012/02/multitasking-game-handsnumberssong/,301,attachmentpagina
/pt/2012/02/nobodys-perfct/,/2012/02/nobodys-perfct/,301,vertaalde fallback
/pt/2012/02/nobodys-perfct/feed/,/2012/02/nobodys-perfct/,301,attachmentpagina
/pt/2012/02/you-sunk-my-methodology/,/2012/02/you-sunk-my-methodology/,301,vertaalde fallback
/pt/2012/02/you-sunk-my-methodology/feed/,/2012/02/you-sunk-my-methodology/,301,attachmentpagina
/pt/2012/03/fearless-journey-the-game-that-gets-your-team-unstuck/,/2012/03/fearless-journey-the-game-that-gets-your-team-unstuck/,301,vertaalde fallback
/pt/2012/03/fearless-journey-the-game-that-gets-your-team-unstuck/feed/,/2012/03/fearless-journey-the-game-that-gets-your-team-unstuck/,301,attachmentpagina
/pt/2012/03/job-or-joy/,/2012/03/job-or-joy/,301,vertaalde fallback
/pt/2012/03/job-or-joy/feed/,/2012/03/job-or-joy/,301,attachmentpagina
/pt/2012/03/one-word-storytelling/,/2012/03/one-word-storytelling/,301,vertaalde fallback
/pt/2012/03/one-word-storytelling/feed/,/2012/03/one-word-storytelling/,301,attachmentpagina
/pt/2012/03/ouija-board-estimation/,/2012/03/ouija-board-estimation/,301,vertaalde fallback
/pt/2012/03/ouija-board-estimation/comment-page-1/,/2012/03/ouija-board-estimation/,301,attachmentpagina
/pt/2012/03/ouija-board-estimation/feed/,/2012/03/ouija-board-estimation/,301,attachmentpagina
/pt/2012/04/scrum-simulation-with-lego-bricks/,/2012/04/scrum-simulation-with-lego-bricks/,301,vertaalde fallback
/pt/2012/04/scrum-simulation-with-lego-bricks/feed/,/2012/04/scrum-simulation-with-lego-bricks/,301,attachmentpagina
/pt/2012/04/tasty-estimation/,/2012/04/tasty-estimation/,301,vertaalde fallback
/pt/2012/04/tasty-estimation/feed/,/2012/04/tasty-estimation/,301,attachmentpagina
/pt/2012/05/lean-startup-snowflakes/,/2012/05/lean-startup-snowflakes/,301,vertaalde fallback
/pt/2012/05/lean-startup-snowflakes/comment-page-1/,/2012/05/lean-startup-snowflakes/,301,attachmentpagina
/pt/2012/05/lean-startup-snowflakes/feed/,/2012/05/lean-startup-snowflakes/,301,attachmentpagina
/pt/2012/05/ultimate-battle/,,410,vertaalde fallback zonder EN-origineel
/pt/2012/05/ultimate-battle/feed/,,410,attachmentpagina zonder bestaande post
/pt/2012/06/2-brains-tell-it-sell-it/,/2012/06/2-brains-tell-it-sell-it/,301,vertaalde fallback
/pt/2012/06/2-brains-tell-it-sell-it/feed/,/2012/06/2-brains-tell-it-sell-it/,301,attachmentpagina
/pt/2012/07/challenger-selling-model/,/2012/07/challenger-selling-model/,301,vertaalde fallback
/pt/2012/07/challenger-selling-model/feed/,/2012/07/challenger-selling-model/,301,attachmentpagina
/pt/2012/07/gone-fishing-game/,/2012/07/gone-fishing-game/,301,vertaalde fallback
/pt/2012/07/gone-fishing-game/feed/,/2012/07/gone-fishing-game/,301,attachmentpagina
/pt/2012/07/innovation-ambition-matrix/,/2012/07/innovation-ambition-matrix/,301,vertaalde fallback
/pt/2012/07/innovation-ambition-matrix/feed/,/2012/07/innovation-ambition-matrix/,301,attachmentpagina
/pt/2012/08/customer-centric/,/2012/08/customer-centric/,301,vertaalde fallback
/pt/2012/08/customer-centric/feed/,/2012/08/customer-centric/,301,attachmentpagina
/pt/2012/08/die-card-die-the-interruption-game/,/2012/08/die-card-die-the-interruption-game/,301,vertaalde fallback
/pt/2012/08/die-card-die-the-interruption-game/comment-page-1/,/2012/08/die-card-die-the-interruption-game/,301,attachmentpagina
/pt/2012/08/die-card-die-the-interruption-game/die_card_die-2/,/2012/08/die-card-die-the-interruption-game/,301,attachmentpagina
/pt/2012/08/die-card-die-the-interruption-game/die_card_die-2/feed/,/2012/08/die-card-die-the-interruption-game/,301,attachmentpagina
/pt/2012/08/die-card-die-the-interruption-game/feed/,/2012/08/die-card-die-the-interruption-game/,301,attachmentpagina
/pt/2012/08/innovation-generator/,/2012/08/innovation-generator/,301,vertaalde fallback
/pt/2012/08/innovation-generator/feed/,/2012/08/innovation-generator/,301,attachmentpagina
/pt/2012/08/kanban-tetris/,/2012/08/kanban-tetris/,301,vertaalde fallback
/pt/2012/08/kanban-tetris/feed/,/2012/08/kanban-tetris/,301,attachmentpagina
/pt/2012/08/safe-bold-framework/,/2012/08/safe-bold-framework/,301,vertaalde fallback
/pt/2012/08/safe-bold-framework/feed/,/2012/08/safe-bold-framework/,301,attachmentpagina
/pt/2012/08/wellbeing-north-star/,/2012/08/wellbeing-north-star/,301,vertaalde fallback
/pt/2012/08/wellbeing-north-star/feed/,/2012/08/wellbeing-north-star/,301,attachmentpagina
/pt/2012/09/the-domino-effect/,/2012/09/the-domino-effect/,301,vertaalde fallback
/pt/2012/09/the-domino-effect/feed/,/2012/09/the-domino-effect/,301,attachmentpagina
/pt/2012/09/the-project-managers-nightmare/,/2012/09/the-project-managers-nightmare/,301,vertaalde fallback
/pt/2012/09/the-project-managers-nightmare/feed/,/2012/09/the-project-managers-nightmare/,301,attachmentpagina
/pt/2012/09/we-want-a-city-scrum-simulation-with-lego-extension/,/2012/09/we-want-a-city-scrum-simulation-with-lego-extension/,301,vertaalde fallback
/pt/2012/09/we-want-a-city-scrum-simulation-with-lego-extension/feed/,/2012/09/we-want-a-city-scrum-simulation-with-lego-extension/,301,attachmentpagina
/pt/2012/10/balloon-animals/,/2012/10/balloon-animals/,301,vertaalde fallback
/pt/2012/10/balloon-animals/feed/,/2012/10/balloon-animals/,301,attachmentpagina
/pt/2012/10/celebrity-prioritisation/,/2012/10/celebrity-prioritisation/,301,vertaalde fallback
/pt/2012/10/celebrity-prioritisation/comment-page-1/,/2012/10/celebrity-prioritisation/,301,attachmentpagina
/pt/2012/10/celebrity-prioritisation/feed/,/2012/10/celebrity-prioritisation/,301,attachmentpagina
/pt/2012/10/destroy/,/2012/10/destroy/,301,vertaalde fallback
/pt/2012/10/destroy/feed/,/2012/10/destroy/,301,attachmentpagina
/pt/2012/10/first-letter-last-letter/,/2012/10/first-letter-last-letter/,301,vertaalde fallback
/pt/2012/10/first-letter-last-letter/feed/,/2012/10/first-letter-last-letter/,301,attachmentpagina
/pt/2012/10/free-market-prioritisation/,/2012/10/free-market-prioritisation/,301,vertaalde fallback
/pt/2012/10/free-market-prioritisation/feed/,/2012/10/free-market-prioritisation/,301,attachmentpagina
/pt/2012/10/intuitions/,/2012/10/intuitions/,301,vertaalde fallback
/pt/2012/10/intuitions/feed/,/2012/10/intuitions/,301,attachmentpagina
/pt/2012/10/movements-of-a-hypnotic-nature/,/2012/10/movements-of-a-hypnotic-nature/,301,vertaalde fallback
/pt/2012/10/movements-of-a-hypnotic-nature/feed/,/2012/10/movements-of-a-hypnotic-nature/,301,attachmentpagina
/pt/2012/10/musical-bells/,/2012/10/musical-bells/,301,vertaalde fallback
/pt/2012/10/musical-bells/feed/,/2012/10/musical-bells/,301,attachmentpagina
/pt/2012/10/once-upon-a-time-in-legoland/,/2012/10/once-upon-a-time-in-legoland/,301,vertaalde fallback
/pt/2012/10/once-upon-a-time-in-legoland/feed/,/2012/10/once-upon-a-time-in-legoland/,301,attachmentpagina
/pt/2012/10/story-spines/,/2012/10/story-spines/,301,vertaalde fallback
/pt/2012/10/story-spines/feed/,/2012/10/story-spines/,301,attachmentpagina
/pt/2012/10/swedish-stories/,/2012/10/swedish-stories/,301,vertaalde fallback
/pt/2012/10/swedish-stories/feed/,/2012/10/swedish-stories/,301,attachmentpagina
/pt/2012/10/the-blame-game/,/2012/10/the-blame-game/,301,vertaalde fallback
/pt/2012/10/the-blame-game/feed/,/2012/10/the-blame-game/,301,attachmentpagina
/pt/2012/10/the-sprint-limerick/,/2012/10/the-sprint-limerick/,301,vertaalde fallback
/pt/2012/10/the-sprint-limerick/feed/,/2012/10/the-sprint-limerick/,301,attachmentpagina
/pt/2012/10/the-sprint-mural/,/2012/10/the-sprint-mural/,301,vertaalde fallback
/pt/2012/10/the-sprint-mural/feed/,/2012/10/the-sprint-mural/,301,attachmentpagina
/pt/2012/10/thirty-five/,/2012/10/thirty-five/,301,vertaalde fallback
/pt/2012/10/thirty-five/comment-page-1/,/2012/10/thirty-five/,301,attachmentpagina
/pt/2012/10/thirty-five/feed/,/2012/10/thirty-five/,301,attachmentpagina
/pt/2012/10/top-traits/,/2012/10/top-traits/,301,vertaalde fallback
/pt/2012/10/top-traits/feed/,/2012/10/top-traits/,301,attachmentpagina
/pt/2012/10/upside-downside/,/2012/10/upside-downside/,301,vertaalde fallback
/pt/2012/10/upside-downside/feed/,/2012/10/upside-downside/,301,attachmentpagina
/pt/2012/10/video-reframing/,/2012/10/video-reframing/,301,vertaalde fallback
/pt/2012/10/video-reframing/feed/,/2012/10/video-reframing/,301,attachmentpagina
/pt/2012/11/delight/,/2012/11/delight/,301,vertaalde fallback
/pt/2012/11/delight/feed/,/2012/11/delight/,301,attachmentpagina
/pt/2012/11/gift-box/,/2012/11/gift-box/,301,vertaalde fallback
/pt/2012/11/gift-box/feed/,/2012/11/gift-box/,301,attachmentpagina
/pt/2012/11/questions-only/,/2012/11/questions-only/,301,vertaalde fallback
/pt/2012/11/questions-only/comment-page-1/,/2012/11/questions-only/,301,attachmentpagina
/pt/2012/11/questions-only/feed/,/2012/11/questions-only/,301,attachmentpagina
/pt/2012/11/tdd-test-driven-drawing/,/2012/11/tdd-test-driven-drawing/,301,vertaalde fallback
/pt/2012/11/tdd-test-driven-drawing/2012-11-06-10-23-07/,/2012/11/tdd-test-driven-drawing/,301,attachmentpagina
/pt/2012/11/tdd-test-driven-drawing/2012-11-06-10-23-07/feed/,/2012/11/tdd-test-driven-drawing/,301,attachmentpagina
/pt/2012/11/tdd-test-driven-drawing/2012-11-06-10-23-14/,/2012/11/tdd-test-driven-drawing/,301,attachmentpagina
/pt/2012/11/tdd-test-driven-drawing/2012-11-06-10-23-14/feed/,/2012/11/tdd-test-driven-drawing/,301,attachmentpagina
/pt/2012/11/tdd-test-driven-drawing/2012-11-06-10-40-29/,/2012/11/tdd-test-driven-drawing/,301,attachmentpagina
/pt/2012/11/tdd-test-driven-drawing/2012-11-06-10-40-29/feed/,/2012/11/tdd-test-driven-drawing/,301,attachmentpagina
/pt/2012/11/tdd-test-driven-drawing/feed/,/2012/11/tdd-test-driven-drawing/,301,attachmentpagina
/pt/2012/11/tdd-test-driven-drawing/screen-shot-2012-11-07-at-22-01-41/,/2012/11/tdd-test-driven-drawing/,301,attachmentpagina
/pt/2012/11/tdd-test-driven-drawing/screen-shot-2012-11-07-at-22-01-41/feed/,/2012/11/tdd-test-driven-drawing/,301,attachmentpagina
/pt/2012/11/three-headed-expert/,/2012/11/three-headed-expert/,301,vertaalde fallback
/pt/2012/11/three-headed-expert/comment-page-1/,/2012/11/three-headed-expert/,301,attachmentpagina
/pt/2012/11/three-headed-expert/feed/,/2012/11/three-headed-expert/,301,attachmentpagina
/pt/2012/11/werewolf-facilitation/,/2012/11/werewolf-facilitation/,301,vertaalde fallback
/pt/2012/11/werewolf-facilitation/feed/,/2012/11/werewolf-facilitation/,301,attachmentpagina
/pt/2012/12/take-the-win-win-wave/,/2012/12/take-the-win-win-wave/,301,vertaalde fallback
/pt/2012/12/take-the-win-win-wave/feed/,/2012/12/take-the-win-win-wave/,301,attachmentpagina
/pt/2013/02/52-card-pickup/,/2013/02/52-card-pickup/,301,vertaalde fallback
/pt/2013/02/52-card-pickup/feed/,/2013/02/52-card-pickup/,301,attachmentpagina
/pt/2013/02/copycats-2/,/2013/02/copycats-2/,301,vertaalde fallback
/pt/2013/02/copycats-2/feed/,/2013/02/copycats-2/,301,attachmentpagina
/pt/2013/02/the-herculean-doughnut/,/2013/02/the-herculean-doughnut/,301,vertaalde fallback
/pt/2013/02/the-herculean-doughnut/comment-page-1/,/2013/02/the-herculean-doughnut/,301,attachmentpagina
/pt/2013/02/the-herculean-doughnut/feed/,/2013/02/the-herculean-doughnut/,301,attachmentpagina
/pt/2013/03/8-monkeys-in-a-cage-–-a-mura-learning-game/,/2013/03/8-monkeys-in-a-cage-–-a-mura-learning-game/,301,vertaalde fallback
/pt/2013/03/8-monkeys-in-a-cage-–-a-mura-learning-game/feed/,/2013/03/8-monkeys-in-a-cage-–-a-mura-learning-game/,301,attachmentpagina
/pt/2013/03/play-doh-zoo-agile-ux-unleashed/,/2013/03/play-doh-zoo-agile-ux-unleashed/,301,vertaalde fallback
/pt/2013/03/play-doh-zoo-agile-ux-unleashed/feed/,/2013/03/play-doh-zoo-agile-ux-unleashed/,301,attachmentpagina
/pt/2013/03/the-high-risk-airplane-factory/,/2013/03/the-high-risk-airplane-factory/,301,vertaalde fallback
/pt/2013/03/the-high-risk-airplane-factory/feed/,/2013/03/the-high-risk-airplane-factory/,301,attachmentpagina
/pt/2013/04/communication-race/,/2013/04/communication-race/,301,vertaalde fallback
/pt/2013/04/communication-race/feed/,/2013/04/communication-race/,301,attachmentpagina
/pt/2013/04/e-w-a-n-mcgregor/,/2013/04/e-w-a-n-mcgregor/,301,vertaalde fallback
/pt/2013/04/e-w-a-n-mcgregor/feed/,/2013/04/e-w-a-n-mcgregor/,301,attachmentpagina
/pt/2013/04/the-risk-is-in-the-blocks/,/2013/04/the-risk-is-in-the-blocks/,301,vertaalde fallback
/pt/2013/04/the-risk-is-in-the-blocks/comment-page-1/,/2013/04/the-risk-is-in-the-blocks/,301,attachmentpagina
/pt/2013/04/the-risk-is-in-the-blocks/feed/,/2013/04/the-risk-is-in-the-blocks/,301,attachmentpagina
/pt/2013/05/the-penny-game/,/2013/05/the-penny-game/,301,vertaalde fallback
/pt/2013/05/the-penny-game/comment-page-1/,/2013/05/the-penny-game/,301,attachmentpagina
/pt/2013/05/the-penny-game/feed/,/2013/05/the-penny-game/,301,attachmentpagina
/pt/2013/07/francais-99-ballons-de-test/,/2013/07/francais-99-ballons-de-test/,301,vertaalde fallback
/pt/2013/07/francais-99-ballons-de-test/feed/,/2013/07/francais-99-ballons-de-test/,301,attachmentpagina
/pt/2013/07/moodgraph/,/2013/07/moodgraph/,301,vertaalde fallback
/pt/2013/07/moodgraph/feed/,/2013/07/moodgraph/,301,attachmentpagina
/pt/2013/08/software-kanban-games/,/2013/08/software-kanban-games/,301,vertaalde fallback
/pt/2013/08/software-kanban-games/event-cards/,/2013/08/software-kanban-games/,301,attachmentpagina
/pt/2013/08/software-kanban-games/event-cards/feed/,/2013/08/software-kanban-games/,301,attachmentpagina
/pt/2013/08/software-kanban-games/expedite-story-cards/,/2013/08/software-kanban-games/,301,attachmentpagina
/pt/2013/08/software-kanban-games/expedite-story-cards/feed/,/2013/08/software-kanban-games/,301,attachmentpagina
/pt/2013/08/software-kanban-games/feed/,/2013/08/software-kanban-games/,301,attachmentpagina
/pt/2013/08/software-kanban-games/fixed-date-story-cards/,/2013/08/software-kanban-games/,301,attachmentpagina
/pt/2013/08/software-kanban-games/fixed-date-story-cards/feed/,/2013/08/software-kanban-games/,301,attachmentpagina
/pt/2013/08/software-kanban-games/standard-story-cards/,/2013/08/software-kanban-games/,301,attachmentpagina
/pt/2013/08/software-kanban-games/standard-story-cards/feed/,/2013/08/software-kanban-games/,301,attachmentpagina
/pt/2013/09/leadership-magic-trick/,/2013/09/leadership-magic-trick/,301,vertaalde fallback
/pt/2013/09/leadership-magic-trick/feed/,/2013/09/leadership-magic-trick/,301,attachmentpagina
/pt/2013/09/line-up/,/2013/09/line-up/,301,vertaalde fallback
/pt/2013/09/line-up/feed/,/2013/09/line-up/,301,attachmentpagina
/pt/2013/09/mind-reading/mind-reader-game-elinor-slomba-with-independent-software-team/,/2013/09/mind-reading/,301,attachmentpagina
/pt/2013/09/mind-reading/mind-reader-game-elinor-slomba-with-independent-software-team/feed/,/2013/09/mind-reading/,301,attachmentpagina
/pt/2013/10/a-day-in-the-perfect-company-movie/,/2013/10/a-day-in-the-perfect-company-movie/,301,vertaalde fallback
/pt/2013/10/a-day-in-the-perfect-company-movie/feed/,/2013/10/a-day-in-the-perfect-company-movie/,301,attachmentpagina
/pt/2013/11/mobile-introspection-aka-opening-your-curatorial-eye/,/2013/11/mobile-introspection-aka-opening-your-curatorial-eye/,301,vertaalde fallback
/pt/2013/11/mobile-introspection-aka-opening-your-curatorial-eye/feed/,/2013/11/mobile-introspection-aka-opening-your-curatorial-eye/,301,attachmentpagina
/pt/2013/11/three-projects-three-experiments/,/2013/11/three-projects-three-experiments/,301,vertaalde fallback
/pt/2013/11/three-projects-three-experiments/feed/,/2013/11/three-projects-three-experiments/,301,attachmentpagina
/pt/2013/12/2014-san-jose-budget-games/,/2013/12/2014-san-jose-budget-games/,301,vertaalde fallback
/pt/2013/12/2014-san-jose-budget-games/feed/,/2013/12/2014-san-jose-budget-games/,301,attachmentpagina
/pt/2013/12/values-advocacy/,/2013/12/values-advocacy/,301,vertaalde fallback
/pt/2013/12/values-advocacy/feed/,/2013/12/values-advocacy/,301,attachmentpagina
/pt/2014/01/christmas-lucky-dip-game-with-a-twist-energise-your-christmas-party/,/2014/01/christmas-lucky-dip-game-with-a-twist-energise-your-christmas-party/,301,vertaalde fallback
/pt/2014/01/christmas-lucky-dip-game-with-a-twist-energise-your-christmas-party/comment-page-1/,/2014/01/christmas-lucky-dip-game-with-a-twist-energise-your-christmas-party/,301,attachmentpagina
/pt/2014/01/christmas-lucky-dip-game-with-a-twist-energise-your-christmas-party/feed/,/2014/01/christmas-lucky-dip-game-with-a-twist-energise-your-christmas-party/,301,attachmentpagina
/pt/2014/01/scrum-roles-and-responsibilities-game/,/2014/01/scrum-roles-and-responsibilities-game/,301,vertaalde fallback
/pt/2014/01/scrum-roles-and-responsibilities-game/comment-page-1/,/2014/01/scrum-roles-and-responsibilities-game/,301,attachmentpagina
/pt/2014/01/scrum-roles-and-responsibilities-game/feed/,/2014/01/scrum-roles-and-responsibilities-game/,301,attachmentpagina
/pt/2014/02/card-in-a-sealed-envelope/,/2014/02/card-in-a-sealed-envelope/,301,vertaalde fallback
/pt/2014/02/card-in-a-sealed-envelope/feed/,/2014/02/card-in-a-sealed-envelope/,301,attachmentpagina
/pt/2014/02/matching-values/,/2014/02/matching-values/,301,vertaalde fallback
/pt/2014/02/matching-values/feed/,/2014/02/matching-values/,301,attachmentpagina
/pt/2014/02/means-first-then-states/,/2014/02/means-first-then-states/,301,vertaalde fallback
/pt/2014/02/means-first-then-states/feed/,/2014/02/means-first-then-states/,301,attachmentpagina
/pt/2014/03/the-sandwich-retrospective/,/2014/03/the-sandwich-retrospective/,301,vertaalde fallback
/pt/2014/03/the-sandwich-retrospective/feed/,/2014/03/the-sandwich-retrospective/,301,attachmentpagina
/pt/2014/05/ball-flow-game/,/2014/05/ball-flow-game/,301,vertaalde fallback
/pt/2014/05/ball-flow-game/feed/,/2014/05/ball-flow-game/,301,attachmentpagina
/pt/2014/05/lego-flow-game/,/2014/05/lego-flow-game/,301,vertaalde fallback
/pt/2014/05/lego-flow-game/feed/,/2014/05/lego-flow-game/,301,attachmentpagina
/pt/2014/05/the-product-owner-role/,/2014/05/the-product-owner-role/,301,vertaalde fallback
/pt/2014/05/the-product-owner-role/feed/,/2014/05/the-product-owner-role/,301,attachmentpagina
/pt/2014/06/defining-done/,/2014/06/defining-done/,301,vertaalde fallback
/pt/2014/06/defining-done/feed/,/2014/06/defining-done/,301,attachmentpagina
/pt/2014/06/epic-bedtime-story/,/2014/06/epic-bedtime-story/,301,vertaalde fallback
/pt/2014/06/epic-bedtime-story/feed/,/2014/06/epic-bedtime-story/,301,attachmentpagina
/pt/2014/06/the-rocket-retrospective/,/2014/06/the-rocket-retrospective/,301,vertaalde fallback
/pt/2014/06/the-rocket-retrospective/comment-page-1/,/2014/06/the-rocket-retrospective/,301,attachmentpagina
/pt/2014/06/the-rocket-retrospective/feed/,/2014/06/the-rocket-retrospective/,301,attachmentpagina
/pt/2014/07/project-snapper-an-inception-value-realisation-game/,/2014/07/project-snapper-an-inception-value-realisation-game/,301,vertaalde fallback
/pt/2014/07/project-snapper-an-inception-value-realisation-game/feed/,/2014/07/project-snapper-an-inception-value-realisation-game/,301,attachmentpagina
/pt/2014/07/scrumheads-the-daily-scrum-game/,/2014/07/scrumheads-the-daily-scrum-game/,301,vertaalde fallback
/pt/2014/07/scrumheads-the-daily-scrum-game/feed/,/2014/07/scrumheads-the-daily-scrum-game/,301,attachmentpagina
/pt/2014/07/sudokuban-a-kanban-in-action-game-in-puzzles/,/2014/07/sudokuban-a-kanban-in-action-game-in-puzzles/,301,vertaalde fallback
/pt/2014/07/sudokuban-a-kanban-in-action-game-in-puzzles/feed/,/2014/07/sudokuban-a-kanban-in-action-game-in-puzzles/,301,attachmentpagina
/pt/2014/07/the-cultural-radars/,/2014/07/the-cultural-radars/,301,vertaalde fallback
/pt/2014/07/the-cultural-radars/feed/,/2014/07/the-cultural-radars/,301,attachmentpagina
/pt/2014/08/cynefin-with-the-team-drawer/,/2014/08/cynefin-with-the-team-drawer/,301,vertaalde fallback
/pt/2014/08/cynefin-with-the-team-drawer/feed/,/2014/08/cynefin-with-the-team-drawer/,301,attachmentpagina
/pt/2014/08/the-newlywed-game/,/2014/08/the-newlywed-game/,301,vertaalde fallback
/pt/2014/08/the-newlywed-game/comment-page-1/,/2014/08/the-newlywed-game/,301,attachmentpagina
/pt/2014/08/the-newlywed-game/feed/,/2014/08/the-newlywed-game/,301,attachmentpagina
/pt/2014/09/new-kanban-simulation-game-featureban/,/2014/09/new-kanban-simulation-game-featureban/,301,vertaalde fallback
/pt/2014/09/new-kanban-simulation-game-featureban/feed/,/2014/09/new-kanban-simulation-game-featureban/,301,attachmentpagina
/pt/2014/09/the-estimation-quest/,/2014/09/the-estimation-quest/,301,vertaalde fallback
/pt/2014/09/the-estimation-quest/feed/,/2014/09/the-estimation-quest/,301,attachmentpagina
/pt/2014/10/fellowship-of-the-goal-gamify-the-cardwall/,/2014/10/fellowship-of-the-goal-gamify-the-cardwall/,301,vertaalde fallback
/pt/2014/10/fellowship-of-the-goal-gamify-the-cardwall/feed/,/2014/10/fellowship-of-the-goal-gamify-the-cardwall/,301,attachmentpagina
/pt/2014/10/team-responsibility-game/,/2014/10/team-responsibility-game/,301,vertaalde fallback
/pt/2014/10/team-responsibility-game/comment-page-1/,/2014/10/team-responsibility-game/,301,attachmentpagina
/pt/2014/10/team-responsibility-game/feed/,/2014/10/team-responsibility-game/,301,attachmentpagina
/pt/2014/10/the-planning-quest/,/2014/10/the-planning-quest/,301,vertaalde fallback
/pt/2014/10/the-planning-quest/feed/,/2014/10/the-planning-quest/,301,attachmentpagina
/pt/2014/11/the-zmey-planning/,/2014/11/the-zmey-planning/,301,vertaalde fallback
/pt/2014/11/the-zmey-planning/feed/,/2014/11/the-zmey-planning/,301,attachmentpagina
/pt/2014/11/user-stories-vs-requirements/,/2014/11/user-stories-vs-requirements/,301,vertaalde fallback
/pt/2014/11/user-stories-vs-requirements/comment-page-1/,/2014/11/user-stories-vs-requirements/,301,attachmentpagina
/pt/2014/11/user-stories-vs-requirements/feed/,/2014/11/user-stories-vs-requirements/,301,attachmentpagina
/pt/2014/12/team-trust-canvas/,/2014/12/team-trust-canvas/,301,vertaalde fallback
/pt/2014/12/team-trust-canvas/feed/,/2014/12/team-trust-canvas/,301,attachmentpagina
/pt/2014/12/team-trust-canvas/team-trust-canvas-eng/,/2014/12/team-trust-canvas/,301,attachmentpagina
/pt/2014/12/team-trust-canvas/team-trust-canvas-eng/feed/,/2014/12/team-trust-canvas/,301,attachmentpagina
/pt/2014/12/the-fatware-matrix/,/2014/12/the-fatware-matrix/,301,vertaalde fallback
/pt/2014/12/the-fatware-matrix/feed/,/2014/12/the-fatware-matrix/,301,attachmentpagina
/pt/2015/01/hold-the-ball-longer-stronger-together/,/2015/01/hold-the-ball-longer-stronger-together/,301,vertaalde fallback
/pt/2015/01/hold-the-ball-longer-stronger-together/comment-page-1/,/2015/01/hold-the-ball-longer-stronger-together/,301,attachmentpagina
/pt/2015/01/hold-the-ball-longer-stronger-together/feed/,/2015/01/hold-the-ball-longer-stronger-together/,301,attachmentpagina
/pt/2015/01/hold-the-ball-longer-stronger-together/image-for-3-2-section/,/2015/01/hold-the-ball-longer-stronger-together/,301,attachmentpagina
/pt/2015/01/hold-the-ball-longer-stronger-together/image-for-3-2-section/feed/,/2015/01/hold-the-ball-longer-stronger-together/,301,attachmentpagina
/pt/2015/01/hold-the-ball-longer-stronger-together/image-for-5-2-section/,/2015/01/hold-the-ball-longer-stronger-together/,301,attachmentpagina
/pt/2015/01/hold-the-ball-longer-stronger-together/image-for-5-2-section/feed/,/2015/01/hold-the-ball-longer-stronger-together/,301,attachmentpagina
/pt/2015/01/hold-the-ball-longer-stronger-together/image-for-6-3-section/,/2015/01/hold-the-ball-longer-stronger-together/,301,attachmentpagina
/pt/2015/01/hold-the-ball-longer-stronger-together/image-for-6-3-section/feed/,/2015/01/hold-the-ball-longer-stronger-together/,301,attachmentpagina
/pt/2015/01/product-owner-challenge/,/2015/01/product-owner-challenge/,301,vertaalde fallback
/pt/2015/01/product-owner-challenge/feed/,/2015/01/product-owner-challenge/,301,attachmentpagina
/pt/2015/01/story-cube-time-line/,/2015/01/story-cube-time-line/,301,vertaalde fallback
/pt/2015/01/story-cube-time-line/feed/,/2015/01/story-cube-time-line/,301,attachmentpagina
/pt/2015/01/the-battle-of-the-retrospectives/,/2015/01/the-battle-of-the-retrospectives/,301,vertaalde fallback
/pt/2015/01/the-battle-of-the-retrospectives/feed/,/2015/01/the-battle-of-the-retrospectives/,301,attachmentpagina
/pt/2015/02/face-facts/,/2015/02/face-facts/,301,vertaalde fallback
/pt/2015/02/face-facts/feed/,/2015/02/face-facts/,301,attachmentpagina
/pt/2015/02/scrumble-an-agile-board-game/,/2015/02/scrumble-an-agile-board-game/,301,vertaalde fallback
/pt/2015/02/the-workplace-equations/,/2015/02/the-workplace-equations/,301,vertaalde fallback
/pt/2015/02/the-workplace-equations/feed/,/2015/02/the-workplace-equations/,301,attachmentpagina
/pt/2015/02/video-scrum/,/2015/02/video-scrum/,301,vertaalde fallback
/pt/2015/02/video-scrum/comment-page-1/,/2015/02/video-scrum/,301,attachmentpagina
/pt/2015/02/video-scrum/feed/,/2015/02/video-scrum/,301,attachmentpagina
/pt/2015/03/a-day-at-the-movies/,/2015/03/a-day-at-the-movies/,301,vertaalde fallback
/pt/2015/03/a-day-at-the-movies/feed/,/2015/03/a-day-at-the-movies/,301,attachmentpagina
/pt/2015/03/the-teamwork-oscars/,/2015/03/the-teamwork-oscars/,301,vertaalde fallback
/pt/2015/03/the-teamwork-oscars/feed/,/2015/03/the-teamwork-oscars/,301,attachmentpagina
/pt/2015/04/mytoy-agile-product-development-game/,/2015/04/mytoy-agile-product-development-game/,301,vertaalde fallback
/pt/2015/04/mytoy-agile-product-development-game/feed/,/2015/04/mytoy-agile-product-development-game/,301,attachmentpagina
/pt/2015/04/play4agile-north-america-sept-11-13-2015/,/2015/04/play4agile-north-america-sept-11-13-2015/,301,vertaalde fallback
/pt/2015/04/play4agile-north-america-sept-11-13-2015/feed/,/2015/04/play4agile-north-america-sept-11-13-2015/,301,attachmentpagina
/pt/2015/05/4729/,/2015/05/4729/,301,vertaalde fallback
/pt/2015/05/4729/feed/,/2015/05/4729/,301,attachmentpagina
/pt/2015/05/4729/telestrations-2/,/2015/05/4729/,301,attachmentpagina
/pt/2015/05/4729/telestrations-2/feed/,/2015/05/4729/,301,attachmentpagina
/pt/2015/05/agile-clock/,/2015/05/agile-clock/,301,vertaalde fallback
/pt/2015/05/agile-clock/comment-page-1/,/2015/05/agile-clock/,301,attachmentpagina
/pt/2015/05/agile-clock/feed/,/2015/05/agile-clock/,301,attachmentpagina
/pt/2015/05/weekend-escape/,/2015/05/weekend-escape/,301,vertaalde fallback
/pt/2015/05/weekend-escape/feed/,/2015/05/weekend-escape/,301,attachmentpagina
/pt/2015/07/agile-scrum-framework-at-glance/,/2015/07/agile-scrum-framework-at-glance/,301,vertaalde fallback
/pt/2015/07/agile-scrum-framework-at-glance/feed/,/2015/07/agile-scrum-framework-at-glance/,301,attachmentpagina
/pt/2015/07/more-meaningful-stories/,/2015/07/more-meaningful-stories/,301,vertaalde fallback
/pt/2015/07/more-meaningful-stories/comment-page-1/,/2015/07/more-meaningful-stories/,301,attachmentpagina
/pt/2015/07/more-meaningful-stories/feed/,/2015/07/more-meaningful-stories/,301,attachmentpagina
/pt/2015/07/penny-flow/,/2015/07/penny-flow/,301,vertaalde fallback
/pt/2015/07/penny-flow/comment-page-1/,/2015/07/penny-flow/,301,attachmentpagina
/pt/2015/07/penny-flow/feed/,/2015/07/penny-flow/,301,attachmentpagina
/pt/2015/08/kanban-pizza-game/,/2015/08/kanban-pizza-game/,301,vertaalde fallback
/pt/2015/08/kanban-pizza-game/feed/,/2015/08/kanban-pizza-game/,301,attachmentpagina
/pt/2015/08/one-word-retrospective-game/,/2015/08/one-word-retrospective-game/,301,vertaalde fallback
/pt/2015/08/one-word-retrospective-game/comment-page-1/,/2015/08/one-word-retrospective-game/,301,attachmentpagina
/pt/2015/08/one-word-retrospective-game/feed/,/2015/08/one-word-retrospective-game/,301,attachmentpagina
/pt/2015/08/retrospective-darts/,/2015/08/retrospective-darts/,301,vertaalde fallback
/pt/2015/08/retrospective-darts/feed/,/2015/08/retrospective-darts/,301,attachmentpagina
/pt/2015/08/the-bicycle-game/,/2015/08/the-bicycle-game/,301,vertaalde fallback
/pt/2015/08/the-bicycle-game/feed/,/2015/08/the-bicycle-game/,301,attachmentpagina
/pt/2015/09/scrumgauntlet/,/2015/09/scrumgauntlet/,301,vertaalde fallback
/pt/2015/09/scrumgauntlet/gauntletreqs/,/2015/09/scrumgauntlet/,301,attachmentpagina
/pt/2015/09/scrumgauntlet/gauntletreqs/feed/,/2015/09/scrumgauntlet/,301,attachmentpagina
/pt/2015/09/scrumgauntlet/positioning-2/,/2015/09/scrumgauntlet/,301,attachmentpagina
/pt/2015/09/scrumgauntlet/positioning-2/feed/,/2015/09/scrumgauntlet/,301,attachmentpagina
/pt/2015/09/scrumgauntlet/todototest/,/2015/09/scrumgauntlet/,301,attachmentpagina
/pt/2015/09/scrumgauntlet/todototest/feed/,/2015/09/scrumgauntlet/,301,attachmentpagina
/pt/2015/09/spreadsheet-craftsmanship/,/2015/09/spreadsheet-craftsmanship/,301,vertaalde fallback
/pt/2015/09/spreadsheet-craftsmanship/feed/,/2015/09/spreadsheet-craftsmanship/,301,attachmentpagina
/pt/2015/10/4-ls/,/2015/10/4-ls/,301,vertaalde fallback
/pt/2015/10/4-ls/4ls/,/2015/10/4-ls/,301,attachmentpagina
/pt/2015/10/jargonbust/,/2015/10/jargonbust/,301,vertaalde fallback
/pt/2015/10/jargonbust/feed/,/2015/10/jargonbust/,301,attachmentpagina
/pt/2015/11/silent-collaboration/,/2015/11/silent-collaboration/,301,vertaalde fallback
/pt/2015/11/silent-collaboration/feed/,/2015/11/silent-collaboration/,301,attachmentpagina
/pt/2015/12/this-sprint-future-o-spective-with-santa-claus/,/2015/12/this-sprint-future-o-spective-with-santa-claus/,301,vertaalde fallback
/pt/2015/12/this-sprint-future-o-spective-with-santa-claus/feed/,/2015/12/this-sprint-future-o-spective-with-santa-claus/,301,attachmentpagina
/pt/2015/12/this-sprint-future-o-spective-with-santa-claus/wp_20151216_003/,/2015/12/this-sprint-future-o-spective-with-santa-claus/,301,attachmentpagina
/pt/2016/01/daily-stand-up-simulation/,/2016/01/daily-stand-up-simulation/,301,vertaalde fallback
/pt/2016/01/daily-stand-up-simulation/comment-page-1/,/2016/01/daily-stand-up-simulation/,301,attachmentpagina
/pt/2016/01/daily-stand-up-simulation/feed/,/2016/01/daily-stand-up-simulation/,301,attachmentpagina
/pt/2016/01/hitting-the-target-business-value-in-mission-focused-organizations/,/2016/01/hitting-the-target-business-value-in-mission-focused-organizations/,301,vertaalde fallback
/pt/2016/01/hitting-the-target-business-value-in-mission-focused-organizations/feed/,/2016/01/hitting-the-target-business-value-in-mission-focused-organizations/,301,attachmentpagina
/pt/2016/01/the-job-title-game/,/2016/01/the-job-title-game/,301,vertaalde fallback
/pt/2016/01/the-job-title-game/feed/,/2016/01/the-job-title-game/,301,attachmentpagina
/pt/2016/02/iterative-incremental-big-bang-2/,/2016/02/iterative-incremental-big-bang-2/,301,vertaalde fallback
/pt/2016/02/iterative-incremental-big-bang-2/comment-page-1/,/2016/02/iterative-incremental-big-bang-2/,301,attachmentpagina
/pt/2016/02/iterative-incremental-big-bang-2/feed/,/2016/02/iterative-incremental-big-bang-2/,301,attachmentpagina
/pt/2016/02/the-misemotions-game/,/2016/02/the-misemotions-game/,301,vertaalde fallback
/pt/2016/02/the-misemotions-game/feed/,/2016/02/the-misemotions-game/,301,attachmentpagina
/pt/2016/02/the-roast/,/2016/02/the-roast/,301,vertaalde fallback
/pt/2016/02/the-roast/feed/,/2016/02/the-roast/,301,attachmentpagina
/pt/2016/02/try-or-die-the-x-periment/,/2016/02/try-or-die-the-x-periment/,301,vertaalde fallback
/pt/2016/02/try-or-die-the-x-periment/comment-page-1/,/2016/02/try-or-die-the-x-periment/,301,attachmentpagina
/pt/2016/02/try-or-die-the-x-periment/feed/,/2016/02/try-or-die-the-x-periment/,301,attachmentpagina
/pt/2016/03/agile-jenga-testing-game/,/2016/03/agile-jenga-testing-game/,301,vertaalde fallback
/pt/2016/03/agile-jenga-testing-game/feed/,/2016/03/agile-jenga-testing-game/,301,attachmentpagina
/pt/2016/04/play4agile-north-america-2016-sept-9-11/,/2016/04/play4agile-north-america-2016-sept-9-11/,301,vertaalde fallback
/pt/2016/04/play4agile-north-america-2016-sept-9-11/feed/,/2016/04/play4agile-north-america-2016-sept-9-11/,301,attachmentpagina
/pt/2016/05/5668/,/2016/05/5668/,301,vertaalde fallback
/pt/2016/05/5668/comment-page-1/,/2016/05/5668/,301,attachmentpagina
/pt/2016/05/5668/feed/,/2016/05/5668/,301,attachmentpagina
/pt/2016/05/n-listen/,/2016/05/n-listen/,301,vertaalde fallback
/pt/2016/05/n-listen/feed/,/2016/05/n-listen/,301,attachmentpagina
/pt/2016/05/personal-space-workshop/,/2016/05/personal-space-workshop/,301,vertaalde fallback
/pt/2016/05/personal-space-workshop/feed/,/2016/05/personal-space-workshop/,301,attachmentpagina
/pt/2016/05/throw-the-cat-and-other-objects/,/2016/05/throw-the-cat-and-other-objects/,301,vertaalde fallback
/pt/2016/05/throw-the-cat-and-other-objects/feed/,/2016/05/throw-the-cat-and-other-objects/,301,attachmentpagina
/pt/2016/06/first-things-first/,/2016/06/first-things-first/,301,vertaalde fallback
/pt/2016/06/first-things-first/feed/,/2016/06/first-things-first/,301,attachmentpagina
/pt/2016/06/judgement-juggler/,/2016/06/judgement-juggler/,301,vertaalde fallback
/pt/2016/06/judgement-juggler/comment-page-1/,/2016/06/judgement-juggler/,301,attachmentpagina
/pt/2016/06/judgement-juggler/feed/,/2016/06/judgement-juggler/,301,attachmentpagina
/pt/2016/06/paint-the-story-point/,/2016/06/paint-the-story-point/,301,vertaalde fallback
/pt/2016/06/paint-the-story-point/comment-page-1/,/2016/06/paint-the-story-point/,301,attachmentpagina
/pt/2016/06/paint-the-story-point/feed/,/2016/06/paint-the-story-point/,301,attachmentpagina
/pt/2016/06/scrum-card-game/,/2016/06/scrum-card-game/,301,vertaalde fallback
/pt/2016/06/scrum-values-roles-card-game/,/2016/06/scrum-values-roles-card-game/,301,vertaalde fallback
/pt/2016/06/scrum-values-roles-card-game/cardset/,/2016/06/scrum-values-roles-card-game/,301,attachmentpagina
/pt/2016/06/scrum-values-roles-card-game/comment-page-1/,/2016/06/scrum-values-roles-card-game/,301,attachmentpagina
/pt/2016/06/scrum-values-roles-card-game/feed/,/2016/06/scrum-values-roles-card-game/,301,attachmentpagina
/pt/2016/06/the-agile-mindset-workshop/,/2016/06/the-agile-mindset-workshop/,301,vertaalde fallback
/pt/2016/06/the-agile-mindset-workshop/feed/,/2016/06/the-agile-mindset-workshop/,301,attachmentpagina
/pt/2016/07/nexus-zoo-a-scaling-simulator/,/2016/07/nexus-zoo-a-scaling-simulator/,301,vertaalde fallback
/pt/2016/07/nexus-zoo-a-scaling-simulator/feed/,/2016/07/nexus-zoo-a-scaling-simulator/,301,attachmentpagina
/pt/2016/07/nexus-zoo-a-scaling-simulator/nexuszoo/,/2016/07/nexus-zoo-a-scaling-simulator/,301,attachmentpagina
/pt/2016/07/scrum-simulation-with-minecraft/,/2016/07/scrum-simulation-with-minecraft/,301,vertaalde fallback
/pt/2016/08/pitfalls-possibilities/,/2016/08/pitfalls-possibilities/,301,vertaalde fallback
/pt/2016/08/pitfalls-possibilities/feed/,/2016/08/pitfalls-possibilities/,301,attachmentpagina
/pt/2016/08/story-cubes-retrospective/,/2016/08/story-cubes-retrospective/,301,vertaalde fallback
/pt/2016/09/to-plan-or-not-to-plan/,/2016/09/to-plan-or-not-to-plan/,301,vertaalde fallback
/pt/2016/09/to-plan-or-not-to-plan/comment-page-1/,/2016/09/to-plan-or-not-to-plan/,301,attachmentpagina
/pt/2016/09/to-plan-or-not-to-plan/feed/,/2016/09/to-plan-or-not-to-plan/,301,attachmentpagina
/pt/2016/10/the-coffee-game/,/2016/10/the-coffee-game/,301,vertaalde fallback
/pt/2016/10/the-coffee-game/feed/,/2016/10/the-coffee-game/,301,attachmentpagina
/pt/2016/12/lego-team-building/,/2016/12/lego-team-building/,301,vertaalde fallback
/pt/2017/01/francais-jeu-des-roles-et-des-responsabilites-de-scrum/,/2017/01/francais-jeu-des-roles-et-des-responsabilites-de-scrum/,301,vertaalde fallback
/pt/2017/01/logo-maze-why-we-test-first/,/2017/01/logo-maze-why-we-test-first/,301,vertaalde fallback
/pt/2017/01/logo-maze-why-we-test-first/feed/,/2017/01/logo-maze-why-we-test-first/,301,attachmentpagina
/pt/2017/02/cards-against-agility/,/2017/02/cards-against-agility/,301,vertaalde fallback
/pt/2017/02/cards-against-agility/comment-page-1/,/2017/02/cards-against-agility/,301,attachmentpagina
/pt/2017/02/cards-against-agility/feed/,/2017/02/cards-against-agility/,301,attachmentpagina
/pt/2017/02/failure-memory-game/,/2017/02/failure-memory-game/,301,vertaalde fallback
/pt/2017/02/failure-memory-game/cc-sa4-0-2/,/2017/02/failure-memory-game/,301,attachmentpagina
/pt/2017/02/failure-memory-game/cc-sa4-0-2/feed/,/2017/02/failure-memory-game/,301,attachmentpagina
/pt/2017/02/failure-memory-game/feed/,/2017/02/failure-memory-game/,301,attachmentpagina
/pt/2017/02/simplicity-in-lego-technical-practices/,/2017/02/simplicity-in-lego-technical-practices/,301,vertaalde fallback
/pt/2017/02/simplicity-in-lego-technical-practices/feed/,/2017/02/simplicity-in-lego-technical-practices/,301,attachmentpagina
/pt/2017/03/x-matrix-jigsaw-puzzle/,/2017/03/x-matrix-jigsaw-puzzle/,301,vertaalde fallback
/pt/2017/03/x-matrix-jigsaw-puzzle/feed/,/2017/03/x-matrix-jigsaw-puzzle/,301,attachmentpagina
/pt/2017/04/company-profile/,/2017/04/company-profile/,301,vertaalde fallback
/pt/2017/04/company-profile/feed/,/2017/04/company-profile/,301,attachmentpagina
/pt/2017/04/the-lean-star-game/,/2017/04/the-lean-star-game/,301,vertaalde fallback
/pt/2017/04/the-lean-star-game/comment-page-1/,/2017/04/the-lean-star-game/,301,attachmentpagina
/pt/2017/05/gameception-–-the-team-game-that-creates-itself/,/2017/05/gameception-–-the-team-game-that-creates-itself/,301,vertaalde fallback
/pt/2017/05/gameception-–-the-team-game-that-creates-itself/comment-page-1/,/2017/05/gameception-–-the-team-game-that-creates-itself/,301,attachmentpagina
/pt/2017/05/gameception-–-the-team-game-that-creates-itself/feed/,/2017/05/gameception-–-the-team-game-that-creates-itself/,301,attachmentpagina
/pt/2017/05/may-the-4th-force-be-with-you-retrospective/,/2017/05/may-the-4th-force-be-with-you-retrospective/,301,vertaalde fallback
/pt/2017/05/may-the-4th-force-be-with-you-retrospective/feed/,/2017/05/may-the-4th-force-be-with-you-retrospective/,301,attachmentpagina
/pt/2017/05/scrum-events-cycle/,/2017/05/scrum-events-cycle/,301,vertaalde fallback
/pt/2017/05/scrum-events-cycle/feed/,/2017/05/scrum-events-cycle/,301,attachmentpagina
/pt/2017/06/lets-take-a-journey-retrospective/,/2017/06/lets-take-a-journey-retrospective/,301,vertaalde fallback
/pt/2017/06/the-kanban-silly-tasks-game/,/2017/06/the-kanban-silly-tasks-game/,301,vertaalde fallback
/pt/2017/06/the-league-of-extraordinarily-shortsighted-agile-superleaders-retrospective/,/2017/06/the-league-of-extraordinarily-shortsighted-agile-superleaders-retrospective/,301,vertaalde fallback
/pt/2017/07/decoration-kanban/,/2017/07/decoration-kanban/,301,vertaalde fallback
/pt/2017/07/time-tree-fertilizer-retro/,/2017/07/time-tree-fertilizer-retro/,301,vertaalde fallback
/pt/2017/07/time-tree-fertilizer-retro/comment-page-1/,/2017/07/time-tree-fertilizer-retro/,301,attachmentpagina
/pt/2017/09/cardunit-a-unit-testing-simulation/,/2017/09/cardunit-a-unit-testing-simulation/,301,vertaalde fallback
/pt/2017/09/positive-change-canvas/,/2017/09/positive-change-canvas/,301,vertaalde fallback
/pt/2017/09/positive-change-canvas/feed/,/2017/09/positive-change-canvas/,301,attachmentpagina
/pt/2017/09/the-large-scale-scrum-less-dynamics-game/,/2017/09/the-large-scale-scrum-less-dynamics-game/,301,vertaalde fallback
/pt/2017/10/deep-dive-into-kanban-essentials-using-donut-making/,/2017/10/deep-dive-into-kanban-essentials-using-donut-making/,301,vertaalde fallback
/pt/2017/10/sinking-islands/,/2017/10/sinking-islands/,301,vertaalde fallback
/pt/2017/10/the-core-beliefs-of-waterfall-agile-and-lean/,/2017/10/the-core-beliefs-of-waterfall-agile-and-lean/,301,vertaalde fallback
/pt/2017/10/the-core-beliefs-of-waterfall-agile-and-lean/comment-page-1/,/2017/10/the-core-beliefs-of-waterfall-agile-and-lean/,301,attachmentpagina
/pt/2017/10/the-core-beliefs-of-waterfall-agile-and-lean/feed/,/2017/10/the-core-beliefs-of-waterfall-agile-and-lean/,301,attachmentpagina
/pt/2017/12/core-scrum-game/,/2017/12/core-scrum-game/,301,vertaalde fallback
/pt/2018/01/the-fast-and-the-furious-and-other-fs-retrospective-activity/,/2018/01/the-fast-and-the-furious-and-other-fs-retrospective-activity/,301,vertaalde fallback
/pt/2018/02/kitchen-prioritization/,/2018/02/kitchen-prioritization/,301,vertaalde fallback
/pt/2018/02/kitchen-prioritization/comment-page-1/,/2018/02/kitchen-prioritization/,301,attachmentpagina
/pt/2018/03/dice-of-debt/,/2018/03/dice-of-debt/,301,vertaalde fallback
/pt/2018/04/pass-the-perfection/,/2018/04/pass-the-perfection/,301,vertaalde fallback
/pt/2018/05/sprint-simulation-scrum-practice-game/,/2018/05/sprint-simulation-scrum-practice-game/,301,vertaalde fallback
/pt/2018/06/sequence-an-agile-integration-game/,/2018/06/sequence-an-agile-integration-game/,301,vertaalde fallback
/pt/2018/06/sequence-an-agile-integration-game/feed/,/2018/06/sequence-an-agile-integration-game/,301,attachmentpagina
/pt/2018/07/a-non-it-scrum-simulation-game-learn-scrum-and-self-organizing-through-a-game/,/2018/07/a-non-it-scrum-simulation-game-learn-scrum-and-self-organizing-through-a-game/,301,vertaalde fallback
/pt/2018/07/check-your-mindset/,/2018/07/check-your-mindset/,301,vertaalde fallback
/pt/2018/07/the-feedback-game/,/2018/07/the-feedback-game/,301,vertaalde fallback
/pt/2018/07/the-feedback-game/feed/,/2018/07/the-feedback-game/,301,attachmentpagina
/pt/2018/08/the-matchup-canvas/,/2018/08/the-matchup-canvas/,301,vertaalde fallback
/pt/2018/08/the-spark-engine/,/2018/08/the-spark-engine/,301,vertaalde fallback
/pt/2018/08/the-spark-engine/comment-page-1/,/2018/08/the-spark-engine/,301,attachmentpagina
/pt/2018/09/heart-of-agile-psychic-handshake/,/2018/09/heart-of-agile-psychic-handshake/,301,vertaalde fallback
/pt/2018/11/core-less-game/,/2018/11/core-less-game/,301,vertaalde fallback
/pt/2018/12/valuable-paper-airplanes/,/2018/12/valuable-paper-airplanes/,301,vertaalde fallback
/pt/2019/01/witches-cooking-reunion/,/2019/01/witches-cooking-reunion/,301,vertaalde fallback
/pt/author/4agile/,/author/4agile-pl/,301,auteurarchief in andere taal
/pt/author/aaturuit-com/,/author/uruit-agile-adoption-team/,301,auteurarchief in andere taal
/pt/author/abi-bellgmail-com/,/author/abi-bellamkonda/,301,auteurarchief in andere taal
/pt/author/about/,,410,auteurarchief zonder gemigreerd record
/pt/author/admin/,/author/michael-mccullough/,301,auteurarchief in andere taal
/pt/author/agiledoodgmail-com/,/author/jason-little/,301,auteurarchief in andere taal
/pt/author/agileinitiativesgmail-com/,/author/gretchen-knode/,301,auteurarchief in andere taal
/pt/author/agileschoolsgmail-com/,/author/john-miller/,301,auteurarchief in andere taal
/pt/author/agilityteamduo-nl/,/author/duo-agilityteam/,301,auteurarchief in andere taal
/pt/author/agillero/,/author/agillero/,301,auteurarchief in andere taal
/pt/author/agiludic/,/author/olaf-bublitz/,301,auteurarchief in andere taal
/pt/author/ahilesblueyonder-co-uk/,/author/andy-hiles/,301,auteurarchief in andere taal
/pt/author/aleem-khan360pmo-com/,/author/aleem-khan/,301,auteurarchief in andere taal
/pt/author/alexb/,/author/alex-boutin/,301,auteurarchief in andere taal
/pt/author/alexey-pikulevagiletech-ru/,/author/alexey-pikulev/,301,auteurarchief in andere taal
/pt/author/alexeykrivitskygmail-com/,/author/alexey-krivitsky/,301,auteurarchief in andere taal
/pt/author/amr-noamangmail-com/,/author/amr-noaman/,301,auteurarchief in andere taal
/pt/author/andrewjcharltonhotmail-com/,/author/andrew-charlton/,301,auteurarchief in andere taal
/pt/author/andrewruslinghotmail-com/,/author/andrew-rusling/,301,auteurarchief in andere taal
/pt/author/anukhendry/,/author/anukhendry/,301,auteurarchief in andere taal
/pt/author/artsintersticesgmail-com/,/author/elinor-slomba/,301,auteurarchief in andere taal
/pt/author/attarian-samangmail-com/,/author/saman-attarian/,301,auteurarchief in andere taal
/pt/author/b-scharlauabdn-ac-uk/,/author/b-scharlau-abdn-ac-uk/,301,auteurarchief in andere taal
/pt/author/belindabeingagile-co-uk/,/author/belinda-waldock/,301,auteurarchief in andere taal
/pt/author/bencarey/,/author/ben-carey/,301,auteurarchief in andere taal
/pt/author/blakesoulofscrum-com/,/author/blake-mcmillan/,301,auteurarchief in andere taal
/pt/author/brunot-nicolasgmail-com/,/author/nicolas-brunot/,301,auteurarchief in andere taal
/pt/author/bryan_foleyatt-net/,/author/bryan-f/,301,auteurarchief in andere taal
/pt/author/carolina-gorositogmail-com/,/author/carolina-gorosito/,301,auteurarchief in andere taal
/pt/author/cesarioagilix-nl/,/author/cesario-ramos/,301,auteurarchief in andere taal
/pt/author/cetidata-pl/,/author/adam-cetnerowski/,301,auteurarchief in andere taal
/pt/author/chrisdeniaud-eu/,/author/chris-deniaud/,301,auteurarchief in andere taal
/pt/author/colleen-esposito/,/author/colleen-esposito/,301,auteurarchief in andere taal
/pt/author/craig-browncraigwbrown-net/,,410,auteurarchief zonder gemigreerd record
/pt/author/craigstrongandagile-co-uk/,/author/craig-strong/,301,auteurarchief in andere taal
/pt/author/cramtirolf/,/author/marc-florit/,301,auteurarchief in andere taal
/pt/author/d-andre-dhondtgmail-com/,/author/andre-dhondt/,301,auteurarchief in andere taal
/pt/author/daamonpgmail-com/,/author/daamon-parker/,301,auteurarchief in andere taal
/pt/author/danginngmail-com/,/author/dan-ginn/,301,auteurarchief in andere taal
/pt/author/david_kanehouseofyin-com/,/author/david-kane/,301,auteurarchief in andere taal
/pt/author/davidscrumandkanban-co-uk/,/author/david-lowe/,301,auteurarchief in andere taal
/pt/author/ddwebgate-ltd-uk/,/author/derek-davidson/,301,auteurarchief in andere taal
/pt/author/debashis2507/,/author/debashis2507/,301,auteurarchief in andere taal
/pt/author/debdeborahpreuss-com/,/author/deborah-hartmann-preuss/,301,auteurarchief in andere taal
/pt/author/deepakjsfwltd-co-uk/,/author/deepak-joshi/,301,auteurarchief in andere taal
/pt/author/dennis-somervillegmail-com/,/author/dennis-somerville/,301,auteurarchief in andere taal
/pt/author/dinamaria/,/author/dinamaria/,301,auteurarchief in andere taal
/pt/author/dkoontz/,/author/david-koontz/,301,auteurarchief in andere taal
/pt/author/docanotherthought-com/,/author/doc-list/,301,auteurarchief in andere taal
/pt/author/don/,/author/don-mcgreal/,301,auteurarchief in andere taal
/pt/author/doug-husovskygmail-com/,/author/doug-husovsky/,301,auteurarchief in andere taal
/pt/author/dpylayevagmail-com/,/author/dana-pylayeva/,301,auteurarchief in andere taal
/pt/author/dschilli/,/author/dschilli/,301,auteurarchief in andere taal
/pt/author/edbruingmail-com/,/author/e-bruin/,301,auteurarchief in andere taal
/pt/author/egrove/,/author/ellen-grove/,301,auteurarchief in andere taal
/pt/author/ellenebgconsulting-com/,/author/ellen-gottesdiener/,301,auteurarchief in andere taal
/pt/author/eloise-pelsergmail-com/,/author/eloise-pelser/,301,auteurarchief in andere taal
/pt/author/embedded-agility/,/author/embedded-agility/,301,auteurarchief in andere taal
/pt/author/emel-siegeloutlook-com/,/author/emel-siegel/,301,auteurarchief in andere taal
/pt/author/erichbuhlerhotmail-com/,/author/erich-buhler/,301,auteurarchief in andere taal
/pt/author/erwinkoogh-com/,/author/erwin-van-der-koogh/,301,auteurarchief in andere taal
/pt/author/eylul-c/,/author/eylul-c/,301,auteurarchief in andere taal
/pt/author/fabrice-aimettigmail-com/,/author/fabrice-aimetti/,301,auteurarchief in andere taal
/pt/author/fancydevgmail-com/,/author/illya-pavlichenko/,301,auteurarchief in andere taal
/pt/author/fredrikwendt-se/,/author/fredrik-wendt/,301,auteurarchief in andere taal
/pt/author/gameover/,/author/gameover/,301,auteurarchief in andere taal
/pt/author/geoffwatts/,/author/geoff-watts/,301,auteurarchief in andere taal
/pt/author/gregory-alexandregoood-pro/,/author/gregory-alexandre/,301,auteurarchief in andere taal
/pt/author/haritochka2-com/,/author/haralambi-haralambiev/,301,auteurarchief in andere taal
/pt/author/heitor/,/author/heitor-filho/,301,auteurarchief in andere taal
/pt/author/hgjpennartzyahoo-com/,/author/rik-pennartz/,301,auteurarchief in andere taal
/pt/author/hugo-emondgmail-com/,/author/hugo-emond/,301,auteurarchief in andere taal
/pt/author/infojesusmendez-ca/,/author/jesus-mendez/,301,auteurarchief in andere taal
/pt/author/ivo-peksensgmail-com/,/author/ivo-peksens/,301,auteurarchief in andere taal
/pt/author/jaap-dekkingagmail-com/,/author/jaap-dekkinga/,301,auteurarchief in andere taal
/pt/author/jameshurricanefour-com/,/author/james-scrimshire/,301,auteurarchief in andere taal
/pt/author/jason-hallcgmail-com/,/author/jason-hall/,301,auteurarchief in andere taal
/pt/author/jason-t-knightgmail-com/,/author/jason-knight/,301,auteurarchief in andere taal
/pt/author/javamvgmail-com/,/author/slava-moskalenko/,301,auteurarchief in andere taal
/pt/author/jeremy-willetsonbase-com/,/author/jeremy-willets/,301,auteurarchief in andere taal
/pt/author/joerim/,/author/joerim/,301,auteurarchief in andere taal
/pt/author/johng/,/author/johng/,301,auteurarchief in andere taal
/pt/author/jonathanbitwix-com/,/author/jonathan-clarke/,301,auteurarchief in andere taal
/pt/author/jonnorthernshoreconsulting-co-uk/,/author/jon-mcnestrie/,301,auteurarchief in andere taal
/pt/author/jose-manuel-ilinchetagmail-com/,/author/manuel-ilincheta/,301,auteurarchief in andere taal
/pt/author/julio-augustogmail-com/,/author/julio-oliveira/,301,auteurarchief in andere taal
/pt/author/karen-favazza-spencer/,/author/karen-favazza-spencer/,301,auteurarchief in andere taal
/pt/author/karlscotland/,/author/karl-scotland/,301,auteurarchief in andere taal
/pt/author/kbartlettvistaprint-com/,/author/kimberly-bartlett/,301,auteurarchief in andere taal
/pt/author/kenhoward01gmail-com/,/author/kenhoward01-gmail-com/,301,auteurarchief in andere taal
/pt/author/kfeltu/,/author/kfeltu/,301,auteurarchief in andere taal
/pt/author/kingdaddy8gmail-com/,/author/tom-grant/,301,auteurarchief in andere taal
/pt/author/kosciejewgmail-com/,/author/jeff-kosciejew/,301,auteurarchief in andere taal
/pt/author/kruse-ralfgooglemail-com/,/author/ralf-kruse/,301,auteurarchief in andere taal
/pt/author/laisanaome/,/author/laisanaome/,301,auteurarchief in andere taal
/pt/author/lmadhavigmail-com/,/author/ledalla-madhavi/,301,auteurarchief in andere taal
/pt/author/lthomasburrislogistics-com/,/author/lauren-thomas/,301,auteurarchief in andere taal
/pt/author/luke-hohmann/,/author/luke-hohmann/,301,auteurarchief in andere taal
/pt/author/lurena/,/author/lurena/,301,auteurarchief in andere taal
/pt/author/marcin-floryangmail-com/,/author/marcin-floryan/,301,auteurarchief in andere taal
/pt/author/marcin-zmigrodzkioctigo-pl/,/author/marcin-zmigrodzki/,301,auteurarchief in andere taal
/pt/author/mariete-sequeragmail-com/,/author/mariete-sequera-hernandez/,301,auteurarchief in andere taal
/pt/author/mark-reilly/,/author/mark-reilly/,301,auteurarchief in andere taal
/pt/author/marketinguruitgmail-com/,/author/martin-mari/,301,auteurarchief in andere taal
/pt/author/markus-wittwerweb-de/,/author/markus-wittwer/,301,auteurarchief in andere taal
/pt/author/martenscljgmail-com/,/author/christo-martens/,301,auteurarchief in andere taal
/pt/author/matthewrphilipgmail-com/,/author/matt-philip/,301,auteurarchief in andere taal
/pt/author/matthias-jouangmail-com/,/author/matthias-jouan/,301,auteurarchief in andere taal
/pt/author/mbowlergargoylesoftware-com/,/author/mike-bowler/,301,auteurarchief in andere taal
/pt/author/mburrows/,/author/mike-burrows/,301,auteurarchief in andere taal
/pt/author/mcjenkinsgmail-com/,/author/marie-claire-dean/,301,auteurarchief in andere taal
/pt/author/mertine/,/author/mertine/,301,auteurarchief in andere taal
/pt/author/michael-sahota/,/author/michael-sahota/,301,auteurarchief in andere taal
/pt/author/mike-burnsalumni-qut-edu-au/,/author/mike-burns/,301,auteurarchief in andere taal
/pt/author/mike-mccullough/,/author/mike-mccullough/,301,auteurarchief in andere taal
/pt/author/mikeleanintuit-com/,/author/mike-leanintuit-com/,301,auteurarchief in andere taal
/pt/author/mlevison/,/author/mark-levison/,301,auteurarchief in andere taal
/pt/author/mozratgmail-com/,/author/simon-morris/,301,auteurarchief in andere taal
/pt/author/mrcthompson/,/author/mrcthompson/,301,auteurarchief in andere taal
/pt/author/mtbadgleygmail-com/,/author/matt-badgley/,301,auteurarchief in andere taal
/pt/author/n_zdunicyahoo-com-au/,/author/nick-zdunic/,301,auteurarchief in andere taal
/pt/author/ntalensgmail-com/,/author/niels-talens/,301,auteurarchief in andere taal
/pt/author/ntsreejithgmail-com/,/author/sreejith-n-t/,301,auteurarchief in andere taal
/pt/author/nuno_borgeshotmail-com/,/author/nuno-borges/,301,auteurarchief in andere taal
/pt/author/ocbermudezgmail-com/,/author/ocbermudez/,301,auteurarchief in andere taal
/pt/author/olivier-destradefree-fr/,/author/olivier-destrade/,301,auteurarchief in andere taal
/pt/author/paul-osbornpharmacyonesource-com/,/author/paul-osborn/,301,auteurarchief in andere taal
/pt/author/paulagilify-co-uk/,/author/paul-goddard/,301,auteurarchief in andere taal
/pt/author/pauls/,/author/pauls/,301,auteurarchief in andere taal
/pt/author/pib-mtgmx-de/,/author/michael-tarnowski/,301,auteurarchief in andere taal
/pt/author/pierreneisgmail-com/,/author/pierre-e-neis/,301,auteurarchief in andere taal
/pt/author/pmboosyahoo-com/,/author/paul-boos/,301,auteurarchief in andere taal
/pt/author/przemek/,/author/przemek/,301,auteurarchief in andere taal
/pt/author/rdenisoncaptechconsulting-com/,/author/rob-denison/,301,auteurarchief in andere taal
/pt/author/renee-troughtongmail-com/,/author/renee-troughton/,301,auteurarchief in andere taal
/pt/author/richardkasperowski/,/author/richard-kasperowski/,301,auteurarchief in andere taal
/pt/author/rickard-ukgmail-com/,/author/rickard-jones/,301,auteurarchief in andere taal
/pt/author/robert-batusekgmail-com/,/author/robert-batusek/,301,auteurarchief in andere taal
/pt/author/romaintrocheriegmail-com/,/author/romain-trocherie/,301,auteurarchief in andere taal
/pt/author/rquartelgmail-com/,/author/ron-quartel/,301,auteurarchief in andere taal
/pt/author/sabbaghgmail-com/,/author/rafael-sabbagh/,301,auteurarchief in andere taal
/pt/author/samuelnew-bamboo-co-uk/,/author/sam-whiting/,301,auteurarchief in andere taal
/pt/author/schabba/,/author/sunish-chabba/,301,auteurarchief in andere taal
/pt/author/seabreezes1iglide-net/,/author/karen-favazza-spencer-2/,301,auteurarchief in andere taal
/pt/author/seanseantrobinson-co-uk/,/author/sean-robinson/,301,auteurarchief in andere taal
/pt/author/sgh-nijenhuisgmail-com/,/author/stefan-nijenhuis/,301,auteurarchief in andere taal
/pt/author/spenkar/,/author/spenkar/,301,auteurarchief in andere taal
/pt/author/stavrossfmi-uni-sofia-bg/,/author/stavros-stavru/,301,auteurarchief in andere taal
/pt/author/stephen-mounsey/,/author/stephen-mounsey/,301,auteurarchief in andere taal
/pt/author/steverogalsky-ca/,/author/steve-rogalsky/,301,auteurarchief in andere taal
/pt/author/stiedlmoccasoft-com/,/author/anja-stiedl/,301,auteurarchief in andere taal
/pt/author/sune-lomholtgmail-com/,/author/sune-lomholt/,301,auteurarchief in andere taal
/pt/author/tatyanayanush/,/author/tatyana-yanush/,301,auteurarchief in andere taal
/pt/author/tctc-dk/,/author/tc-tc-dk/,301,auteurarchief in andere taal
/pt/author/thomy-kayonline-de/,/author/thomy-kay/,301,auteurarchief in andere taal
/pt/author/throttlehogyahoo-com/,/author/jason-hall-2/,301,auteurarchief in andere taal
/pt/author/timothepdotnettastycupcakesgmail-com/,/author/tim-bourguignon/,301,auteurarchief in andere taal
/pt/author/timyevgrashyn/,/author/tim-yevgrashyn/,301,auteurarchief in andere taal
/pt/author/tobysinclair86gmail-com/,/author/tobysinclair86-gmail-com/,301,auteurarchief in andere taal
/pt/author/toddtoddcharron-com/,/author/todd-charron/,301,auteurarchief in andere taal
/pt/author/vasan-ramtastycupcakesgmail-com-2/,/author/ram-srinivasan/,301,auteurarchief in andere taal
/pt/author/veit/,/author/veit-richter/,301,auteurarchief in andere taal
/pt/author/vijay-bandaru/,/author/vijay-bandaru/,301,auteurarchief in andere taal
/pt/author/vkbandaruyahoo-com/,/author/vijay-bandaru-2/,301,auteurarchief in andere taal
/pt/author/vzanini5dvision-com/,/author/valerio-zanini/,301,auteurarchief in andere taal
/pt/author/wasitovayahoo-com/,/author/silvana-wasitova/,301,auteurarchief in andere taal
/pt/author/zvonimir-kriz/,/author/zvonimir-kriz/,301,auteurarchief in andere taal
/pt/author/zvonimir-krizgmail-com/,,410,auteurarchief zonder gemigreerd record
/ru/2009/06/60-paces/feed/,/ru/2009/06/60-paces/,301,attachmentpagina
/ru/2009/06/99-test-balloons/feed/,/ru/2009/06/99-test-balloons/,301,attachmentpagina
/ru/2009/06/alaskan-road-trip/feed/,/ru/2009/06/alaskan-road-trip/,301,attachmentpagina
/ru/2009/06/alphabet-game/,/2009/06/alphabet-game/,301,vertaalde fallback
/ru/2009/06/coin-sorting/feed/,/ru/2009/06/coin-sorting/,301,attachmentpagina
/ru/2009/06/football-scrum/,/2009/06/football-scrum/,301,vertaalde fallback
/ru/2009/06/location-location-location/,/2009/06/location-location-location/,301,vertaalde fallback
/ru/2009/06/mr-happy-face/feed/,/ru/2009/06/mr-happy-face/,301,attachmentpagina
/ru/2009/06/no-one-listens-to-me/feed/,/ru/2009/06/no-one-listens-to-me/,301,attachmentpagina
/ru/2009/06/pair-programming-game/feed/,/ru/2009/06/pair-programming-game/,301,attachmentpagina
/ru/2009/06/planning-poker/feed/,/ru/2009/06/planning-poker/,301,attachmentpagina
/ru/2009/06/presto-manifesto/feed/,/ru/2009/06/presto-manifesto/,301,attachmentpagina
/ru/2009/06/process-doodle/feed/,/ru/2009/06/process-doodle/,301,attachmentpagina
/ru/2009/06/question-game/feed/,/ru/2009/06/question-game/,301,attachmentpagina
/ru/2009/06/rate-games-at-blog-tastycupcakes-com/,/2009/06/rate-games-at-blog-tastycupcakes-com/,301,vertaalde fallback
/ru/2009/06/rate-games-at-blog-tastycupcakes-com/feed/,/2009/06/rate-games-at-blog-tastycupcakes-com/,301,attachmentpagina
/ru/2009/06/resort-brochure/feed/,/ru/2009/06/resort-brochure/,301,attachmentpagina
/ru/2009/06/submit-your-game/,/2009/06/submit-your-game/,301,vertaalde fallback
/ru/2009/06/submit-your-game/feed/,/2009/06/submit-your-game/,301,attachmentpagina
/ru/2009/06/tangled-mess/feed/,/ru/2009/06/tangled-mess/,301,attachmentpagina
/ru/2009/06/telephone-game/comment-page-1/,/ru/2009/06/telephone-game/,301,legacy URL
/ru/2009/06/telephone-game/feed/,/ru/2009/06/telephone-game/,301,attachmentpagina
/ru/2009/06/the-story-of-our-sprints/feed/,/ru/2009/06/the-story-of-our-sprints/,301,attachmentpagina
/ru/2009/06/the-train-game/feed/,/ru/2009/06/the-train-game/,301,attachmentpagina
/ru/2009/06/theory-of-constraints-dice-game/feed/,/ru/2009/06/theory-of-constraints-dice-game/,301,attachmentpagina
/ru/2009/06/were-having-a-party/feed/,/ru/2009/06/were-having-a-party/,301,attachmentpagina
/ru/2009/06/why-agile-games/,/2009/06/why-agile-games/,301,vertaalde fallback
/ru/2009/06/why-agile-games/feed/,/2009/06/why-agile-games/,301,attachmentpagina
/ru/2009/06/word-at-a-time-letter/feed/,/ru/2009/06/word-at-a-time-letter/,301,attachmentpagina
/ru/2009/07/people-polling/feed/,/ru/2009/07/people-polling/,301,attachmentpagina
/ru/2009/07/the-problem-with-principles/,/2009/07/the-problem-with-principles/,301,vertaalde fallback
/ru/2009/07/the-problem-with-principles/feed/,/2009/07/the-problem-with-principles/,301,attachmentpagina
/ru/2009/10/about/michael-mccullough/,,410,attachmentpagina zonder bestaande post
/ru/2009/10/map-flap/,/2009/10/map-flap/,301,vertaalde fallback
/ru/2009/10/map-flap/feed/,/2009/10/map-flap/,301,attachmentpagina
/ru/2009/11/tastycupcakes-published-in-agile-journal/feed/,/ru/2009/11/tastycupcakes-published-in-agile-journal/,301,attachmentpagina
/ru/2009/12/tastycupcakes-agile-games-podcast-with-improving-enterprises/,/2009/12/tastycupcakes-agile-games-podcast-with-improving-enterprises/,301,vertaalde fallback
/ru/2010/01/pocket-sized-principles/,/2010/01/pocket-sized-principles/,301,vertaalde fallback
/ru/2010/01/pocket-sized-principles/comment-page-1/,/2010/01/pocket-sized-principles/,301,attachmentpagina
/ru/2010/01/pocket-sized-principles/feed/,/2010/01/pocket-sized-principles/,301,attachmentpagina
/ru/2010/03/deep-agile-2010-empowering-teams-with-agile-games/,/2010/03/deep-agile-2010-empowering-teams-with-agile-games/,301,vertaalde fallback
/ru/2010/05/about/michael-mccullough/,,410,attachmentpagina zonder bestaande post
/ru/2010/05/first-agile-games-conference-at-deepagile/,/2010/05/first-agile-games-conference-at-deepagile/,301,vertaalde fallback
/ru/2010/05/first-agile-games-conference-at-deepagile/feed/,/2010/05/first-agile-games-conference-at-deepagile/,301,attachmentpagina
/ru/2010/07/the-backlog-is-in-the-eye-of-the-beholder/feed/,/ru/2010/07/the-backlog-is-in-the-eye-of-the-beholder/,301,attachmentpagina
/ru/2010/10/agile-games-conference-2011/,/2010/10/agile-games-conference-2011/,301,vertaalde fallback
/ru/2010/10/agile-games-conference-2011/feed/,/2010/10/agile-games-conference-2011/,301,attachmentpagina
/ru/2010/11/marshmallow-challenge/,/2010/11/marshmallow-challenge/,301,vertaalde fallback
/ru/2010/11/marshmallow-challenge/feed/,/2010/11/marshmallow-challenge/,301,attachmentpagina
/ru/2011/01/agile-games-2011-conference-super-early-bird-pricing-until-january-24-2011/,/2011/01/agile-games-2011-conference-super-early-bird-pricing-until-january-24-2011/,301,vertaalde fallback
/ru/2011/01/agile-games-2011-conference-super-early-bird-pricing-until-january-24-2011/feed/,/2011/01/agile-games-2011-conference-super-early-bird-pricing-until-january-24-2011/,301,attachmentpagina
/ru/2011/01/new-for-2011-tastycupcakes-updated-and-expanded-vision/,/2011/01/new-for-2011-tastycupcakes-updated-and-expanded-vision/,301,vertaalde fallback
/ru/2011/01/new-for-2011-tastycupcakes-updated-and-expanded-vision/feed/,/2011/01/new-for-2011-tastycupcakes-updated-and-expanded-vision/,301,attachmentpagina
/ru/2011/01/your-turn-to-play-get-involved-with-tasty-cupcakes/,/2011/01/your-turn-to-play-get-involved-with-tasty-cupcakes/,301,vertaalde fallback
/ru/2011/01/your-turn-to-play-get-involved-with-tasty-cupcakes/feed/,/2011/01/your-turn-to-play-get-involved-with-tasty-cupcakes/,301,attachmentpagina
/ru/2011/02/agile-games-2011-early-bird-prices-end-feb-28th/,/2011/02/agile-games-2011-early-bird-prices-end-feb-28th/,301,vertaalde fallback
/ru/2011/02/agile-games-2011-early-bird-prices-end-feb-28th/feed/,/2011/02/agile-games-2011-early-bird-prices-end-feb-28th/,301,attachmentpagina
/ru/2011/02/tasty-cupcakes-now-in-three-languages/,/2011/02/tasty-cupcakes-now-in-three-languages/,301,vertaalde fallback
/ru/2011/02/tasty-cupcakes-now-in-three-languages/feed/,/2011/02/tasty-cupcakes-now-in-three-languages/,301,attachmentpagina
/ru/2011/03/bang-for-the-buck-prioritization/,/2011/03/bang-for-the-buck-prioritization/,301,vertaalde fallback
/ru/2011/03/bang-for-the-buck-prioritization/feed/,/2011/03/bang-for-the-buck-prioritization/,301,attachmentpagina
/ru/2011/04/coaching-skills-dojo/,/2011/04/coaching-skills-dojo/,301,vertaalde fallback
/ru/2011/04/coaching-skills-dojo/feed/,/2011/04/coaching-skills-dojo/,301,attachmentpagina
/ru/2011/04/dont-blow-it/,/2011/04/dont-blow-it/,301,vertaalde fallback
/ru/2011/04/dont-blow-it/feed/,/2011/04/dont-blow-it/,301,attachmentpagina
/ru/2011/04/non-musical-chairs/comment-page-1/,/ru/2011/04/non-musical-chairs/,301,legacy URL
/ru/2011/04/non-musical-chairs/feed/,/ru/2011/04/non-musical-chairs/,301,attachmentpagina
/ru/2011/04/pair-chess-exercise/feed/,/ru/2011/04/pair-chess-exercise/,301,attachmentpagina
/ru/2011/04/redesign-the-gift-giving-experience/feed/,/ru/2011/04/redesign-the-gift-giving-experience/,301,attachmentpagina
/ru/2011/04/sustaining-agility/feed/,/ru/2011/04/sustaining-agility/,301,attachmentpagina
/ru/2011/04/tastycupcakes-community-update/,/2011/04/tastycupcakes-community-update/,301,vertaalde fallback
/ru/2011/04/tastycupcakes-community-update/feed/,/2011/04/tastycupcakes-community-update/,301,attachmentpagina
/ru/2011/05/screencast-four-ways-to-search-for-games-on-tastycupcakes/,/2011/05/screencast-four-ways-to-search-for-games-on-tastycupcakes/,301,vertaalde fallback
/ru/2011/05/screencast-four-ways-to-search-for-games-on-tastycupcakes/feed/,/2011/05/screencast-four-ways-to-search-for-games-on-tastycupcakes/,301,attachmentpagina
/ru/2011/05/we-played-innovationgames-to-plan-tastycupcakes-org/,/2011/05/we-played-innovationgames-to-plan-tastycupcakes-org/,301,vertaalde fallback
/ru/2011/05/we-played-innovationgames-to-plan-tastycupcakes-org/feed/,/2011/05/we-played-innovationgames-to-plan-tastycupcakes-org/,301,attachmentpagina
/ru/2011/05/we-played-innovationgames-to-plan-tastycupcakes-org/tastygames-printme/,/2011/05/we-played-innovationgames-to-plan-tastycupcakes-org/,301,attachmentpagina
/ru/2011/05/we-played-innovationgames-to-plan-tastycupcakes-org/tastygames-printme/feed/,/2011/05/we-played-innovationgames-to-plan-tastycupcakes-org/,301,attachmentpagina
/ru/2011/06/cover-story-2/feed/,/ru/2011/06/cover-story-2/,301,attachmentpagina
/ru/2011/06/empathy-map/feed/,/ru/2011/06/empathy-map/,301,attachmentpagina
/ru/2011/06/online-plusdelta-game/,/2011/06/online-plusdelta-game/,301,vertaalde fallback
/ru/2011/06/online-plusdelta-game/feed/,/2011/06/online-plusdelta-game/,301,attachmentpagina
/ru/2011/06/prune-the-product-tree/feed/,/ru/2011/06/prune-the-product-tree/,301,attachmentpagina
/ru/2011/06/rock-paper-scissors-happiness/,/2011/06/rock-paper-scissors-happiness/,301,vertaalde fallback
/ru/2011/06/rock-paper-scissors-happiness/feed/,/2011/06/rock-paper-scissors-happiness/,301,attachmentpagina
/ru/2011/06/speed-boat/,/2011/06/speed-boat/,301,vertaalde fallback
/ru/2011/06/speed-boat/feed/,/2011/06/speed-boat/,301,attachmentpagina
/ru/2011/06/the-whole-product-game/,/2011/06/the-whole-product-game/,301,vertaalde fallback
/ru/2011/06/the-whole-product-game/feed/,/2011/06/the-whole-product-game/,301,attachmentpagina
/ru/2011/07/actions-for-retrospectives-2/,/2011/07/actions-for-retrospectives-2/,301,vertaalde fallback
/ru/2011/07/actions-for-retrospectives-2/feed/,/2011/07/actions-for-retrospectives-2/,301,attachmentpagina
/ru/2011/07/agile-airplanes/,/2011/07/agile-airplanes/,301,vertaalde fallback
/ru/2011/07/agile-airplanes/agile_airplane/,/2011/07/agile-airplanes/,301,attachmentpagina
/ru/2011/07/agile-airplanes/agile_airplane/feed/,/2011/07/agile-airplanes/,301,attachmentpagina
/ru/2011/07/agile-airplanes/comment-page-1/,/2011/07/agile-airplanes/,301,attachmentpagina
/ru/2011/07/agile-airplanes/feed/,/2011/07/agile-airplanes/,301,attachmentpagina
/ru/2011/07/agile-game-incubator-agile-games-2011/,/2011/07/agile-game-incubator-agile-games-2011/,301,vertaalde fallback
/ru/2011/07/agile-game-incubator-agile-games-2011/feed/,/2011/07/agile-game-incubator-agile-games-2011/,301,attachmentpagina
/ru/2011/07/agile-game-incubator-online/,/2011/07/agile-game-incubator-online/,301,vertaalde fallback
/ru/2011/07/agile-game-incubator-online/feed/,/2011/07/agile-game-incubator-online/,301,attachmentpagina
/ru/2011/07/dodontisisnt/,/2011/07/dodontisisnt/,301,vertaalde fallback
/ru/2011/07/dodontisisnt/dodontisisnt/,/2011/07/dodontisisnt/,301,attachmentpagina
/ru/2011/07/dodontisisnt/dodontisisnt/feed/,/2011/07/dodontisisnt/,301,attachmentpagina
/ru/2011/07/dodontisisnt/feed/,/2011/07/dodontisisnt/,301,attachmentpagina
/ru/2011/07/how-now-wow-matrix/,/2011/07/how-now-wow-matrix/,301,vertaalde fallback
/ru/2011/07/how-now-wow-matrix/feed/,/2011/07/how-now-wow-matrix/,301,attachmentpagina
/ru/2011/07/impact-effort-matrix/,/2011/07/impact-effort-matrix/,301,vertaalde fallback
/ru/2011/07/impact-effort-matrix/feed/,/2011/07/impact-effort-matrix/,301,attachmentpagina
/ru/2011/07/proscons-game/,/2011/07/proscons-game/,301,vertaalde fallback
/ru/2011/07/proscons-game/feed/,/2011/07/proscons-game/,301,attachmentpagina
/ru/2011/07/swot-analysis-game/,/2011/07/swot-analysis-game/,301,vertaalde fallback
/ru/2011/07/swot-analysis-game/feed/,/2011/07/swot-analysis-game/,301,attachmentpagina
/ru/2011/07/the-big-payoff/feed/,/ru/2011/07/the-big-payoff/,301,attachmentpagina
/ru/2011/08/circles-and-soup/,/2011/08/circles-and-soup/,301,vertaalde fallback
/ru/2011/08/circles-and-soup/comment-page-1/,/2011/08/circles-and-soup/,301,attachmentpagina
/ru/2011/08/circles-and-soup/feed/,/2011/08/circles-and-soup/,301,attachmentpagina
/ru/2011/08/learning-matrix/,/2011/08/learning-matrix/,301,vertaalde fallback
/ru/2011/08/learning-matrix/feed/,/2011/08/learning-matrix/,301,attachmentpagina
/ru/2011/08/merrill-covey-matrix/,/2011/08/merrill-covey-matrix/,301,vertaalde fallback
/ru/2011/08/merrill-covey-matrix/feed/,/2011/08/merrill-covey-matrix/,301,attachmentpagina
/ru/2011/08/zhong-zhi-a-one-handed-agile-game-for-illustrating-problems-and-finding-solutions/,/2011/08/zhong-zhi-a-one-handed-agile-game-for-illustrating-problems-and-finding-solutions/,301,vertaalde fallback
/ru/2011/08/zhong-zhi-a-one-handed-agile-game-for-illustrating-problems-and-finding-solutions/feed/,/2011/08/zhong-zhi-a-one-handed-agile-game-for-illustrating-problems-and-finding-solutions/,301,attachmentpagina
/ru/2011/10/continuous-integration-with-lego/,/2011/10/continuous-integration-with-lego/,301,vertaalde fallback
/ru/2011/10/continuous-integration-with-lego/comment-page-1/,/2011/10/continuous-integration-with-lego/,301,attachmentpagina
/ru/2011/10/continuous-integration-with-lego/feed/,/2011/10/continuous-integration-with-lego/,301,attachmentpagina
/ru/2011/10/continuous-integration-with-lego/finished-cube-real-1/,/2011/10/continuous-integration-with-lego/,301,attachmentpagina
/ru/2011/10/continuous-integration-with-lego/finished-cube-real-1/feed/,/2011/10/continuous-integration-with-lego/,301,attachmentpagina
/ru/2011/10/continuous-integration-with-lego/finished-cube-real-2/,/2011/10/continuous-integration-with-lego/,301,attachmentpagina
/ru/2011/10/continuous-integration-with-lego/finished-cube-real-2/feed/,/2011/10/continuous-integration-with-lego/,301,attachmentpagina
/ru/2011/10/continuous-integration-with-lego/finished-cube-real-3/,/2011/10/continuous-integration-with-lego/,301,attachmentpagina
/ru/2011/10/continuous-integration-with-lego/finished-cube-real-3/feed/,/2011/10/continuous-integration-with-lego/,301,attachmentpagina
/ru/2011/10/continuous-integration-with-lego/finished-cube-real-4/,/2011/10/continuous-integration-with-lego/,301,attachmentpagina
/ru/2011/10/continuous-integration-with-lego/finished-cube-real-4/feed/,/2011/10/continuous-integration-with-lego/,301,attachmentpagina
/ru/2011/10/mitch-lacey-team-prioritization/,/2011/10/mitch-lacey-team-prioritization/,301,vertaalde fallback
/ru/2011/10/mitch-lacey-team-prioritization/feed/,/2011/10/mitch-lacey-team-prioritization/,301,attachmentpagina
/ru/2011/10/pairing-for-non-programmers/,/2011/10/pairing-for-non-programmers/,301,vertaalde fallback
/ru/2011/10/pairing-for-non-programmers/comment-page-1/,/2011/10/pairing-for-non-programmers/,301,attachmentpagina
/ru/2011/10/pairing-for-non-programmers/feed/,/2011/10/pairing-for-non-programmers/,301,attachmentpagina
/ru/2011/11/human-knot/,/2011/11/human-knot/,301,vertaalde fallback
/ru/2011/11/human-knot/feed/,/2011/11/human-knot/,301,attachmentpagina
/ru/2011/12/circles-of-influence/,/2011/12/circles-of-influence/,301,vertaalde fallback
/ru/2011/12/circles-of-influence/feed/,/2011/12/circles-of-influence/,301,attachmentpagina
/ru/2011/12/values-driven-retrospective-game/,/2011/12/values-driven-retrospective-game/,301,vertaalde fallback
/ru/2011/12/values-driven-retrospective-game/feed/,/2011/12/values-driven-retrospective-game/,301,attachmentpagina
/ru/2012/01/agile-games-2012-call-for-games/,/2012/01/agile-games-2012-call-for-games/,301,vertaalde fallback
/ru/2012/01/agile-games-2012-call-for-games/feed/,/2012/01/agile-games-2012-call-for-games/,301,attachmentpagina
/ru/2012/02/is-it-ragu-or-bolognese/,/2012/02/is-it-ragu-or-bolognese/,301,vertaalde fallback
/ru/2012/02/is-it-ragu-or-bolognese/feed/,/2012/02/is-it-ragu-or-bolognese/,301,attachmentpagina
/ru/2012/02/multitasking-game-handsnumberssong/,/2012/02/multitasking-game-handsnumberssong/,301,vertaalde fallback
/ru/2012/02/multitasking-game-handsnumberssong/feed/,/2012/02/multitasking-game-handsnumberssong/,301,attachmentpagina
/ru/2012/02/nobodys-perfct/,/2012/02/nobodys-perfct/,301,vertaalde fallback
/ru/2012/02/nobodys-perfct/feed/,/2012/02/nobodys-perfct/,301,attachmentpagina
/ru/2012/02/you-sunk-my-methodology/,/2012/02/you-sunk-my-methodology/,301,vertaalde fallback
/ru/2012/02/you-sunk-my-methodology/feed/,/2012/02/you-sunk-my-methodology/,301,attachmentpagina
/ru/2012/03/fearless-journey-the-game-that-gets-your-team-unstuck/,/2012/03/fearless-journey-the-game-that-gets-your-team-unstuck/,301,vertaalde fallback
/ru/2012/03/fearless-journey-the-game-that-gets-your-team-unstuck/feed/,/2012/03/fearless-journey-the-game-that-gets-your-team-unstuck/,301,attachmentpagina
/ru/2012/03/job-or-joy/,/2012/03/job-or-joy/,301,vertaalde fallback
/ru/2012/03/job-or-joy/feed/,/2012/03/job-or-joy/,301,attachmentpagina
/ru/2012/03/one-word-storytelling/,/2012/03/one-word-storytelling/,301,vertaalde fallback
/ru/2012/03/one-word-storytelling/feed/,/2012/03/one-word-storytelling/,301,attachmentpagina
/ru/2012/03/ouija-board-estimation/,/2012/03/ouija-board-estimation/,301,vertaalde fallback
/ru/2012/03/ouija-board-estimation/comment-page-1/,/2012/03/ouija-board-estimation/,301,attachmentpagina
/ru/2012/03/ouija-board-estimation/feed/,/2012/03/ouija-board-estimation/,301,attachmentpagina
/ru/2012/04/scrum-simulation-with-lego-bricks/feed/,/ru/2012/04/scrum-simulation-with-lego-bricks/,301,attachmentpagina
/ru/2012/04/tasty-estimation/,/2012/04/tasty-estimation/,301,vertaalde fallback
/ru/2012/04/tasty-estimation/feed/,/2012/04/tasty-estimation/,301,attachmentpagina
/ru/2012/05/lean-startup-snowflakes/,/2012/05/lean-startup-snowflakes/,301,vertaalde fallback
/ru/2012/05/lean-startup-snowflakes/comment-page-1/,/2012/05/lean-startup-snowflakes/,301,attachmentpagina
/ru/2012/05/lean-startup-snowflakes/feed/,/2012/05/lean-startup-snowflakes/,301,attachmentpagina
/ru/2012/05/ultimate-battle/,,410,vertaalde fallback zonder EN-origineel
/ru/2012/05/ultimate-battle/feed/,,410,attachmentpagina zonder bestaande post
/ru/2012/06/2-brains-tell-it-sell-it/,/2012/06/2-brains-tell-it-sell-it/,301,vertaalde fallback
/ru/2012/06/2-brains-tell-it-sell-it/feed/,/2012/06/2-brains-tell-it-sell-it/,301,attachmentpagina
/ru/2012/07/challenger-selling-model/,/2012/07/challenger-selling-model/,301,vertaalde fallback
/ru/2012/07/challenger-selling-model/feed/,/2012/07/challenger-selling-model/,301,attachmentpagina
/ru/2012/07/gone-fishing-game/,/2012/07/gone-fishing-game/,301,vertaalde fallback
/ru/2012/07/gone-fishing-game/feed/,/2012/07/gone-fishing-game/,301,attachmentpagina
/ru/2012/07/innovation-ambition-matrix/,/2012/07/innovation-ambition-matrix/,301,vertaalde fallback
/ru/2012/07/innovation-ambition-matrix/feed/,/2012/07/innovation-ambition-matrix/,301,attachmentpagina
/ru/2012/08/customer-centric/,/2012/08/customer-centric/,301,vertaalde fallback
/ru/2012/08/customer-centric/feed/,/2012/08/customer-centric/,301,attachmentpagina
/ru/2012/08/die-card-die-the-interruption-game/,/2012/08/die-card-die-the-interruption-game/,301,vertaalde fallback
/ru/2012/08/die-card-die-the-interruption-game/comment-page-1/,/2012/08/die-card-die-the-interruption-game/,301,attachmentpagina
/ru/2012/08/die-card-die-the-interruption-game/die_card_die-2/,/2012/08/die-card-die-the-interruption-game/,301,attachmentpagina
/ru/2012/08/die-card-die-the-interruption-game/die_card_die-2/feed/,/2012/08/die-card-die-the-interruption-game/,301,attachmentpagina
/ru/2012/08/die-card-die-the-interruption-game/feed/,/2012/08/die-card-die-the-interruption-game/,301,attachmentpagina
/ru/2012/08/innovation-generator/,/2012/08/innovation-generator/,301,vertaalde fallback
/ru/2012/08/innovation-generator/feed/,/2012/08/innovation-generator/,301,attachmentpagina
/ru/2012/08/kanban-tetris/,/2012/08/kanban-tetris/,301,vertaalde fallback
/ru/2012/08/kanban-tetris/feed/,/2012/08/kanban-tetris/,301,attachmentpagina
/ru/2012/08/safe-bold-framework/,/2012/08/safe-bold-framework/,301,vertaalde fallback
/ru/2012/08/safe-bold-framework/feed/,/2012/08/safe-bold-framework/,301,attachmentpagina
/ru/2012/08/wellbeing-north-star/,/2012/08/wellbeing-north-star/,301,vertaalde fallback
/ru/2012/08/wellbeing-north-star/feed/,/2012/08/wellbeing-north-star/,301,attachmentpagina
/ru/2012/09/the-domino-effect/,/2012/09/the-domino-effect/,301,vertaalde fallback
/ru/2012/09/the-domino-effect/feed/,/2012/09/the-domino-effect/,301,attachmentpagina
/ru/2012/09/the-project-managers-nightmare/,/2012/09/the-project-managers-nightmare/,301,vertaalde fallback
/ru/2012/09/the-project-managers-nightmare/feed/,/2012/09/the-project-managers-nightmare/,301,attachmentpagina
/ru/2012/09/we-want-a-city-scrum-simulation-with-lego-extension/,/2012/09/we-want-a-city-scrum-simulation-with-lego-extension/,301,vertaalde fallback
/ru/2012/09/we-want-a-city-scrum-simulation-with-lego-extension/feed/,/2012/09/we-want-a-city-scrum-simulation-with-lego-extension/,301,attachmentpagina
/ru/2012/10/balloon-animals/,/2012/10/balloon-animals/,301,vertaalde fallback
/ru/2012/10/balloon-animals/feed/,/2012/10/balloon-animals/,301,attachmentpagina
/ru/2012/10/celebrity-prioritisation/,/2012/10/celebrity-prioritisation/,301,vertaalde fallback
/ru/2012/10/celebrity-prioritisation/comment-page-1/,/2012/10/celebrity-prioritisation/,301,attachmentpagina
/ru/2012/10/celebrity-prioritisation/feed/,/2012/10/celebrity-prioritisation/,301,attachmentpagina
/ru/2012/10/destroy/,/2012/10/destroy/,301,vertaalde fallback
/ru/2012/10/destroy/feed/,/2012/10/destroy/,301,attachmentpagina
/ru/2012/10/first-letter-last-letter/,/2012/10/first-letter-last-letter/,301,vertaalde fallback
/ru/2012/10/first-letter-last-letter/feed/,/2012/10/first-letter-last-letter/,301,attachmentpagina
/ru/2012/10/free-market-prioritisation/,/2012/10/free-market-prioritisation/,301,vertaalde fallback
/ru/2012/10/intuitions/,/2012/10/intuitions/,301,vertaalde fallback
/ru/2012/10/intuitions/feed/,/2012/10/intuitions/,301,attachmentpagina
/ru/2012/10/movements-of-a-hypnotic-nature/,/2012/10/movements-of-a-hypnotic-nature/,301,vertaalde fallback
/ru/2012/10/movements-of-a-hypnotic-nature/feed/,/2012/10/movements-of-a-hypnotic-nature/,301,attachmentpagina
/ru/2012/10/musical-bells/,/2012/10/musical-bells/,301,vertaalde fallback
/ru/2012/10/musical-bells/feed/,/2012/10/musical-bells/,301,attachmentpagina
/ru/2012/10/once-upon-a-time-in-legoland/,/2012/10/once-upon-a-time-in-legoland/,301,vertaalde fallback
/ru/2012/10/once-upon-a-time-in-legoland/feed/,/2012/10/once-upon-a-time-in-legoland/,301,attachmentpagina
/ru/2012/10/story-spines/,/2012/10/story-spines/,301,vertaalde fallback
/ru/2012/10/story-spines/feed/,/2012/10/story-spines/,301,attachmentpagina
/ru/2012/10/swedish-stories/,/2012/10/swedish-stories/,301,vertaalde fallback
/ru/2012/10/swedish-stories/feed/,/2012/10/swedish-stories/,301,attachmentpagina
/ru/2012/10/the-blame-game/,/2012/10/the-blame-game/,301,vertaalde fallback
/ru/2012/10/the-blame-game/feed/,/2012/10/the-blame-game/,301,attachmentpagina
/ru/2012/10/the-sprint-limerick/,/2012/10/the-sprint-limerick/,301,vertaalde fallback
/ru/2012/10/the-sprint-limerick/feed/,/2012/10/the-sprint-limerick/,301,attachmentpagina
/ru/2012/10/the-sprint-mural/,/2012/10/the-sprint-mural/,301,vertaalde fallback
/ru/2012/10/the-sprint-mural/feed/,/2012/10/the-sprint-mural/,301,attachmentpagina
/ru/2012/10/thirty-five/,/2012/10/thirty-five/,301,vertaalde fallback
/ru/2012/10/thirty-five/comment-page-1/,/2012/10/thirty-five/,301,attachmentpagina
/ru/2012/10/thirty-five/feed/,/2012/10/thirty-five/,301,attachmentpagina
/ru/2012/10/top-traits/,/2012/10/top-traits/,301,vertaalde fallback
/ru/2012/10/top-traits/feed/,/2012/10/top-traits/,301,attachmentpagina
/ru/2012/10/upside-downside/,/2012/10/upside-downside/,301,vertaalde fallback
/ru/2012/10/upside-downside/feed/,/2012/10/upside-downside/,301,attachmentpagina
/ru/2012/10/video-reframing/,/2012/10/video-reframing/,301,vertaalde fallback
/ru/2012/10/video-reframing/feed/,/2012/10/video-reframing/,301,attachmentpagina
/ru/2012/11/delight/,/2012/11/delight/,301,vertaalde fallback
/ru/2012/11/delight/feed/,/2012/11/delight/,301,attachmentpagina
/ru/2012/11/gift-box/,/2012/11/gift-box/,301,vertaalde fallback
/ru/2012/11/gift-box/feed/,/2012/11/gift-box/,301,attachmentpagina
/ru/2012/11/questions-only/,/2012/11/questions-only/,301,vertaalde fallback
/ru/2012/11/questions-only/comment-page-1/,/2012/11/questions-only/,301,attachmentpagina
/ru/2012/11/questions-only/feed/,/2012/11/questions-only/,301,attachmentpagina
/ru/2012/11/tdd-test-driven-drawing/,/2012/11/tdd-test-driven-drawing/,301,vertaalde fallback
/ru/2012/11/tdd-test-driven-drawing/2012-11-06-10-23-07/,/2012/11/tdd-test-driven-drawing/,301,attachmentpagina
/ru/2012/11/tdd-test-driven-drawing/2012-11-06-10-23-07/feed/,/2012/11/tdd-test-driven-drawing/,301,attachmentpagina
/ru/2012/11/tdd-test-driven-drawing/2012-11-06-10-23-14/,/2012/11/tdd-test-driven-drawing/,301,attachmentpagina
/ru/2012/11/tdd-test-driven-drawing/2012-11-06-10-23-14/feed/,/2012/11/tdd-test-driven-drawing/,301,attachmentpagina
/ru/2012/11/tdd-test-driven-drawing/2012-11-06-10-40-29/,/2012/11/tdd-test-driven-drawing/,301,attachmentpagina
/ru/2012/11/tdd-test-driven-drawing/2012-11-06-10-40-29/feed/,/2012/11/tdd-test-driven-drawing/,301,attachmentpagina
/ru/2012/11/tdd-test-driven-drawing/feed/,/2012/11/tdd-test-driven-drawing/,301,attachmentpagina
/ru/2012/11/tdd-test-driven-drawing/screen-shot-2012-11-07-at-22-01-41/,/2012/11/tdd-test-driven-drawing/,301,attachmentpagina
/ru/2012/11/tdd-test-driven-drawing/screen-shot-2012-11-07-at-22-01-41/feed/,/2012/11/tdd-test-driven-drawing/,301,attachmentpagina
/ru/2012/11/three-headed-expert/,/2012/11/three-headed-expert/,301,vertaalde fallback
/ru/2012/11/three-headed-expert/comment-page-1/,/2012/11/three-headed-expert/,301,attachmentpagina
/ru/2012/11/three-headed-expert/feed/,/2012/11/three-headed-expert/,301,attachmentpagina
/ru/2012/11/werewolf-facilitation/,/2012/11/werewolf-facilitation/,301,vertaalde fallback
/ru/2012/11/werewolf-facilitation/feed/,/2012/11/werewolf-facilitation/,301,attachmentpagina
/ru/2012/12/take-the-win-win-wave/,/2012/12/take-the-win-win-wave/,301,vertaalde fallback
/ru/2012/12/take-the-win-win-wave/feed/,/2012/12/take-the-win-win-wave/,301,attachmentpagina
/ru/2013/02/52-card-pickup/,/2013/02/52-card-pickup/,301,vertaalde fallback
/ru/2013/02/52-card-pickup/feed/,/2013/02/52-card-pickup/,301,attachmentpagina
/ru/2013/02/copycats-2/,/2013/02/copycats-2/,301,vertaalde fallback
/ru/2013/02/copycats-2/feed/,/2013/02/copycats-2/,301,attachmentpagina
/ru/2013/02/the-herculean-doughnut/,/2013/02/the-herculean-doughnut/,301,vertaalde fallback
/ru/2013/02/the-herculean-doughnut/comment-page-1/,/2013/02/the-herculean-doughnut/,301,attachmentpagina
/ru/2013/02/the-herculean-doughnut/feed/,/2013/02/the-herculean-doughnut/,301,attachmentpagina
/ru/2013/03/8-monkeys-in-a-cage-–-a-mura-learning-game/,/2013/03/8-monkeys-in-a-cage-–-a-mura-learning-game/,301,vertaalde fallback
/ru/2013/03/8-monkeys-in-a-cage-–-a-mura-learning-game/feed/,/2013/03/8-monkeys-in-a-cage-–-a-mura-learning-game/,301,attachmentpagina
/ru/2013/03/play-doh-zoo-agile-ux-unleashed/,/2013/03/play-doh-zoo-agile-ux-unleashed/,301,vertaalde fallback
/ru/2013/03/play-doh-zoo-agile-ux-unleashed/feed/,/2013/03/play-doh-zoo-agile-ux-unleashed/,301,attachmentpagina
/ru/2013/03/the-high-risk-airplane-factory/,/2013/03/the-high-risk-airplane-factory/,301,vertaalde fallback
/ru/2013/03/the-high-risk-airplane-factory/feed/,/2013/03/the-high-risk-airplane-factory/,301,attachmentpagina
/ru/2013/04/communication-race/,/2013/04/communication-race/,301,vertaalde fallback
/ru/2013/04/communication-race/feed/,/2013/04/communication-race/,301,attachmentpagina
/ru/2013/04/e-w-a-n-mcgregor/,/2013/04/e-w-a-n-mcgregor/,301,vertaalde fallback
/ru/2013/04/e-w-a-n-mcgregor/feed/,/2013/04/e-w-a-n-mcgregor/,301,attachmentpagina
/ru/2013/04/the-risk-is-in-the-blocks/,/2013/04/the-risk-is-in-the-blocks/,301,vertaalde fallback
/ru/2013/04/the-risk-is-in-the-blocks/comment-page-1/,/2013/04/the-risk-is-in-the-blocks/,301,attachmentpagina
/ru/2013/04/the-risk-is-in-the-blocks/feed/,/2013/04/the-risk-is-in-the-blocks/,301,attachmentpagina
/ru/2013/05/the-penny-game/,/2013/05/the-penny-game/,301,vertaalde fallback
/ru/2013/05/the-penny-game/comment-page-1/,/2013/05/the-penny-game/,301,attachmentpagina
/ru/2013/05/the-penny-game/feed/,/2013/05/the-penny-game/,301,attachmentpagina
/ru/2013/07/francais-99-ballons-de-test/,/2013/07/francais-99-ballons-de-test/,301,vertaalde fallback
/ru/2013/07/francais-99-ballons-de-test/feed/,/2013/07/francais-99-ballons-de-test/,301,attachmentpagina
/ru/2013/07/moodgraph/,/2013/07/moodgraph/,301,vertaalde fallback
/ru/2013/07/moodgraph/feed/,/2013/07/moodgraph/,301,attachmentpagina
/ru/2013/08/software-kanban-games/,/2013/08/software-kanban-games/,301,vertaalde fallback
/ru/2013/08/software-kanban-games/event-cards/,/2013/08/software-kanban-games/,301,attachmentpagina
/ru/2013/08/software-kanban-games/event-cards/feed/,/2013/08/software-kanban-games/,301,attachmentpagina
/ru/2013/08/software-kanban-games/expedite-story-cards/,/2013/08/software-kanban-games/,301,attachmentpagina
/ru/2013/08/software-kanban-games/expedite-story-cards/feed/,/2013/08/software-kanban-games/,301,attachmentpagina
/ru/2013/08/software-kanban-games/feed/,/2013/08/software-kanban-games/,301,attachmentpagina
/ru/2013/08/software-kanban-games/fixed-date-story-cards/,/2013/08/software-kanban-games/,301,attachmentpagina
/ru/2013/08/software-kanban-games/fixed-date-story-cards/feed/,/2013/08/software-kanban-games/,301,attachmentpagina
/ru/2013/08/software-kanban-games/standard-story-cards/,/2013/08/software-kanban-games/,301,attachmentpagina
/ru/2013/08/software-kanban-games/standard-story-cards/feed/,/2013/08/software-kanban-games/,301,attachmentpagina
/ru/2013/09/leadership-magic-trick/,/2013/09/leadership-magic-trick/,301,vertaalde fallback
/ru/2013/09/leadership-magic-trick/feed/,/2013/09/leadership-magic-trick/,301,attachmentpagina
/ru/2013/09/line-up/,/2013/09/line-up/,301,vertaalde fallback
/ru/2013/09/line-up/feed/,/2013/09/line-up/,301,attachmentpagina
/ru/2013/09/mind-reading/,/2013/09/mind-reading/,301,vertaalde fallback
/ru/2013/09/mind-reading/feed/,/2013/09/mind-reading/,301,attachmentpagina
/ru/2013/09/mind-reading/mind-reader-game-elinor-slomba-with-independent-software-team/,/2013/09/mind-reading/,301,attachmentpagina
/ru/2013/09/mind-reading/mind-reader-game-elinor-slomba-with-independent-software-team/feed/,/2013/09/mind-reading/,301,attachmentpagina
/ru/2013/10/a-day-in-the-perfect-company-movie/,/2013/10/a-day-in-the-perfect-company-movie/,301,vertaalde fallback
/ru/2013/10/a-day-in-the-perfect-company-movie/feed/,/2013/10/a-day-in-the-perfect-company-movie/,301,attachmentpagina
/ru/2013/11/mobile-introspection-aka-opening-your-curatorial-eye/,/2013/11/mobile-introspection-aka-opening-your-curatorial-eye/,301,vertaalde fallback
/ru/2013/11/mobile-introspection-aka-opening-your-curatorial-eye/feed/,/2013/11/mobile-introspection-aka-opening-your-curatorial-eye/,301,attachmentpagina
/ru/2013/11/three-projects-three-experiments/,/2013/11/three-projects-three-experiments/,301,vertaalde fallback
/ru/2013/12/2014-san-jose-budget-games/,/2013/12/2014-san-jose-budget-games/,301,vertaalde fallback
/ru/2013/12/2014-san-jose-budget-games/feed/,/2013/12/2014-san-jose-budget-games/,301,attachmentpagina
/ru/2013/12/values-advocacy/,/2013/12/values-advocacy/,301,vertaalde fallback
/ru/2013/12/values-advocacy/feed/,/2013/12/values-advocacy/,301,attachmentpagina
/ru/2014/01/christmas-lucky-dip-game-with-a-twist-energise-your-christmas-party/,/2014/01/christmas-lucky-dip-game-with-a-twist-energise-your-christmas-party/,301,vertaalde fallback
/ru/2014/01/christmas-lucky-dip-game-with-a-twist-energise-your-christmas-party/comment-page-1/,/2014/01/christmas-lucky-dip-game-with-a-twist-energise-your-christmas-party/,301,attachmentpagina
/ru/2014/01/christmas-lucky-dip-game-with-a-twist-energise-your-christmas-party/feed/,/2014/01/christmas-lucky-dip-game-with-a-twist-energise-your-christmas-party/,301,attachmentpagina
/ru/2014/01/scrum-roles-and-responsibilities-game/,/2014/01/scrum-roles-and-responsibilities-game/,301,vertaalde fallback
/ru/2014/01/scrum-roles-and-responsibilities-game/comment-page-1/,/2014/01/scrum-roles-and-responsibilities-game/,301,attachmentpagina
/ru/2014/01/scrum-roles-and-responsibilities-game/feed/,/2014/01/scrum-roles-and-responsibilities-game/,301,attachmentpagina
/ru/2014/02/card-in-a-sealed-envelope/,/2014/02/card-in-a-sealed-envelope/,301,vertaalde fallback
/ru/2014/02/card-in-a-sealed-envelope/feed/,/2014/02/card-in-a-sealed-envelope/,301,attachmentpagina
/ru/2014/02/matching-values/,/2014/02/matching-values/,301,vertaalde fallback
/ru/2014/02/matching-values/feed/,/2014/02/matching-values/,301,attachmentpagina
/ru/2014/02/means-first-then-states/,/2014/02/means-first-then-states/,301,vertaalde fallback
/ru/2014/02/means-first-then-states/feed/,/2014/02/means-first-then-states/,301,attachmentpagina
/ru/2014/03/the-sandwich-retrospective/,/2014/03/the-sandwich-retrospective/,301,vertaalde fallback
/ru/2014/03/the-sandwich-retrospective/feed/,/2014/03/the-sandwich-retrospective/,301,attachmentpagina
/ru/2014/05/ball-flow-game/,/2014/05/ball-flow-game/,301,vertaalde fallback
/ru/2014/05/ball-flow-game/feed/,/2014/05/ball-flow-game/,301,attachmentpagina
/ru/2014/05/lego-flow-game/,/2014/05/lego-flow-game/,301,vertaalde fallback
/ru/2014/05/lego-flow-game/feed/,/2014/05/lego-flow-game/,301,attachmentpagina
/ru/2014/05/the-product-owner-role/,/2014/05/the-product-owner-role/,301,vertaalde fallback
/ru/2014/05/the-product-owner-role/feed/,/2014/05/the-product-owner-role/,301,attachmentpagina
/ru/2014/06/defining-done/,/2014/06/defining-done/,301,vertaalde fallback
/ru/2014/06/defining-done/comment-page-1/,/2014/06/defining-done/,301,attachmentpagina
/ru/2014/06/defining-done/feed/,/2014/06/defining-done/,301,attachmentpagina
/ru/2014/06/epic-bedtime-story/,/2014/06/epic-bedtime-story/,301,vertaalde fallback
/ru/2014/06/epic-bedtime-story/feed/,/2014/06/epic-bedtime-story/,301,attachmentpagina
/ru/2014/06/the-rocket-retrospective/,/2014/06/the-rocket-retrospective/,301,vertaalde fallback
/ru/2014/06/the-rocket-retrospective/comment-page-1/,/2014/06/the-rocket-retrospective/,301,attachmentpagina
/ru/2014/06/the-rocket-retrospective/feed/,/2014/06/the-rocket-retrospective/,301,attachmentpagina
/ru/2014/07/project-snapper-an-inception-value-realisation-game/,/2014/07/project-snapper-an-inception-value-realisation-game/,301,vertaalde fallback
/ru/2014/07/project-snapper-an-inception-value-realisation-game/feed/,/2014/07/project-snapper-an-inception-value-realisation-game/,301,attachmentpagina
/ru/2014/07/scrumheads-the-daily-scrum-game/,/2014/07/scrumheads-the-daily-scrum-game/,301,vertaalde fallback
/ru/2014/07/scrumheads-the-daily-scrum-game/feed/,/2014/07/scrumheads-the-daily-scrum-game/,301,attachmentpagina
/ru/2014/07/sudokuban-a-kanban-in-action-game-in-puzzles/,/2014/07/sudokuban-a-kanban-in-action-game-in-puzzles/,301,vertaalde fallback
/ru/2014/07/sudokuban-a-kanban-in-action-game-in-puzzles/feed/,/2014/07/sudokuban-a-kanban-in-action-game-in-puzzles/,301,attachmentpagina
/ru/2014/07/the-cultural-radars/,/2014/07/the-cultural-radars/,301,vertaalde fallback
/ru/2014/07/the-cultural-radars/comment-page-1/,/2014/07/the-cultural-radars/,301,attachmentpagina
/ru/2014/07/the-cultural-radars/feed/,/2014/07/the-cultural-radars/,301,attachmentpagina
/ru/2014/08/cynefin-with-the-team-drawer/,/2014/08/cynefin-with-the-team-drawer/,301,vertaalde fallback
/ru/2014/08/the-newlywed-game/,/2014/08/the-newlywed-game/,301,vertaalde fallback
/ru/2014/08/the-newlywed-game/comment-page-1/,/2014/08/the-newlywed-game/,301,attachmentpagina
/ru/2014/08/the-newlywed-game/feed/,/2014/08/the-newlywed-game/,301,attachmentpagina
/ru/2014/09/new-kanban-simulation-game-featureban/,/2014/09/new-kanban-simulation-game-featureban/,301,vertaalde fallback
/ru/2014/09/the-estimation-quest/,/2014/09/the-estimation-quest/,301,vertaalde fallback
/ru/2014/09/the-estimation-quest/feed/,/2014/09/the-estimation-quest/,301,attachmentpagina
/ru/2014/10/fellowship-of-the-goal-gamify-the-cardwall/,/2014/10/fellowship-of-the-goal-gamify-the-cardwall/,301,vertaalde fallback
/ru/2014/10/fellowship-of-the-goal-gamify-the-cardwall/feed/,/2014/10/fellowship-of-the-goal-gamify-the-cardwall/,301,attachmentpagina
/ru/2014/10/team-responsibility-game/,/2014/10/team-responsibility-game/,301,vertaalde fallback
/ru/2014/10/team-responsibility-game/comment-page-1/,/2014/10/team-responsibility-game/,301,attachmentpagina
/ru/2014/10/team-responsibility-game/feed/,/2014/10/team-responsibility-game/,301,attachmentpagina
/ru/2014/10/the-planning-quest/,/2014/10/the-planning-quest/,301,vertaalde fallback
/ru/2014/10/the-planning-quest/feed/,/2014/10/the-planning-quest/,301,attachmentpagina
/ru/2014/11/the-zmey-planning/,/2014/11/the-zmey-planning/,301,vertaalde fallback
/ru/2014/11/the-zmey-planning/feed/,/2014/11/the-zmey-planning/,301,attachmentpagina
/ru/2014/11/user-stories-vs-requirements/,/2014/11/user-stories-vs-requirements/,301,vertaalde fallback
/ru/2014/11/user-stories-vs-requirements/comment-page-1/,/2014/11/user-stories-vs-requirements/,301,attachmentpagina
/ru/2014/11/user-stories-vs-requirements/feed/,/2014/11/user-stories-vs-requirements/,301,attachmentpagina
/ru/2014/12/team-trust-canvas/,/2014/12/team-trust-canvas/,301,vertaalde fallback
/ru/2014/12/team-trust-canvas/feed/,/2014/12/team-trust-canvas/,301,attachmentpagina
/ru/2014/12/team-trust-canvas/team-trust-canvas-eng/,/2014/12/team-trust-canvas/,301,attachmentpagina
/ru/2014/12/team-trust-canvas/team-trust-canvas-eng/feed/,/2014/12/team-trust-canvas/,301,attachmentpagina
/ru/2014/12/the-fatware-matrix/,/2014/12/the-fatware-matrix/,301,vertaalde fallback
/ru/2014/12/the-fatware-matrix/feed/,/2014/12/the-fatware-matrix/,301,attachmentpagina
/ru/2015/01/hold-the-ball-longer-stronger-together/,/2015/01/hold-the-ball-longer-stronger-together/,301,vertaalde fallback
/ru/2015/01/hold-the-ball-longer-stronger-together/comment-page-1/,/2015/01/hold-the-ball-longer-stronger-together/,301,attachmentpagina
/ru/2015/01/hold-the-ball-longer-stronger-together/feed/,/2015/01/hold-the-ball-longer-stronger-together/,301,attachmentpagina
/ru/2015/01/hold-the-ball-longer-stronger-together/image-for-3-2-section/,/2015/01/hold-the-ball-longer-stronger-together/,301,attachmentpagina
/ru/2015/01/hold-the-ball-longer-stronger-together/image-for-3-2-section/feed/,/2015/01/hold-the-ball-longer-stronger-together/,301,attachmentpagina
/ru/2015/01/hold-the-ball-longer-stronger-together/image-for-5-2-section/,/2015/01/hold-the-ball-longer-stronger-together/,301,attachmentpagina
/ru/2015/01/hold-the-ball-longer-stronger-together/image-for-5-2-section/feed/,/2015/01/hold-the-ball-longer-stronger-together/,301,attachmentpagina
/ru/2015/01/hold-the-ball-longer-stronger-together/image-for-6-3-section/,/2015/01/hold-the-ball-longer-stronger-together/,301,attachmentpagina
/ru/2015/01/product-owner-challenge/,/2015/01/product-owner-challenge/,301,vertaalde fallback
/ru/2015/01/product-owner-challenge/feed/,/2015/01/product-owner-challenge/,301,attachmentpagina
/ru/2015/01/story-cube-time-line/,/2015/01/story-cube-time-line/,301,vertaalde fallback
/ru/2015/01/story-cube-time-line/feed/,/2015/01/story-cube-time-line/,301,attachmentpagina
/ru/2015/01/the-battle-of-the-retrospectives/,/2015/01/the-battle-of-the-retrospectives/,301,vertaalde fallback
/ru/2015/01/the-battle-of-the-retrospectives/feed/,/2015/01/the-battle-of-the-retrospectives/,301,attachmentpagina
/ru/2015/02/face-facts/,/2015/02/face-facts/,301,vertaalde fallback
/ru/2015/02/face-facts/feed/,/2015/02/face-facts/,301,attachmentpagina
/ru/2015/02/scrumble-an-agile-board-game/feed/,/ru/2015/02/scrumble-an-agile-board-game/,301,attachmentpagina
/ru/2015/02/the-workplace-equations/,/2015/02/the-workplace-equations/,301,vertaalde fallback
/ru/2015/02/the-workplace-equations/feed/,/2015/02/the-workplace-equations/,301,attachmentpagina
/ru/2015/02/video-scrum/,/2015/02/video-scrum/,301,vertaalde fallback
/ru/2015/02/video-scrum/comment-page-1/,/2015/02/video-scrum/,301,attachmentpagina
/ru/2015/02/video-scrum/feed/,/2015/02/video-scrum/,301,attachmentpagina
/ru/2015/03/a-day-at-the-movies/,/2015/03/a-day-at-the-movies/,301,vertaalde fallback
/ru/2015/03/a-day-at-the-movies/feed/,/2015/03/a-day-at-the-movies/,301,attachmentpagina
/ru/2015/03/the-teamwork-oscars/,/2015/03/the-teamwork-oscars/,301,vertaalde fallback
/ru/2015/03/the-teamwork-oscars/feed/,/2015/03/the-teamwork-oscars/,301,attachmentpagina
/ru/2015/04/mytoy-agile-product-development-game/,/2015/04/mytoy-agile-product-development-game/,301,vertaalde fallback
/ru/2015/04/mytoy-agile-product-development-game/feed/,/2015/04/mytoy-agile-product-development-game/,301,attachmentpagina
/ru/2015/04/play4agile-north-america-sept-11-13-2015/,/2015/04/play4agile-north-america-sept-11-13-2015/,301,vertaalde fallback
/ru/2015/04/play4agile-north-america-sept-11-13-2015/feed/,/2015/04/play4agile-north-america-sept-11-13-2015/,301,attachmentpagina
/ru/2015/05/4729/,/2015/05/4729/,301,vertaalde fallback
/ru/2015/05/4729/telestrations-2/,/2015/05/4729/,301,attachmentpagina
/ru/2015/05/4729/telestrations-2/feed/,/2015/05/4729/,301,attachmentpagina
/ru/2015/05/agile-clock/,/2015/05/agile-clock/,301,vertaalde fallback
/ru/2015/05/agile-clock/comment-page-1/,/2015/05/agile-clock/,301,attachmentpagina
/ru/2015/05/agile-clock/feed/,/2015/05/agile-clock/,301,attachmentpagina
/ru/2015/05/weekend-escape/,/2015/05/weekend-escape/,301,vertaalde fallback
/ru/2015/05/weekend-escape/feed/,/2015/05/weekend-escape/,301,attachmentpagina
/ru/2015/07/agile-scrum-framework-at-glance/,/2015/07/agile-scrum-framework-at-glance/,301,vertaalde fallback
/ru/2015/07/agile-scrum-framework-at-glance/feed/,/2015/07/agile-scrum-framework-at-glance/,301,attachmentpagina
/ru/2015/07/more-meaningful-stories/,/2015/07/more-meaningful-stories/,301,vertaalde fallback
/ru/2015/07/more-meaningful-stories/comment-page-1/,/2015/07/more-meaningful-stories/,301,attachmentpagina
/ru/2015/07/more-meaningful-stories/feed/,/2015/07/more-meaningful-stories/,301,attachmentpagina
/ru/2015/07/penny-flow/,/2015/07/penny-flow/,301,vertaalde fallback
/ru/2015/07/penny-flow/comment-page-1/,/2015/07/penny-flow/,301,attachmentpagina
/ru/2015/07/penny-flow/feed/,/2015/07/penny-flow/,301,attachmentpagina
/ru/2015/08/kanban-pizza-game/,/2015/08/kanban-pizza-game/,301,vertaalde fallback
/ru/2015/08/kanban-pizza-game/feed/,/2015/08/kanban-pizza-game/,301,attachmentpagina
/ru/2015/08/one-word-retrospective-game/,/2015/08/one-word-retrospective-game/,301,vertaalde fallback
/ru/2015/08/one-word-retrospective-game/comment-page-1/,/2015/08/one-word-retrospective-game/,301,attachmentpagina
/ru/2015/08/one-word-retrospective-game/feed/,/2015/08/one-word-retrospective-game/,301,attachmentpagina
/ru/2015/08/retrospective-darts/,/2015/08/retrospective-darts/,301,vertaalde fallback
/ru/2015/08/retrospective-darts/feed/,/2015/08/retrospective-darts/,301,attachmentpagina
/ru/2015/08/the-bicycle-game/,/2015/08/the-bicycle-game/,301,vertaalde fallback
/ru/2015/09/scrumgauntlet/,/2015/09/scrumgauntlet/,301,vertaalde fallback
/ru/2015/09/scrumgauntlet/gauntletreqs/,/2015/09/scrumgauntlet/,301,attachmentpagina
/ru/2015/09/scrumgauntlet/gauntletreqs/feed/,/2015/09/scrumgauntlet/,301,attachmentpagina
/ru/2015/09/scrumgauntlet/positioning-2/,/2015/09/scrumgauntlet/,301,attachmentpagina
/ru/2015/09/scrumgauntlet/positioning-2/feed/,/2015/09/scrumgauntlet/,301,attachmentpagina
/ru/2015/09/scrumgauntlet/todototest/,/2015/09/scrumgauntlet/,301,attachmentpagina
/ru/2015/09/scrumgauntlet/todototest/feed/,/2015/09/scrumgauntlet/,301,attachmentpagina
/ru/2015/09/spreadsheet-craftsmanship/,/2015/09/spreadsheet-craftsmanship/,301,vertaalde fallback
/ru/2015/09/spreadsheet-craftsmanship/feed/,/2015/09/spreadsheet-craftsmanship/,301,attachmentpagina
/ru/2015/10/4-ls/,/2015/10/4-ls/,301,vertaalde fallback
/ru/2015/10/4-ls/4ls/,/2015/10/4-ls/,301,attachmentpagina
/ru/2015/10/jargonbust/,/2015/10/jargonbust/,301,vertaalde fallback
/ru/2015/10/jargonbust/feed/,/2015/10/jargonbust/,301,attachmentpagina
/ru/2015/11/silent-collaboration/,/2015/11/silent-collaboration/,301,vertaalde fallback
/ru/2015/11/silent-collaboration/feed/,/2015/11/silent-collaboration/,301,attachmentpagina
/ru/2015/12/this-sprint-future-o-spective-with-santa-claus/,/2015/12/this-sprint-future-o-spective-with-santa-claus/,301,vertaalde fallback
/ru/2015/12/this-sprint-future-o-spective-with-santa-claus/feed/,/2015/12/this-sprint-future-o-spective-with-santa-claus/,301,attachmentpagina
/ru/2015/12/this-sprint-future-o-spective-with-santa-claus/wp_20151216_003/,/2015/12/this-sprint-future-o-spective-with-santa-claus/,301,attachmentpagina
/ru/2016/01/daily-stand-up-simulation/,/2016/01/daily-stand-up-simulation/,301,vertaalde fallback
/ru/2016/01/daily-stand-up-simulation/comment-page-1/,/2016/01/daily-stand-up-simulation/,301,attachmentpagina
/ru/2016/01/daily-stand-up-simulation/feed/,/2016/01/daily-stand-up-simulation/,301,attachmentpagina
/ru/2016/01/hitting-the-target-business-value-in-mission-focused-organizations/,/2016/01/hitting-the-target-business-value-in-mission-focused-organizations/,301,vertaalde fallback
/ru/2016/01/hitting-the-target-business-value-in-mission-focused-organizations/feed/,/2016/01/hitting-the-target-business-value-in-mission-focused-organizations/,301,attachmentpagina
/ru/2016/01/the-job-title-game/,/2016/01/the-job-title-game/,301,vertaalde fallback
/ru/2016/01/the-job-title-game/feed/,/2016/01/the-job-title-game/,301,attachmentpagina
/ru/2016/02/iterative-incremental-big-bang-2/,/2016/02/iterative-incremental-big-bang-2/,301,vertaalde fallback
/ru/2016/02/iterative-incremental-big-bang-2/comment-page-1/,/2016/02/iterative-incremental-big-bang-2/,301,attachmentpagina
/ru/2016/02/iterative-incremental-big-bang-2/feed/,/2016/02/iterative-incremental-big-bang-2/,301,attachmentpagina
/ru/2016/02/the-misemotions-game/,/2016/02/the-misemotions-game/,301,vertaalde fallback
/ru/2016/02/the-misemotions-game/feed/,/2016/02/the-misemotions-game/,301,attachmentpagina
/ru/2016/02/the-roast/,/2016/02/the-roast/,301,vertaalde fallback
/ru/2016/02/the-roast/feed/,/2016/02/the-roast/,301,attachmentpagina
/ru/2016/02/try-or-die-the-x-periment/,/2016/02/try-or-die-the-x-periment/,301,vertaalde fallback
/ru/2016/02/try-or-die-the-x-periment/comment-page-1/,/2016/02/try-or-die-the-x-periment/,301,attachmentpagina
/ru/2016/02/try-or-die-the-x-periment/feed/,/2016/02/try-or-die-the-x-periment/,301,attachmentpagina
/ru/2016/03/agile-jenga-testing-game/,/2016/03/agile-jenga-testing-game/,301,vertaalde fallback
/ru/2016/03/agile-jenga-testing-game/feed/,/2016/03/agile-jenga-testing-game/,301,attachmentpagina
/ru/2016/04/play4agile-north-america-2016-sept-9-11/,/2016/04/play4agile-north-america-2016-sept-9-11/,301,vertaalde fallback
/ru/2016/04/play4agile-north-america-2016-sept-9-11/feed/,/2016/04/play4agile-north-america-2016-sept-9-11/,301,attachmentpagina
/ru/2016/05/5668/,/2016/05/5668/,301,vertaalde fallback
/ru/2016/05/5668/comment-page-1/,/2016/05/5668/,301,attachmentpagina
/ru/2016/05/5668/feed/,/2016/05/5668/,301,attachmentpagina
/ru/2016/05/n-listen/,/2016/05/n-listen/,301,vertaalde fallback
/ru/2016/05/n-listen/feed/,/2016/05/n-listen/,301,attachmentpagina
/ru/2016/05/personal-space-workshop/,/2016/05/personal-space-workshop/,301,vertaalde fallback
/ru/2016/05/personal-space-workshop/feed/,/2016/05/personal-space-workshop/,301,attachmentpagina
/ru/2016/05/throw-the-cat-and-other-objects/,/2016/05/throw-the-cat-and-other-objects/,301,vertaalde fallback
/ru/2016/05/throw-the-cat-and-other-objects/feed/,/2016/05/throw-the-cat-and-other-objects/,301,attachmentpagina
/ru/2016/06/first-things-first/,/2016/06/first-things-first/,301,vertaalde fallback
/ru/2016/06/first-things-first/feed/,/2016/06/first-things-first/,301,attachmentpagina
/ru/2016/06/judgement-juggler/,/2016/06/judgement-juggler/,301,vertaalde fallback
/ru/2016/06/judgement-juggler/comment-page-1/,/2016/06/judgement-juggler/,301,attachmentpagina
/ru/2016/06/judgement-juggler/feed/,/2016/06/judgement-juggler/,301,attachmentpagina
/ru/2016/06/paint-the-story-point/comment-page-1/,/ru/2016/06/paint-the-story-point/,301,legacy URL
/ru/2016/06/paint-the-story-point/feed/,/ru/2016/06/paint-the-story-point/,301,attachmentpagina
/ru/2016/06/scrum-card-game/,/2016/06/scrum-card-game/,301,vertaalde fallback
/ru/2016/06/scrum-card-game/feed/,/2016/06/scrum-card-game/,301,attachmentpagina
/ru/2016/06/scrum-values-roles-card-game/,/2016/06/scrum-values-roles-card-game/,301,vertaalde fallback
/ru/2016/06/scrum-values-roles-card-game/cardset/,/2016/06/scrum-values-roles-card-game/,301,attachmentpagina
/ru/2016/06/scrum-values-roles-card-game/feed/,/2016/06/scrum-values-roles-card-game/,301,attachmentpagina
/ru/2016/06/the-agile-mindset-workshop/,/2016/06/the-agile-mindset-workshop/,301,vertaalde fallback
/ru/2016/06/the-agile-mindset-workshop/feed/,/2016/06/the-agile-mindset-workshop/,301,attachmentpagina
/ru/2016/07/nexus-zoo-a-scaling-simulator/,/2016/07/nexus-zoo-a-scaling-simulator/,301,vertaalde fallback
/ru/2016/07/nexus-zoo-a-scaling-simulator/feed/,/2016/07/nexus-zoo-a-scaling-simulator/,301,attachmentpagina
/ru/2016/07/nexus-zoo-a-scaling-simulator/nexuszoo/,/2016/07/nexus-zoo-a-scaling-simulator/,301,attachmentpagina
/ru/2016/07/scrum-simulation-with-minecraft/,/2016/07/scrum-simulation-with-minecraft/,301,vertaalde fallback
/ru/2016/07/scrum-simulation-with-minecraft/feed/,/2016/07/scrum-simulation-with-minecraft/,301,attachmentpagina
/ru/2016/08/pitfalls-possibilities/,/2016/08/pitfalls-possibilities/,301,vertaalde fallback
/ru/2016/08/story-cubes-retrospective/,/2016/08/story-cubes-retrospective/,301,vertaalde fallback
/ru/2016/09/to-plan-or-not-to-plan/,/2016/09/to-plan-or-not-to-plan/,301,vertaalde fallback
/ru/2016/09/to-plan-or-not-to-plan/comment-page-1/,/2016/09/to-plan-or-not-to-plan/,301,attachmentpagina
/ru/2016/09/to-plan-or-not-to-plan/feed/,/2016/09/to-plan-or-not-to-plan/,301,attachmentpagina
/ru/2016/10/the-coffee-game/,/2016/10/the-coffee-game/,301,vertaalde fallback
/ru/2016/10/the-coffee-game/feed/,/2016/10/the-coffee-game/,301,attachmentpagina
/ru/2016/12/lego-team-building/,/2016/12/lego-team-building/,301,vertaalde fallback
/ru/2017/01/francais-jeu-des-roles-et-des-responsabilites-de-scrum/,/2017/01/francais-jeu-des-roles-et-des-responsabilites-de-scrum/,301,vertaalde fallback
/ru/2017/02/cards-against-agility/,/2017/02/cards-against-agility/,301,vertaalde fallback
/ru/2017/02/cards-against-agility/feed/,/2017/02/cards-against-agility/,301,attachmentpagina
/ru/2017/02/failure-memory-game/,/2017/02/failure-memory-game/,301,vertaalde fallback
/ru/2017/02/failure-memory-game/cc-sa4-0-2/,/2017/02/failure-memory-game/,301,attachmentpagina
/ru/2017/02/failure-memory-game/cc-sa4-0-2/feed/,/2017/02/failure-memory-game/,301,attachmentpagina
/ru/2017/02/failure-memory-game/feed/,/2017/02/failure-memory-game/,301,attachmentpagina
/ru/2017/02/simplicity-in-lego-technical-practices/,/2017/02/simplicity-in-lego-technical-practices/,301,vertaalde fallback
/ru/2017/03/x-matrix-jigsaw-puzzle/,/2017/03/x-matrix-jigsaw-puzzle/,301,vertaalde fallback
/ru/2017/03/x-matrix-jigsaw-puzzle/feed/,/2017/03/x-matrix-jigsaw-puzzle/,301,attachmentpagina
/ru/2017/04/company-profile/,/2017/04/company-profile/,301,vertaalde fallback
/ru/2017/04/company-profile/feed/,/2017/04/company-profile/,301,attachmentpagina
/ru/2017/04/the-lean-star-game/,/2017/04/the-lean-star-game/,301,vertaalde fallback
/ru/2017/04/the-lean-star-game/comment-page-1/,/2017/04/the-lean-star-game/,301,attachmentpagina
/ru/2017/04/the-lean-star-game/feed/,/2017/04/the-lean-star-game/,301,attachmentpagina
/ru/2017/05/gameception-–-the-team-game-that-creates-itself/,/2017/05/gameception-–-the-team-game-that-creates-itself/,301,vertaalde fallback
/ru/2017/05/gameception-–-the-team-game-that-creates-itself/feed/,/2017/05/gameception-–-the-team-game-that-creates-itself/,301,attachmentpagina
/ru/2017/05/may-the-4th-force-be-with-you-retrospective/,/2017/05/may-the-4th-force-be-with-you-retrospective/,301,vertaalde fallback
/ru/2017/05/may-the-4th-force-be-with-you-retrospective/feed/,/2017/05/may-the-4th-force-be-with-you-retrospective/,301,attachmentpagina
/ru/2017/05/scrum-events-cycle/,/2017/05/scrum-events-cycle/,301,vertaalde fallback
/ru/2017/05/scrum-events-cycle/feed/,/2017/05/scrum-events-cycle/,301,attachmentpagina
/ru/2017/06/lets-take-a-journey-retrospective/,/2017/06/lets-take-a-journey-retrospective/,301,vertaalde fallback
/ru/2017/06/the-kanban-silly-tasks-game/,/2017/06/the-kanban-silly-tasks-game/,301,vertaalde fallback
/ru/2017/06/the-league-of-extraordinarily-shortsighted-agile-superleaders-retrospective/,/2017/06/the-league-of-extraordinarily-shortsighted-agile-superleaders-retrospective/,301,vertaalde fallback
/ru/2017/07/decoration-kanban/,/2017/07/decoration-kanban/,301,vertaalde fallback
/ru/2017/07/time-tree-fertilizer-retro/,/2017/07/time-tree-fertilizer-retro/,301,vertaalde fallback
/ru/2017/07/time-tree-fertilizer-retro/comment-page-1/,/2017/07/time-tree-fertilizer-retro/,301,attachmentpagina
/ru/2017/07/time-tree-fertilizer-retro/feed/,/2017/07/time-tree-fertilizer-retro/,301,attachmentpagina
/ru/2017/09/cardunit-a-unit-testing-simulation/,/2017/09/cardunit-a-unit-testing-simulation/,301,vertaalde fallback
/ru/2017/09/positive-change-canvas/,/2017/09/positive-change-canvas/,301,vertaalde fallback
/ru/2017/09/positive-change-canvas/feed/,/2017/09/positive-change-canvas/,301,attachmentpagina
/ru/2017/09/the-large-scale-scrum-less-dynamics-game/,/2017/09/the-large-scale-scrum-less-dynamics-game/,301,vertaalde fallback
/ru/2017/10/deep-dive-into-kanban-essentials-using-donut-making/,/2017/10/deep-dive-into-kanban-essentials-using-donut-making/,301,vertaalde fallback
/ru/2017/10/sinking-islands/,/2017/10/sinking-islands/,301,vertaalde fallback
/ru/2017/10/the-core-beliefs-of-waterfall-agile-and-lean/,/2017/10/the-core-beliefs-of-waterfall-agile-and-lean/,301,vertaalde fallback
/ru/2017/10/the-core-beliefs-of-waterfall-agile-and-lean/comment-page-1/,/2017/10/the-core-beliefs-of-waterfall-agile-and-lean/,301,attachmentpagina
/ru/2017/12/core-scrum-game/,/2017/12/core-scrum-game/,301,vertaalde fallback
/ru/2018/01/the-fast-and-the-furious-and-other-fs-retrospective-activity/,/2018/01/the-fast-and-the-furious-and-other-fs-retrospective-activity/,301,vertaalde fallback
/ru/2018/02/kitchen-prioritization/,/2018/02/kitchen-prioritization/,301,vertaalde fallback
/ru/2018/03/dice-of-debt/,/2018/03/dice-of-debt/,301,vertaalde fallback
/ru/2018/04/pass-the-perfection/,/2018/04/pass-the-perfection/,301,vertaalde fallback
/ru/2018/05/sprint-simulation-scrum-practice-game/,/2018/05/sprint-simulation-scrum-practice-game/,301,vertaalde fallback
/ru/2018/06/sequence-an-agile-integration-game/,/2018/06/sequence-an-agile-integration-game/,301,vertaalde fallback
/ru/2018/07/a-non-it-scrum-simulation-game-learn-scrum-and-self-organizing-through-a-game/,/2018/07/a-non-it-scrum-simulation-game-learn-scrum-and-self-organizing-through-a-game/,301,vertaalde fallback
/ru/2018/07/check-your-mindset/,/2018/07/check-your-mindset/,301,vertaalde fallback
/ru/2018/07/the-feedback-game/,/2018/07/the-feedback-game/,301,vertaalde fallback
/ru/2018/07/the-feedback-game/feed/,/2018/07/the-feedback-game/,301,attachmentpagina
/ru/2018/08/the-matchup-canvas/,/2018/08/the-matchup-canvas/,301,vertaalde fallback
/ru/2018/08/the-spark-engine/,/2018/08/the-spark-engine/,301,vertaalde fallback
/ru/2018/08/the-spark-engine/comment-page-1/,/2018/08/the-spark-engine/,301,attachmentpagina
/ru/2018/08/the-spark-engine/feed/,/2018/08/the-spark-engine/,301,attachmentpagina
/ru/2018/09/heart-of-agile-psychic-handshake/,/2018/09/heart-of-agile-psychic-handshake/,301,vertaalde fallback
/ru/2018/11/core-less-game/,/2018/11/core-less-game/,301,vertaalde fallback
/ru/2018/12/valuable-paper-airplanes/,/2018/12/valuable-paper-airplanes/,301,vertaalde fallback
/ru/2019/01/witches-cooking-reunion/,/2019/01/witches-cooking-reunion/,301,vertaalde fallback
/ru/author/4agile/,/author/4agile-pl/,301,auteurarchief in andere taal
/ru/author/aaturuit-com/,/author/uruit-agile-adoption-team/,301,auteurarchief in andere taal
/ru/author/abi-bellgmail-com/,/author/abi-bellamkonda/,301,auteurarchief in andere taal
/ru/author/about/,,410,auteurarchief zonder gemigreerd record
/ru/author/admin/,/author/michael-mccullough/,301,auteurarchief in andere taal
/ru/author/agiledoodgmail-com/,/author/jason-little/,301,auteurarchief in andere taal
/ru/author/agileinitiativesgmail-com/,/author/gretchen-knode/,301,auteurarchief in andere taal
/ru/author/agileschoolsgmail-com/,/author/john-miller/,301,auteurarchief in andere taal
/ru/author/agilityteamduo-nl/,/author/duo-agilityteam/,301,auteurarchief in andere taal
/ru/author/agillero/,/author/agillero/,301,auteurarchief in andere taal
/ru/author/agiludic/,/author/olaf-bublitz/,301,auteurarchief in andere taal
/ru/author/ahilesblueyonder-co-uk/,/author/andy-hiles/,301,auteurarchief in andere taal
/ru/author/aleem-khan360pmo-com/,/author/aleem-khan/,301,auteurarchief in andere taal
/ru/author/alexb/,/author/alex-boutin/,301,auteurarchief in andere taal
/ru/author/alexey-pikulevagiletech-ru/,/author/alexey-pikulev/,301,auteurarchief in andere taal
/ru/author/alexeykrivitskygmail-com/,/author/alexey-krivitsky/,301,auteurarchief in andere taal
/ru/author/amr-noamangmail-com/,/author/amr-noaman/,301,auteurarchief in andere taal
/ru/author/andrewjcharltonhotmail-com/,/author/andrew-charlton/,301,auteurarchief in andere taal
/ru/author/andrewruslinghotmail-com/,/author/andrew-rusling/,301,auteurarchief in andere taal
/ru/author/anukhendry/,/author/anukhendry/,301,auteurarchief in andere taal
/ru/author/artsintersticesgmail-com/,/author/elinor-slomba/,301,auteurarchief in andere taal
/ru/author/attarian-samangmail-com/,/author/saman-attarian/,301,auteurarchief in andere taal
/ru/author/b-scharlauabdn-ac-uk/,/author/b-scharlau-abdn-ac-uk/,301,auteurarchief in andere taal
/ru/author/belindabeingagile-co-uk/,/author/belinda-waldock/,301,auteurarchief in andere taal
/ru/author/bencarey/,/author/ben-carey/,301,auteurarchief in andere taal
/ru/author/blakesoulofscrum-com/,/author/blake-mcmillan/,301,auteurarchief in andere taal
/ru/author/brunot-nicolasgmail-com/,/author/nicolas-brunot/,301,auteurarchief in andere taal
/ru/author/bryan_foleyatt-net/,/author/bryan-f/,301,auteurarchief in andere taal
/ru/author/carolina-gorositogmail-com/,/author/carolina-gorosito/,301,auteurarchief in andere taal
/ru/author/cesarioagilix-nl/,/author/cesario-ramos/,301,auteurarchief in andere taal
/ru/author/cetidata-pl/,/author/adam-cetnerowski/,301,auteurarchief in andere taal
/ru/author/chrisdeniaud-eu/,/author/chris-deniaud/,301,auteurarchief in andere taal
/ru/author/colleen-esposito/,/author/colleen-esposito/,301,auteurarchief in andere taal
/ru/author/craig-browncraigwbrown-net/,,410,auteurarchief zonder gemigreerd record
/ru/author/craigstrongandagile-co-uk/,/author/craig-strong/,301,auteurarchief in andere taal
/ru/author/cramtirolf/,/author/marc-florit/,301,auteurarchief in andere taal
/ru/author/d-andre-dhondtgmail-com/,/author/andre-dhondt/,301,auteurarchief in andere taal
/ru/author/daamonpgmail-com/,/author/daamon-parker/,301,auteurarchief in andere taal
/ru/author/danginngmail-com/,/author/dan-ginn/,301,auteurarchief in andere taal
/ru/author/david_kanehouseofyin-com/,/author/david-kane/,301,auteurarchief in andere taal
/ru/author/davidscrumandkanban-co-uk/,/author/david-lowe/,301,auteurarchief in andere taal
/ru/author/ddwebgate-ltd-uk/,/author/derek-davidson/,301,auteurarchief in andere taal
/ru/author/debashis2507/,/author/debashis2507/,301,auteurarchief in andere taal
/ru/author/debdeborahpreuss-com/,/author/deborah-hartmann-preuss/,301,auteurarchief in andere taal
/ru/author/deepakjsfwltd-co-uk/,/author/deepak-joshi/,301,auteurarchief in andere taal
/ru/author/dennis-somervillegmail-com/,/author/dennis-somerville/,301,auteurarchief in andere taal
/ru/author/dinamaria/,/author/dinamaria/,301,auteurarchief in andere taal
/ru/author/dkoontz/,/author/david-koontz/,301,auteurarchief in andere taal
/ru/author/docanotherthought-com/,/author/doc-list/,301,auteurarchief in andere taal
/ru/author/don/,/author/don-mcgreal/,301,auteurarchief in andere taal
/ru/author/doug-husovskygmail-com/,/author/doug-husovsky/,301,auteurarchief in andere taal
/ru/author/dpylayevagmail-com/,/author/dana-pylayeva/,301,auteurarchief in andere taal
/ru/author/dschilli/,/author/dschilli/,301,auteurarchief in andere taal
/ru/author/edbruingmail-com/,/author/e-bruin/,301,auteurarchief in andere taal
/ru/author/egrove/,/author/ellen-grove/,301,auteurarchief in andere taal
/ru/author/ellenebgconsulting-com/,/author/ellen-gottesdiener/,301,auteurarchief in andere taal
/ru/author/eloise-pelsergmail-com/,/author/eloise-pelser/,301,auteurarchief in andere taal
/ru/author/embedded-agility/,/author/embedded-agility/,301,auteurarchief in andere taal
/ru/author/emel-siegeloutlook-com/,/author/emel-siegel/,301,auteurarchief in andere taal
/ru/author/erichbuhlerhotmail-com/,/author/erich-buhler/,301,auteurarchief in andere taal
/ru/author/erwinkoogh-com/,/author/erwin-van-der-koogh/,301,auteurarchief in andere taal
/ru/author/eylul-c/,/author/eylul-c/,301,auteurarchief in andere taal
/ru/author/fabrice-aimettigmail-com/,/author/fabrice-aimetti/,301,auteurarchief in andere taal
/ru/author/fancydevgmail-com/,/author/illya-pavlichenko/,301,auteurarchief in andere taal
/ru/author/fredrikwendt-se/,/author/fredrik-wendt/,301,auteurarchief in andere taal
/ru/author/gameover/,/author/gameover/,301,auteurarchief in andere taal
/ru/author/geoffwatts/,/author/geoff-watts/,301,auteurarchief in andere taal
/ru/author/gregory-alexandregoood-pro/,/author/gregory-alexandre/,301,auteurarchief in andere taal
/ru/author/haritochka2-com/,/author/haralambi-haralambiev/,301,auteurarchief in andere taal
/ru/author/heitor/,/author/heitor-filho/,301,auteurarchief in andere taal
/ru/author/hgjpennartzyahoo-com/,/author/rik-pennartz/,301,auteurarchief in andere taal
/ru/author/hugo-emondgmail-com/,/author/hugo-emond/,301,auteurarchief in andere taal
/ru/author/infojesusmendez-ca/,/author/jesus-mendez/,301,auteurarchief in andere taal
/ru/author/ivo-peksensgmail-com/,/author/ivo-peksens/,301,auteurarchief in andere taal
/ru/author/jaap-dekkingagmail-com/,/author/jaap-dekkinga/,301,auteurarchief in andere taal
/ru/author/jameshurricanefour-com/,/author/james-scrimshire/,301,auteurarchief in andere taal
/ru/author/jason-hallcgmail-com/,/author/jason-hall/,301,auteurarchief in andere taal
/ru/author/jason-t-knightgmail-com/,/author/jason-knight/,301,auteurarchief in andere taal
/ru/author/javamvgmail-com/,/author/slava-moskalenko/,301,auteurarchief in andere taal
/ru/author/jeremy-willetsonbase-com/,/author/jeremy-willets/,301,auteurarchief in andere taal
/ru/author/joerim/,/author/joerim/,301,auteurarchief in andere taal
/ru/author/johng/,/author/johng/,301,auteurarchief in andere taal
/ru/author/jonathanbitwix-com/,/author/jonathan-clarke/,301,auteurarchief in andere taal
/ru/author/jonnorthernshoreconsulting-co-uk/,/author/jon-mcnestrie/,301,auteurarchief in andere taal
/ru/author/jose-manuel-ilinchetagmail-com/,/author/manuel-ilincheta/,301,auteurarchief in andere taal
/ru/author/julio-augustogmail-com/,/author/julio-oliveira/,301,auteurarchief in andere taal
/ru/author/karen-favazza-spencer/,/author/karen-favazza-spencer/,301,auteurarchief in andere taal
/ru/author/karlscotland/,/author/karl-scotland/,301,auteurarchief in andere taal
/ru/author/kbartlettvistaprint-com/,/author/kimberly-bartlett/,301,auteurarchief in andere taal
/ru/author/kenhoward01gmail-com/,/author/kenhoward01-gmail-com/,301,auteurarchief in andere taal
/ru/author/kfeltu/,/author/kfeltu/,301,auteurarchief in andere taal
/ru/author/kingdaddy8gmail-com/,/author/tom-grant/,301,auteurarchief in andere taal
/ru/author/kosciejewgmail-com/,/author/jeff-kosciejew/,301,auteurarchief in andere taal
/ru/author/kruse-ralfgooglemail-com/,/author/ralf-kruse/,301,auteurarchief in andere taal
/ru/author/laisanaome/,/author/laisanaome/,301,auteurarchief in andere taal
/ru/author/lmadhavigmail-com/,/author/ledalla-madhavi/,301,auteurarchief in andere taal
/ru/author/lthomasburrislogistics-com/,/author/lauren-thomas/,301,auteurarchief in andere taal
/ru/author/luke-hohmann/,/author/luke-hohmann/,301,auteurarchief in andere taal
/ru/author/lurena/,/author/lurena/,301,auteurarchief in andere taal
/ru/author/marcin-floryangmail-com/,/author/marcin-floryan/,301,auteurarchief in andere taal
/ru/author/marcin-zmigrodzkioctigo-pl/,/author/marcin-zmigrodzki/,301,auteurarchief in andere taal
/ru/author/mariete-sequeragmail-com/,/author/mariete-sequera-hernandez/,301,auteurarchief in andere taal
/ru/author/mark-reilly/,/author/mark-reilly/,301,auteurarchief in andere taal
/ru/author/marketinguruitgmail-com/,/author/martin-mari/,301,auteurarchief in andere taal
/ru/author/markus-wittwerweb-de/,/author/markus-wittwer/,301,auteurarchief in andere taal
/ru/author/martenscljgmail-com/,/author/christo-martens/,301,auteurarchief in andere taal
/ru/author/matthewrphilipgmail-com/,/author/matt-philip/,301,auteurarchief in andere taal
/ru/author/matthias-jouangmail-com/,/author/matthias-jouan/,301,auteurarchief in andere taal
/ru/author/mbowlergargoylesoftware-com/,/author/mike-bowler/,301,auteurarchief in andere taal
/ru/author/mburrows/,/author/mike-burrows/,301,auteurarchief in andere taal
/ru/author/mcjenkinsgmail-com/,/author/marie-claire-dean/,301,auteurarchief in andere taal
/ru/author/mertine/,/author/mertine/,301,auteurarchief in andere taal
/ru/author/michael-sahota/,/author/michael-sahota/,301,auteurarchief in andere taal
/ru/author/mike-burnsalumni-qut-edu-au/,/author/mike-burns/,301,auteurarchief in andere taal
/ru/author/mike-mccullough/,/author/mike-mccullough/,301,auteurarchief in andere taal
/ru/author/mikeleanintuit-com/,/author/mike-leanintuit-com/,301,auteurarchief in andere taal
/ru/author/mlevison/,/author/mark-levison/,301,auteurarchief in andere taal
/ru/author/mozratgmail-com/,/author/simon-morris/,301,auteurarchief in andere taal
/ru/author/mrcthompson/,/author/mrcthompson/,301,auteurarchief in andere taal
/ru/author/mtbadgleygmail-com/,/author/matt-badgley/,301,auteurarchief in andere taal
/ru/author/n_zdunicyahoo-com-au/,/author/nick-zdunic/,301,auteurarchief in andere taal
/ru/author/ntalensgmail-com/,/author/niels-talens/,301,auteurarchief in andere taal
/ru/author/ntsreejithgmail-com/,/author/sreejith-n-t/,301,auteurarchief in andere taal
/ru/author/nuno_borgeshotmail-com/,/author/nuno-borges/,301,auteurarchief in andere taal
/ru/author/ocbermudezgmail-com/,/author/ocbermudez/,301,auteurarchief in andere taal
/ru/author/olivier-destradefree-fr/,/author/olivier-destrade/,301,auteurarchief in andere taal
/ru/author/paul-osbornpharmacyonesource-com/,/author/paul-osborn/,301,auteurarchief in andere taal
/ru/author/paulagilify-co-uk/,/author/paul-goddard/,301,auteurarchief in andere taal
/ru/author/pauls/,/author/pauls/,301,auteurarchief in andere taal
/ru/author/pib-mtgmx-de/,/author/michael-tarnowski/,301,auteurarchief in andere taal
/ru/author/pierreneisgmail-com/,/author/pierre-e-neis/,301,auteurarchief in andere taal
/ru/author/pmboosyahoo-com/,/author/paul-boos/,301,auteurarchief in andere taal
/ru/author/przemek/,/author/przemek/,301,auteurarchief in andere taal
/ru/author/rdenisoncaptechconsulting-com/,/author/rob-denison/,301,auteurarchief in andere taal
/ru/author/renee-troughtongmail-com/,/author/renee-troughton/,301,auteurarchief in andere taal
/ru/author/richardkasperowski/,/author/richard-kasperowski/,301,auteurarchief in andere taal
/ru/author/rickard-ukgmail-com/,/author/rickard-jones/,301,auteurarchief in andere taal
/ru/author/robert-batusekgmail-com/,/author/robert-batusek/,301,auteurarchief in andere taal
/ru/author/romaintrocheriegmail-com/,/author/romain-trocherie/,301,auteurarchief in andere taal
/ru/author/rquartelgmail-com/,/author/ron-quartel/,301,auteurarchief in andere taal
/ru/author/sabbaghgmail-com/,/author/rafael-sabbagh/,301,auteurarchief in andere taal
/ru/author/samuelnew-bamboo-co-uk/,/author/sam-whiting/,301,auteurarchief in andere taal
/ru/author/schabba/,/author/sunish-chabba/,301,auteurarchief in andere taal
/ru/author/seabreezes1iglide-net/,/author/karen-favazza-spencer-2/,301,auteurarchief in andere taal
/ru/author/seanseantrobinson-co-uk/,/author/sean-robinson/,301,auteurarchief in andere taal
/ru/author/sgh-nijenhuisgmail-com/,/author/stefan-nijenhuis/,301,auteurarchief in andere taal
/ru/author/spenkar/,/author/spenkar/,301,auteurarchief in andere taal
/ru/author/stavrossfmi-uni-sofia-bg/,/author/stavros-stavru/,301,auteurarchief in andere taal
/ru/author/stephen-mounsey/,/author/stephen-mounsey/,301,auteurarchief in andere taal
/ru/author/steverogalsky-ca/,/author/steve-rogalsky/,301,auteurarchief in andere taal
/ru/author/stiedlmoccasoft-com/,/author/anja-stiedl/,301,auteurarchief in andere taal
/ru/author/sune-lomholtgmail-com/,/author/sune-lomholt/,301,auteurarchief in andere taal
/ru/author/tatyanayanush/,/author/tatyana-yanush/,301,auteurarchief in andere taal
/ru/author/tctc-dk/,/author/tc-tc-dk/,301,auteurarchief in andere taal
/ru/author/thomy-kayonline-de/,/author/thomy-kay/,301,auteurarchief in andere taal
/ru/author/throttlehogyahoo-com/,/author/jason-hall-2/,301,auteurarchief in andere taal
/ru/author/timothepdotnettastycupcakesgmail-com/,/author/tim-bourguignon/,301,auteurarchief in andere taal
/ru/author/timyevgrashyn/,/author/tim-yevgrashyn/,301,auteurarchief in andere taal
/ru/author/tobysinclair86gmail-com/,/author/tobysinclair86-gmail-com/,301,auteurarchief in andere taal
/ru/author/toddtoddcharron-com/,/author/todd-charron/,301,auteurarchief in andere taal
/ru/author/vasan-ramtastycupcakesgmail-com-2/,/author/ram-srinivasan/,301,auteurarchief in andere taal
/ru/author/veit/,/author/veit-richter/,301,auteurarchief in andere taal
/ru/author/vijay-bandaru/,/author/vijay-bandaru/,301,auteurarchief in andere taal
/ru/author/vkbandaruyahoo-com/,/author/vijay-bandaru-2/,301,auteurarchief in andere taal
/ru/author/vzanini5dvision-com/,/author/valerio-zanini/,301,auteurarchief in andere taal
/ru/author/wasitovayahoo-com/,/author/silvana-wasitova/,301,auteurarchief in andere taal
/ru/author/zvonimir-kriz/,/author/zvonimir-kriz/,301,auteurarchief in andere taal
/ru/author/zvonimir-krizgmail-com/,,410,auteurarchief zonder gemigreerd record
/submit-game-reference/,,410,pagina vervalt volgens CONTENT-MODEL §4
/tag/experimentation/,,410,tag zonder gepubliceerde posts
/tag/experiments/,,410,tag zonder gepubliceerde posts
/tag/от-винта-2-2021/,,410,tag zonder gepubliceerde posts
/tag/от-винта-2/,,410,tag zonder gepubliceerde posts
/tag/райя-и-последний-дракон/,,410,tag zonder gepubliceerde posts
/tag/райя-последний-дракон/,,410,tag zonder gepubliceerde posts
/tag/рая-и-последний-дракон/,,410,tag zonder gepubliceerde posts
/tag/рая-последний-дракон/,,410,tag zonder gepubliceerde posts
/tastycupcakes-home/,/,301,oude homepage
/vision/,,410,pagina ontbreekt in de Engelse export
/wp-content/uploads/2009/06/Michael-McCullough-300x225.jpg,/media/2009/06/Michael-McCullough.jpg,301,formaatvariant naar origineel
/wp-content/uploads/2009/06/Mike-e1274502885912-150x150.jpg,/media/2009/06/Mike-e1274502885912.jpg,301,formaatvariant naar origineel
/wp-content/uploads/2011/04/Buy-A-Feature-Results-By-Team-for-TastyCupcakes.org_-150x150.jpg,/media/2011/04/Buy-A-Feature-Results-By-Team-for-TastyCupcakes.org_.jpg,301,formaatvariant naar origineel
/wp-content/uploads/2011/04/Buy-A-Feature-Results-By-Team-for-TastyCupcakes.org_-839x1024.jpg,/media/2011/04/Buy-A-Feature-Results-By-Team-for-TastyCupcakes.org_.jpg,301,formaatvariant naar origineel
/wp-content/uploads/2011/04/Prune-the-Product-Tree-for-TastyCupcakes.org_-150x150.jpg,/media/2011/04/Prune-the-Product-Tree-for-TastyCupcakes.org_.jpg,301,formaatvariant naar origineel
/wp-content/uploads/2011/04/Prune-the-Product-Tree-for-TastyCupcakes.org-2-150x150.jpg,/media/2011/04/Prune-the-Product-Tree-for-TastyCupcakes.org-2.jpg,301,formaatvariant naar origineel
/wp-content/uploads/2011/04/Prune-the-Product-Tree-for-TastyCupcakes.org-3-150x150.jpg,/media/2011/04/Prune-the-Product-Tree-for-TastyCupcakes.org-3.jpg,301,formaatvariant naar origineel
/wp-content/uploads/2011/04/Prune-the-Product-Tree-for-TastyCupcakes.org-4-150x150.jpg,/media/2011/04/Prune-the-Product-Tree-for-TastyCupcakes.org-4.jpg,301,formaatvariant naar origineel
/wp-content/uploads/2011/07/Agile_Airplane-300x122.jpg,/media/2011/07/Agile_Airplane.jpg,301,formaatvariant naar origineel
/wp-content/uploads/2011/07/DoDontIsIsnt-300x225.png,/media/2011/07/DoDontIsIsnt.png,301,formaatvariant naar origineel
/wp-content/uploads/2011/10/finished-cube-real-1-150x150.jpg,/media/2011/10/finished-cube-real-1.jpg,301,formaatvariant naar origineel
/wp-content/uploads/2011/10/finished-cube-real-1-300x199.jpg,/media/2011/10/finished-cube-real-1.jpg,301,formaatvariant naar origineel
/wp-content/uploads/2011/10/finished-cube-real-2-150x150.jpg,/media/2011/10/finished-cube-real-2.jpg,301,formaatvariant naar origineel
/wp-content/uploads/2011/10/finished-cube-real-2-300x199.jpg,/media/2011/10/finished-cube-real-2.jpg,301,formaatvariant naar origineel
/wp-content/uploads/2011/10/finished-cube-real-3-150x150.jpg,/media/2011/10/finished-cube-real-3.jpg,301,formaatvariant naar origineel
/wp-content/uploads/2011/10/finished-cube-real-3-300x199.jpg,/media/2011/10/finished-cube-real-3.jpg,301,formaatvariant naar origineel
/wp-content/uploads/2011/10/finished-cube-real-4-150x150.jpg,/media/2011/10/finished-cube-real-4.jpg,301,formaatvariant naar origineel
/wp-content/uploads/2011/10/finished-cube-real-4-300x199.jpg,/media/2011/10/finished-cube-real-4.jpg,301,formaatvariant naar origineel
/wp-content/uploads/2012/03/IMG_0388-150x150.jpg,/media/2012/03/IMG_0388.jpg,301,formaatvariant naar origineel
/wp-content/uploads/2012/03/IMG_0389-150x150.jpg,/media/2012/03/IMG_0389.jpg,301,formaatvariant naar origineel
/wp-content/uploads/2012/03/IMG_0390-150x150.jpg,/media/2012/03/IMG_0390.jpg,301,formaatvariant naar origineel
/wp-content/uploads/2012/03/IMG_0391-150x150.jpg,/media/2012/03/IMG_0391.jpg,301,formaatvariant naar origineel
/wp-content/uploads/2012/03/IMG_0392-150x150.jpg,/media/2012/03/IMG_0392.jpg,301,formaatvariant naar origineel
/wp-content/uploads/2012/03/IMG_0393-150x150.jpg,/media/2012/03/IMG_0393.jpg,301,formaatvariant naar origineel
/wp-content/uploads/2012/03/IMG_0394-150x150.jpg,/media/2012/03/IMG_0394.jpg,301,formaatvariant naar origineel
/wp-content/uploads/2012/05/photo-20-300x225.jpg,/media/2012/05/photo-20.jpg,301,formaatvariant naar origineel
/wp-content/uploads/2012/08/die_card_die1-300x225.jpg,/media/2012/08/die_card_die1.jpg,301,formaatvariant naar origineel
/wp-content/uploads/2013/09/Mind-reader-game-elinor-slomba-with-independent-software-team-300x223.jpg,/media/2013/09/Mind-reader-game-elinor-slomba-with-independent-software-team.jpg,301,formaatvariant naar origineel
/wp-content/uploads/2014/01/ScrumResponsibilitiesGame-300x224.jpg,/media/2014/01/ScrumResponsibilitiesGame.jpg,301,formaatvariant naar origineel
/wp-content/uploads/2014/01/ScrumResponsibilitiesGame-660x492.jpg,/media/2014/01/ScrumResponsibilitiesGame.jpg,301,formaatvariant naar origineel
/wp-content/uploads/2014/06/Picture1-300x256.png,/media/2014/06/Picture1.png,301,formaatvariant naar origineel
/wp-content/uploads/2014/11/IMG_4141-300x225.jpg,/media/2014/11/IMG_4141.jpg,301,formaatvariant naar origineel
/wp-content/uploads/2014/12/Team-Trust-Canvas-ENG-300x211.jpg,/media/2014/12/Team-Trust-Canvas-ENG.jpg,301,formaatvariant naar origineel
/wp-content/uploads/2015/01/Image-for-3.2-section-300x214.png,/media/2015/01/Image-for-3.2-section.png,301,formaatvariant naar origineel
/wp-content/uploads/2015/01/Image-for-5.2-section-300x167.png,/media/2015/01/Image-for-5.2-section.png,301,formaatvariant naar origineel
/wp-content/uploads/2015/01/Image-for-6.3-section-300x235.png,/media/2015/01/Image-for-6.3-section.png,301,formaatvariant naar origineel
/wp-content/uploads/2015/03/Evernote-Camera-Roll-20150325-171233-150x150.jpg,/media/2015/03/Evernote-Camera-Roll-20150325-171233.jpg,301,formaatvariant naar origineel
/wp-content/uploads/2015/03/Evernote-Camera-Roll-20150325-171233-225x300.jpg,/media/2015/03/Evernote-Camera-Roll-20150325-171233.jpg,301,formaatvariant naar origineel
/wp-content/uploads/2015/09/done-211x300.png,/media/2015/09/done.png,301,formaatvariant naar origineel
/wp-content/uploads/2015/09/GauntletLayout1-300x187.png,/media/2015/09/GauntletLayout1.png,301,formaatvariant naar origineel
/wp-content/uploads/2015/09/gauntletReqs-225x300.png,/media/2015/09/gauntletReqs.png,301,formaatvariant naar origineel
/wp-content/uploads/2015/09/positioning1-300x146.png,/media/2015/09/positioning1.png,301,formaatvariant naar origineel
/wp-content/uploads/2015/09/positioning1-660x321.png,/media/2015/09/positioning1.png,301,formaatvariant naar origineel
/wp-content/uploads/2015/09/Running_the_gauntlet-187x300.jpg,/media/2015/09/Running_the_gauntlet.jpg,301,formaatvariant naar origineel
/wp-content/uploads/2015/09/todototest-242x300.png,/media/2015/09/todototest.png,301,formaatvariant naar origineel
/wp-content/uploads/2015/10/4Ls-300x215.png,/media/2015/10/4Ls.png,301,formaatvariant naar origineel
/wp-content/uploads/2017/02/CC-SA4.01-300x135.png,/media/2017/02/CC-SA4.01.png,301,formaatvariant naar origineel
/wp-content/uploads/2017/07/Step1-176x300.png,/media/2017/07/Step1.png,301,formaatvariant naar origineel
/wp-content/uploads/2017/07/Step31-186x300.png,/media/2017/07/Step31.png,301,formaatvariant naar origineel
/wp-content/uploads/2017/07/Step4-171x300.png,/media/2017/07/Step4.png,301,formaatvariant naar origineel
/wp-content/uploads/2017/07/Step5-221x300.png,/media/2017/07/Step5.png,301,formaatvariant naar origineel
/wp-content/uploads/2018/08/Scan_Pic0012-276x300.png,/media/2018/08/Scan_Pic0012.png,301,formaatvariant naar origineel
/wp-content/uploads/2023/04/Points-Of-View-660x329.png,/media/2023/04/Points-Of-View.png,301,formaatvariant naar origineel
