old,new,kind,status,note
/,/,homepage,EXACT,
/2009/06/60-paces/,/2009/06/60-paces/,artikel,EXACT,
/2009/06/60-paces/comment-page-1/,/2009/06/60-paces/,reactiepagina,REDIRECT,301 · 1 hop
/2009/06/60-paces/feed/,/2009/06/60-paces/,feed,REDIRECT,301 · 1 hop
/2009/06/99-test-balloons/,/2009/06/99-test-balloons/,artikel,EXACT,
/2009/06/99-test-balloons/comment-page-1/,/2009/06/99-test-balloons/,reactiepagina,REDIRECT,301 · 1 hop
/2009/06/99-test-balloons/feed/,/2009/06/99-test-balloons/,feed,REDIRECT,301 · 1 hop
/2009/06/alaskan-road-trip/,/2009/06/alaskan-road-trip/,artikel,EXACT,
/2009/06/alaskan-road-trip/feed/,/2009/06/alaskan-road-trip/,feed,REDIRECT,301 · 1 hop
/2009/06/alphabet-game/,/2009/06/alphabet-game/,artikel,EXACT,
/2009/06/alphabet-game/feed/,/2009/06/alphabet-game/,feed,REDIRECT,301 · 1 hop
/2009/06/coin-sorting/,/2009/06/coin-sorting/,artikel,EXACT,
/2009/06/coin-sorting/feed/,/2009/06/coin-sorting/,feed,REDIRECT,301 · 1 hop
/2009/06/collaborative-origami/,/2009/06/collaborative-origami/,artikel,EXACT,
/2009/06/collaborative-origami/comment-page-1/,/2009/06/collaborative-origami/,reactiepagina,REDIRECT,301 · 1 hop
/2009/06/collaborative-origami/feed/,/2009/06/collaborative-origami/,feed,REDIRECT,301 · 1 hop
/2009/06/doggy-planning/,/2009/06/doggy-planning/,artikel,EXACT,
/2009/06/doggy-planning/feed/,/2009/06/doggy-planning/,feed,REDIRECT,301 · 1 hop
/2009/06/football-scrum/,/2009/06/football-scrum/,artikel,EXACT,
/2009/06/football-scrum/feed/,/2009/06/football-scrum/,feed,REDIRECT,301 · 1 hop
/2009/06/location-location-location/,/2009/06/location-location-location/,artikel,EXACT,
/2009/06/location-location-location/feed/,/2009/06/location-location-location/,feed,REDIRECT,301 · 1 hop
/2009/06/mr-happy-face/,/2009/06/mr-happy-face/,artikel,EXACT,
/2009/06/mr-happy-face/feed/,/2009/06/mr-happy-face/,feed,REDIRECT,301 · 1 hop
/2009/06/no-one-listens-to-me/,/2009/06/no-one-listens-to-me/,artikel,EXACT,
/2009/06/no-one-listens-to-me/feed/,/2009/06/no-one-listens-to-me/,feed,REDIRECT,301 · 1 hop
/2009/06/pair-programming-game/,/2009/06/pair-programming-game/,artikel,EXACT,
/2009/06/picture-me/,/2009/06/picture-me/,artikel,EXACT,
/2009/06/picture-me/feed/,/2009/06/picture-me/,feed,REDIRECT,301 · 1 hop
/2009/06/planning-poker/,/2009/06/planning-poker/,artikel,EXACT,
/2009/06/planning-poker/feed/,/2009/06/planning-poker/,feed,REDIRECT,301 · 1 hop
/2009/06/presto-manifesto/,/2009/06/presto-manifesto/,artikel,EXACT,
/2009/06/presto-manifesto/feed/,/2009/06/presto-manifesto/,feed,REDIRECT,301 · 1 hop
/2009/06/process-doodle/,/2009/06/process-doodle/,artikel,EXACT,
/2009/06/process-doodle/feed/,/2009/06/process-doodle/,feed,REDIRECT,301 · 1 hop
/2009/06/question-game/,/2009/06/question-game/,artikel,EXACT,
/2009/06/rate-games-at-blog-tastycupcakes-com/,/2009/06/rate-games-at-blog-tastycupcakes-com/,artikel,EXACT,
/2009/06/resort-brochure/,/2009/06/resort-brochure/,artikel,EXACT,
/2009/06/resort-brochure/feed/,/2009/06/resort-brochure/,feed,REDIRECT,301 · 1 hop
/2009/06/submit-your-game/,/2009/06/submit-your-game/,artikel,EXACT,
/2009/06/submit-your-game/feed/,/2009/06/submit-your-game/,feed,REDIRECT,301 · 1 hop
/2009/06/tangled-mess/,/2009/06/tangled-mess/,artikel,EXACT,
/2009/06/tangled-mess/feed/,/2009/06/tangled-mess/,feed,REDIRECT,301 · 1 hop
/2009/06/telephone-game/,/2009/06/telephone-game/,artikel,EXACT,
/2009/06/telephone-game/comment-page-1/,/2009/06/telephone-game/,reactiepagina,REDIRECT,301 · 1 hop
/2009/06/telephone-game/feed/,/2009/06/telephone-game/,feed,REDIRECT,301 · 1 hop
/2009/06/the-story-of-our-sprints/,/2009/06/the-story-of-our-sprints/,artikel,EXACT,
/2009/06/the-story-of-our-sprints/feed/,/2009/06/the-story-of-our-sprints/,feed,REDIRECT,301 · 1 hop
/2009/06/the-train-game/,/2009/06/the-train-game/,artikel,EXACT,
/2009/06/the-train-game/feed/,/2009/06/the-train-game/,feed,REDIRECT,301 · 1 hop
/2009/06/theory-of-constraints-dice-game/,/2009/06/theory-of-constraints-dice-game/,artikel,EXACT,
/2009/06/theory-of-constraints-dice-game/feed/,/2009/06/theory-of-constraints-dice-game/,feed,REDIRECT,301 · 1 hop
/2009/06/were-having-a-party/,/2009/06/were-having-a-party/,artikel,EXACT,
/2009/06/were-having-a-party/feed/,/2009/06/were-having-a-party/,feed,REDIRECT,301 · 1 hop
/2009/06/what-were-they-thinking/,/2009/06/what-were-they-thinking/,artikel,EXACT,
/2009/06/what-were-they-thinking/feed/,/2009/06/what-were-they-thinking/,feed,REDIRECT,301 · 1 hop
/2009/06/why-agile-games/,/2009/06/why-agile-games/,artikel,EXACT,
/2009/06/why-agile-games/feed/,/2009/06/why-agile-games/,feed,REDIRECT,301 · 1 hop
/2009/06/word-at-a-time-letter/,/2009/06/word-at-a-time-letter/,artikel,EXACT,
/2009/06/word-at-a-time-letter/comment-page-1/,/2009/06/word-at-a-time-letter/,reactiepagina,REDIRECT,301 · 1 hop
/2009/06/word-at-a-time-letter/feed/,/2009/06/word-at-a-time-letter/,feed,REDIRECT,301 · 1 hop
/2009/06/you-are-not-in-control/,/2009/06/you-are-not-in-control/,artikel,EXACT,
/2009/06/you-are-not-in-control/feed/,/2009/06/you-are-not-in-control/,feed,REDIRECT,301 · 1 hop
/2009/07/people-polling/,/2009/07/people-polling/,artikel,EXACT,
/2009/07/people-polling/feed/,/2009/07/people-polling/,feed,REDIRECT,301 · 1 hop
/2009/07/the-problem-with-principles/,/2009/07/the-problem-with-principles/,artikel,EXACT,
/2009/07/the-problem-with-principles/feed/,/2009/07/the-problem-with-principles/,feed,REDIRECT,301 · 1 hop
/2009/08/example-please/,/2009/08/example-please/,artikel,EXACT,
/2009/08/example-please/feed/,/2009/08/example-please/,feed,REDIRECT,301 · 1 hop
/2009/09/sizing-game/,/2009/09/sizing-game/,artikel,EXACT,
/2009/09/sizing-game/comment-page-1/,/2009/09/sizing-game/,reactiepagina,REDIRECT,301 · 1 hop
/2009/09/sizing-game/feed/,/2009/09/sizing-game/,feed,REDIRECT,301 · 1 hop
/2009/10/about/michael-mccullough/,,attachment,GONE,attachmentpagina zonder bestaande post
/2009/10/map-flap/,/2009/10/map-flap/,artikel,EXACT,
/2009/11/tastycupcakes-published-in-agile-journal/,/2009/11/tastycupcakes-published-in-agile-journal/,artikel,EXACT,
/2009/12/tastycupcakes-agile-games-podcast-with-improving-enterprises/,/2009/12/tastycupcakes-agile-games-podcast-with-improving-enterprises/,artikel,EXACT,
/2009/12/tastycupcakes-agile-games-podcast-with-improving-enterprises/feed/,/2009/12/tastycupcakes-agile-games-podcast-with-improving-enterprises/,feed,REDIRECT,301 · 1 hop
/2010/01/pocket-sized-principles/,/2010/01/pocket-sized-principles/,artikel,EXACT,
/2010/01/pocket-sized-principles/comment-page-1/,/2010/01/pocket-sized-principles/,reactiepagina,REDIRECT,301 · 1 hop
/2010/01/pocket-sized-principles/feed/,/2010/01/pocket-sized-principles/,feed,REDIRECT,301 · 1 hop
/2010/03/deep-agile-2010-empowering-teams-with-agile-games/,/2010/03/deep-agile-2010-empowering-teams-with-agile-games/,artikel,EXACT,
/2010/03/deep-agile-2010-empowering-teams-with-agile-games/feed/,/2010/03/deep-agile-2010-empowering-teams-with-agile-games/,feed,REDIRECT,301 · 1 hop
/2010/05/about/michael-mccullough/,,attachment,GONE,attachmentpagina zonder bestaande post
/2010/05/first-agile-games-conference-at-deepagile/,/2010/05/first-agile-games-conference-at-deepagile/,artikel,EXACT,
/2010/05/first-agile-games-conference-at-deepagile/feed/,/2010/05/first-agile-games-conference-at-deepagile/,feed,REDIRECT,301 · 1 hop
/2010/07/the-backlog-is-in-the-eye-of-the-beholder/,/2010/07/the-backlog-is-in-the-eye-of-the-beholder/,artikel,EXACT,
/2010/07/the-backlog-is-in-the-eye-of-the-beholder/comment-page-1/,/2010/07/the-backlog-is-in-the-eye-of-the-beholder/,reactiepagina,REDIRECT,301 · 1 hop
/2010/07/the-backlog-is-in-the-eye-of-the-beholder/feed/,/2010/07/the-backlog-is-in-the-eye-of-the-beholder/,feed,REDIRECT,301 · 1 hop
/2010/10/agile-games-conference-2011/,/2010/10/agile-games-conference-2011/,artikel,EXACT,
/2010/11/marshmallow-challenge/,/2010/11/marshmallow-challenge/,artikel,EXACT,
/2010/11/marshmallow-challenge/feed/,/2010/11/marshmallow-challenge/,feed,REDIRECT,301 · 1 hop
/2011/01/agile-games-2011-conference-super-early-bird-pricing-until-january-24-2011/,/2011/01/agile-games-2011-conference-super-early-bird-pricing-until-january-24-2011/,artikel,EXACT,
/2011/01/new-for-2011-tastycupcakes-updated-and-expanded-vision/,/2011/01/new-for-2011-tastycupcakes-updated-and-expanded-vision/,artikel,EXACT,
/2011/01/your-turn-to-play-get-involved-with-tasty-cupcakes/,/2011/01/your-turn-to-play-get-involved-with-tasty-cupcakes/,artikel,EXACT,
/2011/02/agile-games-2011-early-bird-prices-end-feb-28th/,/2011/02/agile-games-2011-early-bird-prices-end-feb-28th/,artikel,EXACT,
/2011/02/tasty-cupcakes-now-in-three-languages/,/2011/02/tasty-cupcakes-now-in-three-languages/,artikel,EXACT,
/2011/02/tasty-cupcakes-now-in-three-languages/feed/,/2011/02/tasty-cupcakes-now-in-three-languages/,feed,REDIRECT,301 · 1 hop
/2011/03/bang-for-the-buck-prioritization/,/2011/03/bang-for-the-buck-prioritization/,artikel,EXACT,
/2011/03/bang-for-the-buck-prioritization/feed/,/2011/03/bang-for-the-buck-prioritization/,feed,REDIRECT,301 · 1 hop
/2011/04/coaching-skills-dojo/,/2011/04/coaching-skills-dojo/,artikel,EXACT,
/2011/04/dont-blow-it/,/2011/04/dont-blow-it/,artikel,EXACT,
/2011/04/dont-blow-it/feed/,/2011/04/dont-blow-it/,feed,REDIRECT,301 · 1 hop
/2011/04/non-musical-chairs/,/2011/04/non-musical-chairs/,artikel,EXACT,
/2011/04/non-musical-chairs/comment-page-1/,/2011/04/non-musical-chairs/,reactiepagina,REDIRECT,301 · 1 hop
/2011/04/non-musical-chairs/feed/,/2011/04/non-musical-chairs/,feed,REDIRECT,301 · 1 hop
/2011/04/pair-chess-exercise/,/2011/04/pair-chess-exercise/,artikel,EXACT,
/2011/04/redesign-the-gift-giving-experience/,/2011/04/redesign-the-gift-giving-experience/,artikel,EXACT,
/2011/04/redesign-the-gift-giving-experience/feed/,/2011/04/redesign-the-gift-giving-experience/,feed,REDIRECT,301 · 1 hop
/2011/04/sustaining-agility/,/2011/04/sustaining-agility/,artikel,EXACT,
/2011/04/tastycupcakes-community-update/,/2011/04/tastycupcakes-community-update/,artikel,EXACT,
/2011/04/tastycupcakes-community-update/feed/,/2011/04/tastycupcakes-community-update/,feed,REDIRECT,301 · 1 hop
/2011/05/screencast-four-ways-to-search-for-games-on-tastycupcakes/,/2011/05/screencast-four-ways-to-search-for-games-on-tastycupcakes/,artikel,EXACT,
/2011/05/we-played-innovationgames-to-plan-tastycupcakes-org/,/2011/05/we-played-innovationgames-to-plan-tastycupcakes-org/,artikel,EXACT,
/2011/05/we-played-innovationgames-to-plan-tastycupcakes-org/tastygames-printme/,/2011/05/we-played-innovationgames-to-plan-tastycupcakes-org/,attachment,REDIRECT,301 · 1 hop
/2011/05/we-played-innovationgames-to-plan-tastycupcakes-org/tastygames-printme/feed/,/2011/05/we-played-innovationgames-to-plan-tastycupcakes-org/,feed,REDIRECT,301 · 1 hop
/2011/06/cover-story-2/,/2011/06/cover-story-2/,artikel,EXACT,
/2011/06/cover-story-2/feed/,/2011/06/cover-story-2/,feed,REDIRECT,301 · 1 hop
/2011/06/empathy-map/,/2011/06/empathy-map/,artikel,EXACT,
/2011/06/online-plusdelta-game/,/2011/06/online-plusdelta-game/,artikel,EXACT,
/2011/06/online-plusdelta-game/feed/,/2011/06/online-plusdelta-game/,feed,REDIRECT,301 · 1 hop
/2011/06/prune-the-product-tree/,/2011/06/prune-the-product-tree/,artikel,EXACT,
/2011/06/rock-paper-scissors-happiness/,/2011/06/rock-paper-scissors-happiness/,artikel,EXACT,
/2011/06/rock-paper-scissors-happiness/feed/,/2011/06/rock-paper-scissors-happiness/,feed,REDIRECT,301 · 1 hop
/2011/06/speed-boat/,/2011/06/speed-boat/,artikel,EXACT,
/2011/06/the-whole-product-game/,/2011/06/the-whole-product-game/,artikel,EXACT,
/2011/07/actions-for-retrospectives-2/,/2011/07/actions-for-retrospectives-2/,artikel,EXACT,
/2011/07/agile-airplanes/,/2011/07/agile-airplanes/,artikel,EXACT,
/2011/07/agile-airplanes/agile_airplane/,/2011/07/agile-airplanes/,attachment,REDIRECT,301 · 1 hop
/2011/07/agile-airplanes/agile_airplane/feed/,/2011/07/agile-airplanes/,feed,REDIRECT,301 · 1 hop
/2011/07/agile-airplanes/comment-page-1/,/2011/07/agile-airplanes/,reactiepagina,REDIRECT,301 · 1 hop
/2011/07/agile-airplanes/feed/,/2011/07/agile-airplanes/,feed,REDIRECT,301 · 1 hop
/2011/07/agile-game-incubator-agile-games-2011/,/2011/07/agile-game-incubator-agile-games-2011/,artikel,EXACT,
/2011/07/agile-game-incubator-online/,/2011/07/agile-game-incubator-online/,artikel,EXACT,
/2011/07/dodontisisnt/,/2011/07/dodontisisnt/,artikel,EXACT,
/2011/07/dodontisisnt/dodontisisnt/,/2011/07/dodontisisnt/,attachment,REDIRECT,301 · 1 hop
/2011/07/dodontisisnt/dodontisisnt/feed/,/2011/07/dodontisisnt/,feed,REDIRECT,301 · 1 hop
/2011/07/dodontisisnt/feed/,/2011/07/dodontisisnt/,feed,REDIRECT,301 · 1 hop
/2011/07/how-now-wow-matrix/,/2011/07/how-now-wow-matrix/,artikel,EXACT,
/2011/07/how-now-wow-matrix/feed/,/2011/07/how-now-wow-matrix/,feed,REDIRECT,301 · 1 hop
/2011/07/impact-effort-matrix/,/2011/07/impact-effort-matrix/,artikel,EXACT,
/2011/07/impact-effort-matrix/feed/,/2011/07/impact-effort-matrix/,feed,REDIRECT,301 · 1 hop
/2011/07/proscons-game/,/2011/07/proscons-game/,artikel,EXACT,
/2011/07/proscons-game/feed/,/2011/07/proscons-game/,feed,REDIRECT,301 · 1 hop
/2011/07/swot-analysis-game/,/2011/07/swot-analysis-game/,artikel,EXACT,
/2011/07/the-big-payoff/,/2011/07/the-big-payoff/,artikel,EXACT,
/2011/07/the-big-payoff/feed/,/2011/07/the-big-payoff/,feed,REDIRECT,301 · 1 hop
/2011/08/circles-and-soup/,/2011/08/circles-and-soup/,artikel,EXACT,
/2011/08/circles-and-soup/comment-page-1/,/2011/08/circles-and-soup/,reactiepagina,REDIRECT,301 · 1 hop
/2011/08/circles-and-soup/feed/,/2011/08/circles-and-soup/,feed,REDIRECT,301 · 1 hop
/2011/08/learning-matrix/,/2011/08/learning-matrix/,artikel,EXACT,
/2011/08/learning-matrix/feed/,/2011/08/learning-matrix/,feed,REDIRECT,301 · 1 hop
/2011/08/merrill-covey-matrix/,/2011/08/merrill-covey-matrix/,artikel,EXACT,
/2011/08/zhong-zhi-a-one-handed-agile-game-for-illustrating-problems-and-finding-solutions/,/2011/08/zhong-zhi-a-one-handed-agile-game-for-illustrating-problems-and-finding-solutions/,artikel,EXACT,
/2011/10/continuous-integration-with-lego/,/2011/10/continuous-integration-with-lego/,artikel,EXACT,
/2011/10/continuous-integration-with-lego/comment-page-1/,/2011/10/continuous-integration-with-lego/,reactiepagina,REDIRECT,301 · 1 hop
/2011/10/continuous-integration-with-lego/feed/,/2011/10/continuous-integration-with-lego/,feed,REDIRECT,301 · 1 hop
/2011/10/continuous-integration-with-lego/finished-cube-real-1/,/2011/10/continuous-integration-with-lego/,attachment,REDIRECT,301 · 1 hop
/2011/10/continuous-integration-with-lego/finished-cube-real-1/feed/,/2011/10/continuous-integration-with-lego/,feed,REDIRECT,301 · 1 hop
/2011/10/continuous-integration-with-lego/finished-cube-real-2/,/2011/10/continuous-integration-with-lego/,attachment,REDIRECT,301 · 1 hop
/2011/10/continuous-integration-with-lego/finished-cube-real-2/feed/,/2011/10/continuous-integration-with-lego/,feed,REDIRECT,301 · 1 hop
/2011/10/continuous-integration-with-lego/finished-cube-real-3/,/2011/10/continuous-integration-with-lego/,attachment,REDIRECT,301 · 1 hop
/2011/10/continuous-integration-with-lego/finished-cube-real-3/feed/,/2011/10/continuous-integration-with-lego/,feed,REDIRECT,301 · 1 hop
/2011/10/continuous-integration-with-lego/finished-cube-real-4/,/2011/10/continuous-integration-with-lego/,attachment,REDIRECT,301 · 1 hop
/2011/10/continuous-integration-with-lego/finished-cube-real-4/feed/,/2011/10/continuous-integration-with-lego/,feed,REDIRECT,301 · 1 hop
/2011/10/mitch-lacey-team-prioritization/,/2011/10/mitch-lacey-team-prioritization/,artikel,EXACT,
/2011/10/pairing-for-non-programmers/,/2011/10/pairing-for-non-programmers/,artikel,EXACT,
/2011/10/pairing-for-non-programmers/comment-page-1/,/2011/10/pairing-for-non-programmers/,reactiepagina,REDIRECT,301 · 1 hop
/2011/10/pairing-for-non-programmers/feed/,/2011/10/pairing-for-non-programmers/,feed,REDIRECT,301 · 1 hop
/2011/11/human-knot/,/2011/11/human-knot/,artikel,EXACT,
/2011/11/human-knot/feed/,/2011/11/human-knot/,feed,REDIRECT,301 · 1 hop
/2011/12/circles-of-influence/,/2011/12/circles-of-influence/,artikel,EXACT,
/2011/12/values-driven-retrospective-game/,/2011/12/values-driven-retrospective-game/,artikel,EXACT,
/2011/12/values-driven-retrospective-game/feed/,/2011/12/values-driven-retrospective-game/,feed,REDIRECT,301 · 1 hop
/2012/01/agile-games-2012-call-for-games/,/2012/01/agile-games-2012-call-for-games/,artikel,EXACT,
/2012/02/is-it-ragu-or-bolognese/,/2012/02/is-it-ragu-or-bolognese/,artikel,EXACT,
/2012/02/multitasking-game-handsnumberssong/,/2012/02/multitasking-game-handsnumberssong/,artikel,EXACT,
/2012/02/multitasking-game-handsnumberssong/feed/,/2012/02/multitasking-game-handsnumberssong/,feed,REDIRECT,301 · 1 hop
/2012/02/nobodys-perfct/,/2012/02/nobodys-perfct/,artikel,EXACT,
/2012/02/nobodys-perfct/comment-page-1/,/2012/02/nobodys-perfct/,reactiepagina,REDIRECT,301 · 1 hop
/2012/02/nobodys-perfct/feed/,/2012/02/nobodys-perfct/,feed,REDIRECT,301 · 1 hop
/2012/02/you-sunk-my-methodology/,/2012/02/you-sunk-my-methodology/,artikel,EXACT,
/2012/02/you-sunk-my-methodology/feed/,/2012/02/you-sunk-my-methodology/,feed,REDIRECT,301 · 1 hop
/2012/03/fearless-journey-the-game-that-gets-your-team-unstuck/,/2012/03/fearless-journey-the-game-that-gets-your-team-unstuck/,artikel,EXACT,
/2012/03/job-or-joy/,/2012/03/job-or-joy/,artikel,EXACT,
/2012/03/job-or-joy/feed/,/2012/03/job-or-joy/,feed,REDIRECT,301 · 1 hop
/2012/03/one-word-storytelling/,/2012/03/one-word-storytelling/,artikel,EXACT,
/2012/03/one-word-storytelling/comment-page-1/,/2012/03/one-word-storytelling/,reactiepagina,REDIRECT,301 · 1 hop
/2012/03/one-word-storytelling/feed/,/2012/03/one-word-storytelling/,feed,REDIRECT,301 · 1 hop
/2012/03/ouija-board-estimation/,/2012/03/ouija-board-estimation/,artikel,EXACT,
/2012/03/ouija-board-estimation/comment-page-1/,/2012/03/ouija-board-estimation/,reactiepagina,REDIRECT,301 · 1 hop
/2012/03/ouija-board-estimation/feed/,/2012/03/ouija-board-estimation/,feed,REDIRECT,301 · 1 hop
/2012/04/scrum-simulation-with-lego-bricks/,/2012/04/scrum-simulation-with-lego-bricks/,artikel,EXACT,
/2012/04/scrum-simulation-with-lego-bricks/feed/,/2012/04/scrum-simulation-with-lego-bricks/,feed,REDIRECT,301 · 1 hop
/2012/04/tasty-estimation/,/2012/04/tasty-estimation/,artikel,EXACT,
/2012/04/tasty-estimation/feed/,/2012/04/tasty-estimation/,feed,REDIRECT,301 · 1 hop
/2012/05/lean-startup-snowflakes/,/2012/05/lean-startup-snowflakes/,artikel,EXACT,
/2012/05/lean-startup-snowflakes/comment-page-1/,/2012/05/lean-startup-snowflakes/,reactiepagina,REDIRECT,301 · 1 hop
/2012/05/lean-startup-snowflakes/feed/,/2012/05/lean-startup-snowflakes/,feed,REDIRECT,301 · 1 hop
/2012/05/lean-startup-snowflakes/money/,/2012/05/lean-startup-snowflakes/,attachment,REDIRECT,301 · 1 hop
/2012/05/lean-startup-snowflakes/money/feed/,/2012/05/lean-startup-snowflakes/,feed,REDIRECT,301 · 1 hop
/2012/05/lean-startup-snowflakes/photo-20/,/2012/05/lean-startup-snowflakes/,attachment,REDIRECT,301 · 1 hop
/2012/05/lean-startup-snowflakes/photo-20/feed/,/2012/05/lean-startup-snowflakes/,feed,REDIRECT,301 · 1 hop
/2012/06/2-brains-tell-it-sell-it/,/2012/06/2-brains-tell-it-sell-it/,artikel,EXACT,
/2012/07/challenger-selling-model/,/2012/07/challenger-selling-model/,artikel,EXACT,
/2012/07/gone-fishing-game/,/2012/07/gone-fishing-game/,artikel,EXACT,
/2012/07/gone-fishing-game/feed/,/2012/07/gone-fishing-game/,feed,REDIRECT,301 · 1 hop
/2012/07/innovation-ambition-matrix/,/2012/07/innovation-ambition-matrix/,artikel,EXACT,
/2012/08/customer-centric/,/2012/08/customer-centric/,artikel,EXACT,
/2012/08/customer-centric/feed/,/2012/08/customer-centric/,feed,REDIRECT,301 · 1 hop
/2012/08/die-card-die-the-interruption-game/,/2012/08/die-card-die-the-interruption-game/,artikel,EXACT,
/2012/08/die-card-die-the-interruption-game/comment-page-1/,/2012/08/die-card-die-the-interruption-game/,reactiepagina,REDIRECT,301 · 1 hop
/2012/08/die-card-die-the-interruption-game/die_card_die-2/,/2012/08/die-card-die-the-interruption-game/,attachment,REDIRECT,301 · 1 hop
/2012/08/die-card-die-the-interruption-game/die_card_die-2/feed/,/2012/08/die-card-die-the-interruption-game/,feed,REDIRECT,301 · 1 hop
/2012/08/die-card-die-the-interruption-game/feed/,/2012/08/die-card-die-the-interruption-game/,feed,REDIRECT,301 · 1 hop
/2012/08/innovation-generator/,/2012/08/innovation-generator/,artikel,EXACT,
/2012/08/kanban-tetris/,/2012/08/kanban-tetris/,artikel,EXACT,
/2012/08/kanban-tetris/feed/,/2012/08/kanban-tetris/,feed,REDIRECT,301 · 1 hop
/2012/08/safe-bold-framework/,/2012/08/safe-bold-framework/,artikel,EXACT,
/2012/08/wellbeing-north-star/,/2012/08/wellbeing-north-star/,artikel,EXACT,
/2012/08/wellbeing-north-star/feed/,/2012/08/wellbeing-north-star/,feed,REDIRECT,301 · 1 hop
/2012/09/the-domino-effect/,/2012/09/the-domino-effect/,artikel,EXACT,
/2012/09/the-domino-effect/feed/,/2012/09/the-domino-effect/,feed,REDIRECT,301 · 1 hop
/2012/09/the-project-managers-nightmare/,/2012/09/the-project-managers-nightmare/,artikel,EXACT,
/2012/09/we-want-a-city-scrum-simulation-with-lego-extension/,/2012/09/we-want-a-city-scrum-simulation-with-lego-extension/,artikel,EXACT,
/2012/10/balloon-animals/,/2012/10/balloon-animals/,artikel,EXACT,
/2012/10/balloon-animals/balloon-twisting-tips/,/2012/10/balloon-animals/,attachment,REDIRECT,301 · 1 hop
/2012/10/balloon-animals/balloon-twisting-tips/feed/,/2012/10/balloon-animals/,feed,REDIRECT,301 · 1 hop
/2012/10/balloon-animals/comment-page-1/,/2012/10/balloon-animals/,reactiepagina,REDIRECT,301 · 1 hop
/2012/10/balloon-animals/feed/,/2012/10/balloon-animals/,feed,REDIRECT,301 · 1 hop
/2012/10/balloon-animals/the-balloon-dog/,/2012/10/balloon-animals/,attachment,REDIRECT,301 · 1 hop
/2012/10/balloon-animals/the-balloon-dog/feed/,/2012/10/balloon-animals/,feed,REDIRECT,301 · 1 hop
/2012/10/balloon-animals/the-basic-hat/,/2012/10/balloon-animals/,attachment,REDIRECT,301 · 1 hop
/2012/10/balloon-animals/the-basic-hat/feed/,/2012/10/balloon-animals/,feed,REDIRECT,301 · 1 hop
/2012/10/balloon-animals/the-sword/,/2012/10/balloon-animals/,attachment,REDIRECT,301 · 1 hop
/2012/10/balloon-animals/the-sword/feed/,/2012/10/balloon-animals/,feed,REDIRECT,301 · 1 hop
/2012/10/celebrity-prioritisation/,/2012/10/celebrity-prioritisation/,artikel,EXACT,
/2012/10/celebrity-prioritisation/comment-page-1/,/2012/10/celebrity-prioritisation/,reactiepagina,REDIRECT,301 · 1 hop
/2012/10/celebrity-prioritisation/feed/,/2012/10/celebrity-prioritisation/,feed,REDIRECT,301 · 1 hop
/2012/10/destroy/,/2012/10/destroy/,artikel,EXACT,
/2012/10/first-letter-last-letter/,/2012/10/first-letter-last-letter/,artikel,EXACT,
/2012/10/free-market-prioritisation/,/2012/10/free-market-prioritisation/,artikel,EXACT,
/2012/10/free-market-prioritisation/comment-page-1/,/2012/10/free-market-prioritisation/,reactiepagina,REDIRECT,301 · 1 hop
/2012/10/free-market-prioritisation/feed/,/2012/10/free-market-prioritisation/,feed,REDIRECT,301 · 1 hop
/2012/10/intuitions/,/2012/10/intuitions/,artikel,EXACT,
/2012/10/movements-of-a-hypnotic-nature/,/2012/10/movements-of-a-hypnotic-nature/,artikel,EXACT,
/2012/10/movements-of-a-hypnotic-nature/feed/,/2012/10/movements-of-a-hypnotic-nature/,feed,REDIRECT,301 · 1 hop
/2012/10/musical-bells/,/2012/10/musical-bells/,artikel,EXACT,
/2012/10/once-upon-a-time-in-legoland/,/2012/10/once-upon-a-time-in-legoland/,artikel,EXACT,
/2012/10/once-upon-a-time-in-legoland/feed/,/2012/10/once-upon-a-time-in-legoland/,feed,REDIRECT,301 · 1 hop
/2012/10/story-spines/,/2012/10/story-spines/,artikel,EXACT,
/2012/10/swedish-stories/,/2012/10/swedish-stories/,artikel,EXACT,
/2012/10/the-blame-game/,/2012/10/the-blame-game/,artikel,EXACT,
/2012/10/the-blame-game/feed/,/2012/10/the-blame-game/,feed,REDIRECT,301 · 1 hop
/2012/10/the-sprint-limerick/,/2012/10/the-sprint-limerick/,artikel,EXACT,
/2012/10/the-sprint-mural/,/2012/10/the-sprint-mural/,artikel,EXACT,
/2012/10/the-sprint-mural/comment-page-1/,/2012/10/the-sprint-mural/,reactiepagina,REDIRECT,301 · 1 hop
/2012/10/the-sprint-mural/feed/,/2012/10/the-sprint-mural/,feed,REDIRECT,301 · 1 hop
/2012/10/thirty-five/,/2012/10/thirty-five/,artikel,EXACT,
/2012/10/thirty-five/attachment/35/,/2012/10/thirty-five/,attachment,REDIRECT,301 · 1 hop
/2012/10/thirty-five/comment-page-1/,/2012/10/thirty-five/,reactiepagina,REDIRECT,301 · 1 hop
/2012/10/thirty-five/feed/,/2012/10/thirty-five/,feed,REDIRECT,301 · 1 hop
/2012/10/top-traits/,/2012/10/top-traits/,artikel,EXACT,
/2012/10/upside-downside/,/2012/10/upside-downside/,artikel,EXACT,
/2012/10/video-reframing/,/2012/10/video-reframing/,artikel,EXACT,
/2012/11/delight/,/2012/11/delight/,artikel,EXACT,
/2012/11/gift-box/,/2012/11/gift-box/,artikel,EXACT,
/2012/11/questions-only/,/2012/11/questions-only/,artikel,EXACT,
/2012/11/questions-only/comment-page-1/,/2012/11/questions-only/,reactiepagina,REDIRECT,301 · 1 hop
/2012/11/questions-only/feed/,/2012/11/questions-only/,feed,REDIRECT,301 · 1 hop
/2012/11/tdd-test-driven-drawing/,/2012/11/tdd-test-driven-drawing/,artikel,EXACT,
/2012/11/tdd-test-driven-drawing/2012-11-06-10-23-07/,/2012/11/tdd-test-driven-drawing/,attachment,REDIRECT,301 · 1 hop
/2012/11/tdd-test-driven-drawing/2012-11-06-10-23-07/feed/,/2012/11/tdd-test-driven-drawing/,feed,REDIRECT,301 · 1 hop
/2012/11/tdd-test-driven-drawing/2012-11-06-10-23-14/,/2012/11/tdd-test-driven-drawing/,attachment,REDIRECT,301 · 1 hop
/2012/11/tdd-test-driven-drawing/2012-11-06-10-23-14/feed/,/2012/11/tdd-test-driven-drawing/,feed,REDIRECT,301 · 1 hop
/2012/11/tdd-test-driven-drawing/2012-11-06-10-40-29/,/2012/11/tdd-test-driven-drawing/,attachment,REDIRECT,301 · 1 hop
/2012/11/tdd-test-driven-drawing/2012-11-06-10-40-29/feed/,/2012/11/tdd-test-driven-drawing/,feed,REDIRECT,301 · 1 hop
/2012/11/tdd-test-driven-drawing/feed/,/2012/11/tdd-test-driven-drawing/,feed,REDIRECT,301 · 1 hop
/2012/11/tdd-test-driven-drawing/screen-shot-2012-11-07-at-22-01-41/,/2012/11/tdd-test-driven-drawing/,attachment,REDIRECT,301 · 1 hop
/2012/11/tdd-test-driven-drawing/screen-shot-2012-11-07-at-22-01-41/feed/,/2012/11/tdd-test-driven-drawing/,feed,REDIRECT,301 · 1 hop
/2012/11/three-headed-expert/,/2012/11/three-headed-expert/,artikel,EXACT,
/2012/11/three-headed-expert/comment-page-1/,/2012/11/three-headed-expert/,reactiepagina,REDIRECT,301 · 1 hop
/2012/11/three-headed-expert/feed/,/2012/11/three-headed-expert/,feed,REDIRECT,301 · 1 hop
/2012/11/werewolf-facilitation/,/2012/11/werewolf-facilitation/,artikel,EXACT,
/2012/11/werewolf-facilitation/feed/,/2012/11/werewolf-facilitation/,feed,REDIRECT,301 · 1 hop
/2012/12/take-the-win-win-wave/,/2012/12/take-the-win-win-wave/,artikel,EXACT,
/2012/12/take-the-win-win-wave/feed/,/2012/12/take-the-win-win-wave/,feed,REDIRECT,301 · 1 hop
/2013/02/52-card-pickup/,/2013/02/52-card-pickup/,artikel,EXACT,
/2013/02/52-card-pickup/feed/,/2013/02/52-card-pickup/,feed,REDIRECT,301 · 1 hop
/2013/02/copycats-2/,/2013/02/copycats-2/,artikel,EXACT,
/2013/02/copycats-2/feed/,/2013/02/copycats-2/,feed,REDIRECT,301 · 1 hop
/2013/02/the-herculean-doughnut/,/2013/02/the-herculean-doughnut/,artikel,EXACT,
/2013/02/the-herculean-doughnut/comment-page-1/,/2013/02/the-herculean-doughnut/,reactiepagina,REDIRECT,301 · 1 hop
/2013/02/the-herculean-doughnut/feed/,/2013/02/the-herculean-doughnut/,feed,REDIRECT,301 · 1 hop
/2013/03/8-monkeys-in-a-cage-–-a-mura-learning-game/comment-page-1/,/2013/03/8-monkeys-in-a-cage-–-a-mura-learning-game/,reactiepagina,REDIRECT,301 · 1 hop
/2013/03/play-doh-zoo-agile-ux-unleashed/,/2013/03/play-doh-zoo-agile-ux-unleashed/,artikel,EXACT,
/2013/03/the-high-risk-airplane-factory/,/2013/03/the-high-risk-airplane-factory/,artikel,EXACT,
/2013/04/communication-race/,/2013/04/communication-race/,artikel,EXACT,
/2013/04/communication-race/feed/,/2013/04/communication-race/,feed,REDIRECT,301 · 1 hop
/2013/04/e-w-a-n-mcgregor/,/2013/04/e-w-a-n-mcgregor/,artikel,EXACT,
/2013/04/e-w-a-n-mcgregor/feed/,/2013/04/e-w-a-n-mcgregor/,feed,REDIRECT,301 · 1 hop
/2013/04/the-risk-is-in-the-blocks/,/2013/04/the-risk-is-in-the-blocks/,artikel,EXACT,
/2013/04/the-risk-is-in-the-blocks/comment-page-1/,/2013/04/the-risk-is-in-the-blocks/,reactiepagina,REDIRECT,301 · 1 hop
/2013/04/the-risk-is-in-the-blocks/feed/,/2013/04/the-risk-is-in-the-blocks/,feed,REDIRECT,301 · 1 hop
/2013/05/the-penny-game/,/2013/05/the-penny-game/,artikel,EXACT,
/2013/05/the-penny-game/comment-page-1/,/2013/05/the-penny-game/,reactiepagina,REDIRECT,301 · 1 hop
/2013/05/the-penny-game/feed/,/2013/05/the-penny-game/,feed,REDIRECT,301 · 1 hop
/2013/07/francais-99-ballons-de-test/,/2013/07/francais-99-ballons-de-test/,artikel,EXACT,
/2013/07/francais-99-ballons-de-test/feed/,/2013/07/francais-99-ballons-de-test/,feed,REDIRECT,301 · 1 hop
/2013/07/moodgraph/,/2013/07/moodgraph/,artikel,EXACT,
/2013/07/moodgraph/feed/,/2013/07/moodgraph/,feed,REDIRECT,301 · 1 hop
/2013/08/software-kanban-games/,/2013/08/software-kanban-games/,artikel,EXACT,
/2013/08/software-kanban-games/event-cards/,/2013/08/software-kanban-games/,attachment,REDIRECT,301 · 1 hop
/2013/08/software-kanban-games/event-cards/feed/,/2013/08/software-kanban-games/,feed,REDIRECT,301 · 1 hop
/2013/08/software-kanban-games/expedite-story-cards/,/2013/08/software-kanban-games/,attachment,REDIRECT,301 · 1 hop
/2013/08/software-kanban-games/expedite-story-cards/feed/,/2013/08/software-kanban-games/,feed,REDIRECT,301 · 1 hop
/2013/08/software-kanban-games/feed/,/2013/08/software-kanban-games/,feed,REDIRECT,301 · 1 hop
/2013/08/software-kanban-games/fixed-date-story-cards/,/2013/08/software-kanban-games/,attachment,REDIRECT,301 · 1 hop
/2013/08/software-kanban-games/fixed-date-story-cards/feed/,/2013/08/software-kanban-games/,feed,REDIRECT,301 · 1 hop
/2013/08/software-kanban-games/standard-story-cards/,/2013/08/software-kanban-games/,attachment,REDIRECT,301 · 1 hop
/2013/08/software-kanban-games/standard-story-cards/feed/,/2013/08/software-kanban-games/,feed,REDIRECT,301 · 1 hop
/2013/09/leadership-magic-trick/,/2013/09/leadership-magic-trick/,artikel,EXACT,
/2013/09/line-up/,/2013/09/line-up/,artikel,EXACT,
/2013/09/line-up/feed/,/2013/09/line-up/,feed,REDIRECT,301 · 1 hop
/2013/09/mind-reading/,/2013/09/mind-reading/,artikel,EXACT,
/2013/09/mind-reading/comment-page-1/,/2013/09/mind-reading/,reactiepagina,REDIRECT,301 · 1 hop
/2013/09/mind-reading/feed/,/2013/09/mind-reading/,feed,REDIRECT,301 · 1 hop
/2013/09/mind-reading/mind-reader-game-elinor-slomba-with-independent-software-team/,/2013/09/mind-reading/,attachment,REDIRECT,301 · 1 hop
/2013/09/mind-reading/mind-reader-game-elinor-slomba-with-independent-software-team/feed/,/2013/09/mind-reading/,feed,REDIRECT,301 · 1 hop
/2013/10/a-day-in-the-perfect-company-movie/,/2013/10/a-day-in-the-perfect-company-movie/,artikel,EXACT,
/2013/10/a-day-in-the-perfect-company-movie/feed/,/2013/10/a-day-in-the-perfect-company-movie/,feed,REDIRECT,301 · 1 hop
/2013/11/mobile-introspection-aka-opening-your-curatorial-eye/,/2013/11/mobile-introspection-aka-opening-your-curatorial-eye/,artikel,EXACT,
/2013/11/three-projects-three-experiments/,/2013/11/three-projects-three-experiments/,artikel,EXACT,
/2013/11/three-projects-three-experiments/comment-page-1/,/2013/11/three-projects-three-experiments/,reactiepagina,REDIRECT,301 · 1 hop
/2013/11/three-projects-three-experiments/feed/,/2013/11/three-projects-three-experiments/,feed,REDIRECT,301 · 1 hop
/2013/12/2014-san-jose-budget-games/,/2013/12/2014-san-jose-budget-games/,artikel,EXACT,
/2013/12/2014-san-jose-budget-games/feed/,/2013/12/2014-san-jose-budget-games/,feed,REDIRECT,301 · 1 hop
/2013/12/values-advocacy/,/2013/12/values-advocacy/,artikel,EXACT,
/2014/01/christmas-lucky-dip-game-with-a-twist-energise-your-christmas-party/,/2014/01/christmas-lucky-dip-game-with-a-twist-energise-your-christmas-party/,artikel,EXACT,
/2014/01/christmas-lucky-dip-game-with-a-twist-energise-your-christmas-party/comment-page-1/,/2014/01/christmas-lucky-dip-game-with-a-twist-energise-your-christmas-party/,reactiepagina,REDIRECT,301 · 1 hop
/2014/01/christmas-lucky-dip-game-with-a-twist-energise-your-christmas-party/feed/,/2014/01/christmas-lucky-dip-game-with-a-twist-energise-your-christmas-party/,feed,REDIRECT,301 · 1 hop
/2014/01/scrum-roles-and-responsibilities-game/,/2014/01/scrum-roles-and-responsibilities-game/,artikel,EXACT,
/2014/01/scrum-roles-and-responsibilities-game/comment-page-1/,/2014/01/scrum-roles-and-responsibilities-game/,reactiepagina,REDIRECT,301 · 1 hop
/2014/01/scrum-roles-and-responsibilities-game/feed/,/2014/01/scrum-roles-and-responsibilities-game/,feed,REDIRECT,301 · 1 hop
/2014/01/scrum-roles-and-responsibilities-game/scrumresponsibilitiesgame/,/2014/01/scrum-roles-and-responsibilities-game/,attachment,REDIRECT,301 · 1 hop
/2014/01/scrum-roles-and-responsibilities-game/scrumresponsibilitiesgame/feed/,/2014/01/scrum-roles-and-responsibilities-game/,feed,REDIRECT,301 · 1 hop
/2014/02/card-in-a-sealed-envelope/,/2014/02/card-in-a-sealed-envelope/,artikel,EXACT,
/2014/02/matching-values/,/2014/02/matching-values/,artikel,EXACT,
/2014/02/matching-values/feed/,/2014/02/matching-values/,feed,REDIRECT,301 · 1 hop
/2014/02/means-first-then-states/,/2014/02/means-first-then-states/,artikel,EXACT,
/2014/02/means-first-then-states/feed/,/2014/02/means-first-then-states/,feed,REDIRECT,301 · 1 hop
/2014/03/the-sandwich-retrospective/,/2014/03/the-sandwich-retrospective/,artikel,EXACT,
/2014/05/ball-flow-game/,/2014/05/ball-flow-game/,artikel,EXACT,
/2014/05/lego-flow-game/,/2014/05/lego-flow-game/,artikel,EXACT,
/2014/05/lego-flow-game/comment-page-1/,/2014/05/lego-flow-game/,reactiepagina,REDIRECT,301 · 1 hop
/2014/05/lego-flow-game/feed/,/2014/05/lego-flow-game/,feed,REDIRECT,301 · 1 hop
/2014/05/the-product-owner-role/,/2014/05/the-product-owner-role/,artikel,EXACT,
/2014/06/defining-done/,/2014/06/defining-done/,artikel,EXACT,
/2014/06/defining-done/comment-page-1/,/2014/06/defining-done/,reactiepagina,REDIRECT,301 · 1 hop
/2014/06/defining-done/feed/,/2014/06/defining-done/,feed,REDIRECT,301 · 1 hop
/2014/06/epic-bedtime-story/,/2014/06/epic-bedtime-story/,artikel,EXACT,
/2014/06/epic-bedtime-story/comment-page-1/,/2014/06/epic-bedtime-story/,reactiepagina,REDIRECT,301 · 1 hop
/2014/06/epic-bedtime-story/feed/,/2014/06/epic-bedtime-story/,feed,REDIRECT,301 · 1 hop
/2014/06/epic-bedtime-story/picture1/,/2014/06/epic-bedtime-story/,attachment,REDIRECT,301 · 1 hop
/2014/06/epic-bedtime-story/picture1/feed/,/2014/06/epic-bedtime-story/,feed,REDIRECT,301 · 1 hop
/2014/06/the-rocket-retrospective/,/2014/06/the-rocket-retrospective/,artikel,EXACT,
/2014/06/the-rocket-retrospective/comment-page-1/,/2014/06/the-rocket-retrospective/,reactiepagina,REDIRECT,301 · 1 hop
/2014/06/the-rocket-retrospective/feed/,/2014/06/the-rocket-retrospective/,feed,REDIRECT,301 · 1 hop
/2014/07/project-snapper-an-inception-value-realisation-game/,/2014/07/project-snapper-an-inception-value-realisation-game/,artikel,EXACT,
/2014/07/scrumheads-the-daily-scrum-game/,/2014/07/scrumheads-the-daily-scrum-game/,artikel,EXACT,
/2014/07/scrumheads-the-daily-scrum-game/feed/,/2014/07/scrumheads-the-daily-scrum-game/,feed,REDIRECT,301 · 1 hop
/2014/07/sudokuban-a-kanban-in-action-game-in-puzzles/,/2014/07/sudokuban-a-kanban-in-action-game-in-puzzles/,artikel,EXACT,
/2014/07/the-cultural-radars/,/2014/07/the-cultural-radars/,artikel,EXACT,
/2014/07/the-cultural-radars/comment-page-1/,/2014/07/the-cultural-radars/,reactiepagina,REDIRECT,301 · 1 hop
/2014/07/the-cultural-radars/feed/,/2014/07/the-cultural-radars/,feed,REDIRECT,301 · 1 hop
/2014/08/cynefin-with-the-team-drawer/,/2014/08/cynefin-with-the-team-drawer/,artikel,EXACT,
/2014/08/cynefin-with-the-team-drawer/comment-page-1/,/2014/08/cynefin-with-the-team-drawer/,reactiepagina,REDIRECT,301 · 1 hop
/2014/08/cynefin-with-the-team-drawer/feed/,/2014/08/cynefin-with-the-team-drawer/,feed,REDIRECT,301 · 1 hop
/2014/08/the-newlywed-game/,/2014/08/the-newlywed-game/,artikel,EXACT,
/2014/08/the-newlywed-game/comment-page-1/,/2014/08/the-newlywed-game/,reactiepagina,REDIRECT,301 · 1 hop
/2014/08/the-newlywed-game/feed/,/2014/08/the-newlywed-game/,feed,REDIRECT,301 · 1 hop
/2014/08/the-newlywed-game/the-newlywed-game-results/,/2014/08/the-newlywed-game/,attachment,REDIRECT,301 · 1 hop
/2014/08/the-newlywed-game/the-newlywed-game-results/feed/,/2014/08/the-newlywed-game/,feed,REDIRECT,301 · 1 hop
/2014/09/new-kanban-simulation-game-featureban/,/2014/09/new-kanban-simulation-game-featureban/,artikel,EXACT,
/2014/09/new-kanban-simulation-game-featureban/feed/,/2014/09/new-kanban-simulation-game-featureban/,feed,REDIRECT,301 · 1 hop
/2014/09/the-estimation-quest/,/2014/09/the-estimation-quest/,artikel,EXACT,
/2014/09/the-estimation-quest/feed/,/2014/09/the-estimation-quest/,feed,REDIRECT,301 · 1 hop
/2014/10/fellowship-of-the-goal-gamify-the-cardwall/,/2014/10/fellowship-of-the-goal-gamify-the-cardwall/,artikel,EXACT,
/2014/10/team-responsibility-game/,/2014/10/team-responsibility-game/,artikel,EXACT,
/2014/10/team-responsibility-game/comment-page-1/,/2014/10/team-responsibility-game/,reactiepagina,REDIRECT,301 · 1 hop
/2014/10/team-responsibility-game/feed/,/2014/10/team-responsibility-game/,feed,REDIRECT,301 · 1 hop
/2014/10/the-planning-quest/,/2014/10/the-planning-quest/,artikel,EXACT,
/2014/11/the-zmey-planning/,/2014/11/the-zmey-planning/,artikel,EXACT,
/2014/11/user-stories-vs-requirements/,/2014/11/user-stories-vs-requirements/,artikel,EXACT,
/2014/11/user-stories-vs-requirements/comment-page-1/,/2014/11/user-stories-vs-requirements/,reactiepagina,REDIRECT,301 · 1 hop
/2014/11/user-stories-vs-requirements/feed/,/2014/11/user-stories-vs-requirements/,feed,REDIRECT,301 · 1 hop
/2014/12/team-trust-canvas/,/2014/12/team-trust-canvas/,artikel,EXACT,
/2014/12/team-trust-canvas/comment-page-1/,/2014/12/team-trust-canvas/,reactiepagina,REDIRECT,301 · 1 hop
/2014/12/team-trust-canvas/feed/,/2014/12/team-trust-canvas/,feed,REDIRECT,301 · 1 hop
/2014/12/team-trust-canvas/team-trust-canvas-eng/,/2014/12/team-trust-canvas/,attachment,REDIRECT,301 · 1 hop
/2014/12/team-trust-canvas/team-trust-canvas-eng/feed/,/2014/12/team-trust-canvas/,feed,REDIRECT,301 · 1 hop
/2014/12/the-fatware-matrix/,/2014/12/the-fatware-matrix/,artikel,EXACT,
/2015/01/hold-the-ball-longer-stronger-together/,/2015/01/hold-the-ball-longer-stronger-together/,artikel,EXACT,
/2015/01/hold-the-ball-longer-stronger-together/comment-page-1/,/2015/01/hold-the-ball-longer-stronger-together/,reactiepagina,REDIRECT,301 · 1 hop
/2015/01/hold-the-ball-longer-stronger-together/feed/,/2015/01/hold-the-ball-longer-stronger-together/,feed,REDIRECT,301 · 1 hop
/2015/01/hold-the-ball-longer-stronger-together/image-for-3-2-section/,/2015/01/hold-the-ball-longer-stronger-together/,attachment,REDIRECT,301 · 1 hop
/2015/01/hold-the-ball-longer-stronger-together/image-for-3-2-section/feed/,/2015/01/hold-the-ball-longer-stronger-together/,feed,REDIRECT,301 · 1 hop
/2015/01/hold-the-ball-longer-stronger-together/image-for-5-2-section/,/2015/01/hold-the-ball-longer-stronger-together/,attachment,REDIRECT,301 · 1 hop
/2015/01/hold-the-ball-longer-stronger-together/image-for-5-2-section/feed/,/2015/01/hold-the-ball-longer-stronger-together/,feed,REDIRECT,301 · 1 hop
/2015/01/hold-the-ball-longer-stronger-together/image-for-6-3-section/,/2015/01/hold-the-ball-longer-stronger-together/,attachment,REDIRECT,301 · 1 hop
/2015/01/hold-the-ball-longer-stronger-together/image-for-6-3-section/feed/,/2015/01/hold-the-ball-longer-stronger-together/,feed,REDIRECT,301 · 1 hop
/2015/01/product-owner-challenge/,/2015/01/product-owner-challenge/,artikel,EXACT,
/2015/01/story-cube-time-line/,/2015/01/story-cube-time-line/,artikel,EXACT,
/2015/01/story-cube-time-line/comment-page-1/,/2015/01/story-cube-time-line/,reactiepagina,REDIRECT,301 · 1 hop
/2015/01/story-cube-time-line/feed/,/2015/01/story-cube-time-line/,feed,REDIRECT,301 · 1 hop
/2015/01/the-battle-of-the-retrospectives/,/2015/01/the-battle-of-the-retrospectives/,artikel,EXACT,
/2015/02/face-facts/,/2015/02/face-facts/,artikel,EXACT,
/2015/02/scrumble-an-agile-board-game/,/2015/02/scrumble-an-agile-board-game/,artikel,EXACT,
/2015/02/scrumble-an-agile-board-game/feed/,/2015/02/scrumble-an-agile-board-game/,feed,REDIRECT,301 · 1 hop
/2015/02/the-workplace-equations/,/2015/02/the-workplace-equations/,artikel,EXACT,
/2015/02/video-scrum/,/2015/02/video-scrum/,artikel,EXACT,
/2015/02/video-scrum/comment-page-1/,/2015/02/video-scrum/,reactiepagina,REDIRECT,301 · 1 hop
/2015/02/video-scrum/feed/,/2015/02/video-scrum/,feed,REDIRECT,301 · 1 hop
/2015/03/a-day-at-the-movies/,/2015/03/a-day-at-the-movies/,artikel,EXACT,
/2015/03/a-day-at-the-movies/evernote-camera-roll-20150325-171233/,/2015/03/a-day-at-the-movies/,attachment,REDIRECT,301 · 1 hop
/2015/03/a-day-at-the-movies/evernote-camera-roll-20150325-171233/feed/,/2015/03/a-day-at-the-movies/,feed,REDIRECT,301 · 1 hop
/2015/03/the-teamwork-oscars/,/2015/03/the-teamwork-oscars/,artikel,EXACT,
/2015/04/mytoy-agile-product-development-game/,/2015/04/mytoy-agile-product-development-game/,artikel,EXACT,
/2015/04/play4agile-north-america-sept-11-13-2015/,/2015/04/play4agile-north-america-sept-11-13-2015/,artikel,EXACT,
/2015/05/4729/,/2015/05/4729/,artikel,EXACT,
/2015/05/4729/feed/,/2015/05/4729/,feed,REDIRECT,301 · 1 hop
/2015/05/4729/telestrations-2/,/2015/05/4729/,attachment,REDIRECT,301 · 1 hop
/2015/05/4729/telestrations-2/feed/,/2015/05/4729/,feed,REDIRECT,301 · 1 hop
/2015/05/agile-clock/,/2015/05/agile-clock/,artikel,EXACT,
/2015/05/agile-clock/comment-page-1/,/2015/05/agile-clock/,reactiepagina,REDIRECT,301 · 1 hop
/2015/05/agile-clock/feed/,/2015/05/agile-clock/,feed,REDIRECT,301 · 1 hop
/2015/05/weekend-escape/,/2015/05/weekend-escape/,artikel,EXACT,
/2015/05/weekend-escape/comment-page-1/,/2015/05/weekend-escape/,reactiepagina,REDIRECT,301 · 1 hop
/2015/05/weekend-escape/feed/,/2015/05/weekend-escape/,feed,REDIRECT,301 · 1 hop
/2015/07/agile-scrum-framework-at-glance/,/2015/07/agile-scrum-framework-at-glance/,artikel,EXACT,
/2015/07/more-meaningful-stories/,/2015/07/more-meaningful-stories/,artikel,EXACT,
/2015/07/more-meaningful-stories/comment-page-1/,/2015/07/more-meaningful-stories/,reactiepagina,REDIRECT,301 · 1 hop
/2015/07/more-meaningful-stories/feed/,/2015/07/more-meaningful-stories/,feed,REDIRECT,301 · 1 hop
/2015/07/penny-flow/,/2015/07/penny-flow/,artikel,EXACT,
/2015/07/penny-flow/british-one-penny-coins-image-shot-2009-exact-date-unknown/,/2015/07/penny-flow/,attachment,REDIRECT,301 · 1 hop
/2015/07/penny-flow/british-one-penny-coins-image-shot-2009-exact-date-unknown/feed/,/2015/07/penny-flow/,feed,REDIRECT,301 · 1 hop
/2015/07/penny-flow/comment-page-1/,/2015/07/penny-flow/,reactiepagina,REDIRECT,301 · 1 hop
/2015/07/penny-flow/feed/,/2015/07/penny-flow/,feed,REDIRECT,301 · 1 hop
/2015/07/penny-flow/penny_grid/,/2015/07/penny-flow/,attachment,REDIRECT,301 · 1 hop
/2015/07/penny-flow/penny_grid/feed/,/2015/07/penny-flow/,feed,REDIRECT,301 · 1 hop
/2015/08/kanban-pizza-game/,/2015/08/kanban-pizza-game/,artikel,EXACT,
/2015/08/kanban-pizza-game/feed/,/2015/08/kanban-pizza-game/,feed,REDIRECT,301 · 1 hop
/2015/08/one-word-retrospective-game/,/2015/08/one-word-retrospective-game/,artikel,EXACT,
/2015/08/one-word-retrospective-game/comment-page-1/,/2015/08/one-word-retrospective-game/,reactiepagina,REDIRECT,301 · 1 hop
/2015/08/one-word-retrospective-game/feed/,/2015/08/one-word-retrospective-game/,feed,REDIRECT,301 · 1 hop
/2015/08/retrospective-darts/,/2015/08/retrospective-darts/,artikel,EXACT,
/2015/08/retrospective-darts/feed/,/2015/08/retrospective-darts/,feed,REDIRECT,301 · 1 hop
/2015/08/the-bicycle-game/,/2015/08/the-bicycle-game/,artikel,EXACT,
/2015/09/scrumgauntlet/,/2015/09/scrumgauntlet/,artikel,EXACT,
/2015/09/scrumgauntlet/done/,/2015/09/scrumgauntlet/,attachment,REDIRECT,301 · 1 hop
/2015/09/scrumgauntlet/feed/,/2015/09/scrumgauntlet/,feed,REDIRECT,301 · 1 hop
/2015/09/scrumgauntlet/gauntletlayout-2/,/2015/09/scrumgauntlet/,attachment,REDIRECT,301 · 1 hop
/2015/09/scrumgauntlet/gauntletreqs/,/2015/09/scrumgauntlet/,attachment,REDIRECT,301 · 1 hop
/2015/09/scrumgauntlet/gauntletreqs/feed/,/2015/09/scrumgauntlet/,feed,REDIRECT,301 · 1 hop
/2015/09/scrumgauntlet/positioning-2/,/2015/09/scrumgauntlet/,attachment,REDIRECT,301 · 1 hop
/2015/09/scrumgauntlet/positioning-2/feed/,/2015/09/scrumgauntlet/,feed,REDIRECT,301 · 1 hop
/2015/09/scrumgauntlet/running_the_gauntlet/,/2015/09/scrumgauntlet/,attachment,REDIRECT,301 · 1 hop
/2015/09/scrumgauntlet/todototest/,/2015/09/scrumgauntlet/,attachment,REDIRECT,301 · 1 hop
/2015/09/scrumgauntlet/todototest/feed/,/2015/09/scrumgauntlet/,feed,REDIRECT,301 · 1 hop
/2015/09/spreadsheet-craftsmanship/,/2015/09/spreadsheet-craftsmanship/,artikel,EXACT,
/2015/10/4-ls/,/2015/10/4-ls/,artikel,EXACT,
/2015/10/4-ls/4ls/,/2015/10/4-ls/,attachment,REDIRECT,301 · 1 hop
/2015/10/4-ls/4ls/feed/,/2015/10/4-ls/,feed,REDIRECT,301 · 1 hop
/2015/10/4-ls/comment-page-1/,/2015/10/4-ls/,reactiepagina,REDIRECT,301 · 1 hop
/2015/10/4-ls/feed/,/2015/10/4-ls/,feed,REDIRECT,301 · 1 hop
/2015/10/jargonbust/,/2015/10/jargonbust/,artikel,EXACT,
/2015/10/jargonbust/comment-page-1/,/2015/10/jargonbust/,reactiepagina,REDIRECT,301 · 1 hop
/2015/10/jargonbust/feed/,/2015/10/jargonbust/,feed,REDIRECT,301 · 1 hop
/2015/11/silent-collaboration/,/2015/11/silent-collaboration/,artikel,EXACT,
/2015/11/silent-collaboration/comment-page-1/,/2015/11/silent-collaboration/,reactiepagina,REDIRECT,301 · 1 hop
/2015/11/silent-collaboration/feed/,/2015/11/silent-collaboration/,feed,REDIRECT,301 · 1 hop
/2015/12/this-sprint-future-o-spective-with-santa-claus/,/2015/12/this-sprint-future-o-spective-with-santa-claus/,artikel,EXACT,
/2015/12/this-sprint-future-o-spective-with-santa-claus/comment-page-1/,/2015/12/this-sprint-future-o-spective-with-santa-claus/,reactiepagina,REDIRECT,301 · 1 hop
/2015/12/this-sprint-future-o-spective-with-santa-claus/feed/,/2015/12/this-sprint-future-o-spective-with-santa-claus/,feed,REDIRECT,301 · 1 hop
/2015/12/this-sprint-future-o-spective-with-santa-claus/wp_20151216_003/,/2015/12/this-sprint-future-o-spective-with-santa-claus/,attachment,REDIRECT,301 · 1 hop
/2015/12/this-sprint-future-o-spective-with-santa-claus/wp_20151216_003/feed/,/2015/12/this-sprint-future-o-spective-with-santa-claus/,feed,REDIRECT,301 · 1 hop
/2016/01/daily-stand-up-simulation/,/2016/01/daily-stand-up-simulation/,artikel,EXACT,
/2016/01/daily-stand-up-simulation/comment-page-1/,/2016/01/daily-stand-up-simulation/,reactiepagina,REDIRECT,301 · 1 hop
/2016/01/daily-stand-up-simulation/feed/,/2016/01/daily-stand-up-simulation/,feed,REDIRECT,301 · 1 hop
/2016/01/hitting-the-target-business-value-in-mission-focused-organizations/,/2016/01/hitting-the-target-business-value-in-mission-focused-organizations/,artikel,EXACT,
/2016/01/the-job-title-game/,/2016/01/the-job-title-game/,artikel,EXACT,
/2016/01/the-job-title-game/feed/,/2016/01/the-job-title-game/,feed,REDIRECT,301 · 1 hop
/2016/02/iterative-incremental-big-bang-2/,/2016/02/iterative-incremental-big-bang-2/,artikel,EXACT,
/2016/02/iterative-incremental-big-bang-2/comment-page-1/,/2016/02/iterative-incremental-big-bang-2/,reactiepagina,REDIRECT,301 · 1 hop
/2016/02/iterative-incremental-big-bang-2/feed/,/2016/02/iterative-incremental-big-bang-2/,feed,REDIRECT,301 · 1 hop
/2016/02/iterative-incremental-big-bang-2/rounded-cards-advert-v2/,/2016/02/iterative-incremental-big-bang-2/,attachment,REDIRECT,301 · 1 hop
/2016/02/the-misemotions-game/,/2016/02/the-misemotions-game/,artikel,EXACT,
/2016/02/the-roast/,/2016/02/the-roast/,artikel,EXACT,
/2016/02/try-or-die-the-x-periment/,/2016/02/try-or-die-the-x-periment/,artikel,EXACT,
/2016/02/try-or-die-the-x-periment/comment-page-1/,/2016/02/try-or-die-the-x-periment/,reactiepagina,REDIRECT,301 · 1 hop
/2016/02/try-or-die-the-x-periment/dsc_0580_/,/2016/02/try-or-die-the-x-periment/,attachment,REDIRECT,301 · 1 hop
/2016/02/try-or-die-the-x-periment/dsc_0584/,/2016/02/try-or-die-the-x-periment/,attachment,REDIRECT,301 · 1 hop
/2016/02/try-or-die-the-x-periment/feed/,/2016/02/try-or-die-the-x-periment/,feed,REDIRECT,301 · 1 hop
/2016/03/agile-jenga-testing-game/,/2016/03/agile-jenga-testing-game/,artikel,EXACT,
/2016/03/agile-jenga-testing-game/feed/,/2016/03/agile-jenga-testing-game/,feed,REDIRECT,301 · 1 hop
/2016/04/play4agile-north-america-2016-sept-9-11/,/2016/04/play4agile-north-america-2016-sept-9-11/,artikel,EXACT,
/2016/05/5668/,/2016/05/5668/,artikel,EXACT,
/2016/05/5668/comment-page-1/,/2016/05/5668/,reactiepagina,REDIRECT,301 · 1 hop
/2016/05/5668/feed/,/2016/05/5668/,feed,REDIRECT,301 · 1 hop
/2016/05/n-listen/,/2016/05/n-listen/,artikel,EXACT,
/2016/05/personal-space-workshop/,/2016/05/personal-space-workshop/,artikel,EXACT,
/2016/05/throw-the-cat-and-other-objects/,/2016/05/throw-the-cat-and-other-objects/,artikel,EXACT,
/2016/05/throw-the-cat-and-other-objects/feed/,/2016/05/throw-the-cat-and-other-objects/,feed,REDIRECT,301 · 1 hop
/2016/06/first-things-first/,/2016/06/first-things-first/,artikel,EXACT,
/2016/06/first-things-first/feed/,/2016/06/first-things-first/,feed,REDIRECT,301 · 1 hop
/2016/06/judgement-juggler/,/2016/06/judgement-juggler/,artikel,EXACT,
/2016/06/judgement-juggler/comment-page-1/,/2016/06/judgement-juggler/,reactiepagina,REDIRECT,301 · 1 hop
/2016/06/judgement-juggler/feed/,/2016/06/judgement-juggler/,feed,REDIRECT,301 · 1 hop
/2016/06/judgement-juggler/image001/,/2016/06/judgement-juggler/,attachment,REDIRECT,301 · 1 hop
/2016/06/judgement-juggler/image003/,/2016/06/judgement-juggler/,attachment,REDIRECT,301 · 1 hop
/2016/06/judgement-juggler/image007/,/2016/06/judgement-juggler/,attachment,REDIRECT,301 · 1 hop
/2016/06/judgement-juggler/image009/,/2016/06/judgement-juggler/,attachment,REDIRECT,301 · 1 hop
/2016/06/judgement-juggler/image011/,/2016/06/judgement-juggler/,attachment,REDIRECT,301 · 1 hop
/2016/06/judgement-juggler/image011/feed/,/2016/06/judgement-juggler/,feed,REDIRECT,301 · 1 hop
/2016/06/paint-the-story-point/,/2016/06/paint-the-story-point/,artikel,EXACT,
/2016/06/paint-the-story-point/20160426_115818/,/2016/06/paint-the-story-point/,attachment,REDIRECT,301 · 1 hop
/2016/06/paint-the-story-point/20160426_115818/feed/,/2016/06/paint-the-story-point/,feed,REDIRECT,301 · 1 hop
/2016/06/paint-the-story-point/20160426_121646/,/2016/06/paint-the-story-point/,attachment,REDIRECT,301 · 1 hop
/2016/06/paint-the-story-point/20160426_121646/feed/,/2016/06/paint-the-story-point/,feed,REDIRECT,301 · 1 hop
/2016/06/paint-the-story-point/20160426_121654/,/2016/06/paint-the-story-point/,attachment,REDIRECT,301 · 1 hop
/2016/06/paint-the-story-point/20160426_121700/,/2016/06/paint-the-story-point/,attachment,REDIRECT,301 · 1 hop
/2016/06/paint-the-story-point/20160426_123407/,/2016/06/paint-the-story-point/,attachment,REDIRECT,301 · 1 hop
/2016/06/paint-the-story-point/20160426_123632/,/2016/06/paint-the-story-point/,attachment,REDIRECT,301 · 1 hop
/2016/06/paint-the-story-point/20160426_124707/,/2016/06/paint-the-story-point/,attachment,REDIRECT,301 · 1 hop
/2016/06/paint-the-story-point/20160426_124717/,/2016/06/paint-the-story-point/,attachment,REDIRECT,301 · 1 hop
/2016/06/paint-the-story-point/comment-page-1/,/2016/06/paint-the-story-point/,reactiepagina,REDIRECT,301 · 1 hop
/2016/06/paint-the-story-point/feed/,/2016/06/paint-the-story-point/,feed,REDIRECT,301 · 1 hop
/2016/06/scrum-card-game/,/2016/06/scrum-card-game/,artikel,EXACT,
/2016/06/scrum-card-game/comment-page-1/,/2016/06/scrum-card-game/,reactiepagina,REDIRECT,301 · 1 hop
/2016/06/scrum-card-game/feed/,/2016/06/scrum-card-game/,feed,REDIRECT,301 · 1 hop
/2016/06/scrum-values-roles-card-game/,/2016/06/scrum-values-roles-card-game/,artikel,EXACT,
/2016/06/scrum-values-roles-card-game/cardset/,/2016/06/scrum-values-roles-card-game/,attachment,REDIRECT,301 · 1 hop
/2016/06/scrum-values-roles-card-game/cardset/feed/,/2016/06/scrum-values-roles-card-game/,feed,REDIRECT,301 · 1 hop
/2016/06/scrum-values-roles-card-game/comment-page-1/,/2016/06/scrum-values-roles-card-game/,reactiepagina,REDIRECT,301 · 1 hop
/2016/06/scrum-values-roles-card-game/feed/,/2016/06/scrum-values-roles-card-game/,feed,REDIRECT,301 · 1 hop
/2016/06/the-agile-mindset-workshop/,/2016/06/the-agile-mindset-workshop/,artikel,EXACT,
/2016/06/the-agile-mindset-workshop/comment-page-1/,/2016/06/the-agile-mindset-workshop/,reactiepagina,REDIRECT,301 · 1 hop
/2016/06/the-agile-mindset-workshop/feed/,/2016/06/the-agile-mindset-workshop/,feed,REDIRECT,301 · 1 hop
/2016/07/nexus-zoo-a-scaling-simulator/,/2016/07/nexus-zoo-a-scaling-simulator/,artikel,EXACT,
/2016/07/nexus-zoo-a-scaling-simulator/comment-page-1/,/2016/07/nexus-zoo-a-scaling-simulator/,reactiepagina,REDIRECT,301 · 1 hop
/2016/07/nexus-zoo-a-scaling-simulator/feed/,/2016/07/nexus-zoo-a-scaling-simulator/,feed,REDIRECT,301 · 1 hop
/2016/07/nexus-zoo-a-scaling-simulator/nexuszoo/,/2016/07/nexus-zoo-a-scaling-simulator/,attachment,REDIRECT,301 · 1 hop
/2016/07/scrum-simulation-with-minecraft/,/2016/07/scrum-simulation-with-minecraft/,artikel,EXACT,
/2016/07/scrum-simulation-with-minecraft/feed/,/2016/07/scrum-simulation-with-minecraft/,feed,REDIRECT,301 · 1 hop
/2016/08/pitfalls-possibilities/,/2016/08/pitfalls-possibilities/,artikel,EXACT,
/2016/08/pitfalls-possibilities/feed/,/2016/08/pitfalls-possibilities/,feed,REDIRECT,301 · 1 hop
/2016/08/story-cubes-retrospective/,/2016/08/story-cubes-retrospective/,artikel,EXACT,
/2016/08/story-cubes-retrospective/comment-page-1/,/2016/08/story-cubes-retrospective/,reactiepagina,REDIRECT,301 · 1 hop
/2016/08/story-cubes-retrospective/feed/,/2016/08/story-cubes-retrospective/,feed,REDIRECT,301 · 1 hop
/2016/08/story-cubes-retrospective/storycubes-1/,/2016/08/story-cubes-retrospective/,attachment,REDIRECT,301 · 1 hop
/2016/08/story-cubes-retrospective/storycubes-1/feed/,/2016/08/story-cubes-retrospective/,feed,REDIRECT,301 · 1 hop
/2016/08/story-cubes-retrospective/storycubes-2/,/2016/08/story-cubes-retrospective/,attachment,REDIRECT,301 · 1 hop
/2016/09/to-plan-or-not-to-plan/,/2016/09/to-plan-or-not-to-plan/,artikel,EXACT,
/2016/09/to-plan-or-not-to-plan/comment-page-1/,/2016/09/to-plan-or-not-to-plan/,reactiepagina,REDIRECT,301 · 1 hop
/2016/09/to-plan-or-not-to-plan/feed/,/2016/09/to-plan-or-not-to-plan/,feed,REDIRECT,301 · 1 hop
/2016/09/to-plan-or-not-to-plan/picture/,/2016/09/to-plan-or-not-to-plan/,attachment,REDIRECT,301 · 1 hop
/2016/09/to-plan-or-not-to-plan/picture/feed/,/2016/09/to-plan-or-not-to-plan/,feed,REDIRECT,301 · 1 hop
/2016/10/the-coffee-game/,/2016/10/the-coffee-game/,artikel,EXACT,
/2016/10/the-coffee-game/comment-page-1/,/2016/10/the-coffee-game/,reactiepagina,REDIRECT,301 · 1 hop
/2016/10/the-coffee-game/feed/,/2016/10/the-coffee-game/,feed,REDIRECT,301 · 1 hop
/2016/12/lego-team-building/,/2016/12/lego-team-building/,artikel,EXACT,
/2016/12/lego-team-building/comment-page-1/,/2016/12/lego-team-building/,reactiepagina,REDIRECT,301 · 1 hop
/2016/12/lego-team-building/feed/,/2016/12/lego-team-building/,feed,REDIRECT,301 · 1 hop
/2016/12/lego-team-building/lego-team-building/,/2016/12/lego-team-building/,attachment,REDIRECT,301 · 1 hop
/2017/01/francais-jeu-des-roles-et-des-responsabilites-de-scrum/,/2017/01/francais-jeu-des-roles-et-des-responsabilites-de-scrum/,artikel,EXACT,
/2017/01/francais-jeu-des-roles-et-des-responsabilites-de-scrum/comment-page-1/,/2017/01/francais-jeu-des-roles-et-des-responsabilites-de-scrum/,reactiepagina,REDIRECT,301 · 1 hop
/2017/01/francais-jeu-des-roles-et-des-responsabilites-de-scrum/feed/,/2017/01/francais-jeu-des-roles-et-des-responsabilites-de-scrum/,feed,REDIRECT,301 · 1 hop
/2017/01/logo-maze-why-we-test-first/,/2017/01/logo-maze-why-we-test-first/,artikel,EXACT,
/2017/01/logo-maze-why-we-test-first/comment-page-1/,/2017/01/logo-maze-why-we-test-first/,reactiepagina,REDIRECT,301 · 1 hop
/2017/02/cards-against-agility/,/2017/02/cards-against-agility/,artikel,EXACT,
/2017/02/cards-against-agility/comment-page-1/,/2017/02/cards-against-agility/,reactiepagina,REDIRECT,301 · 1 hop
/2017/02/cards-against-agility/feed/,/2017/02/cards-against-agility/,feed,REDIRECT,301 · 1 hop
/2017/02/failure-memory-game/,/2017/02/failure-memory-game/,artikel,EXACT,
/2017/02/failure-memory-game/cc-sa4-0-2/,/2017/02/failure-memory-game/,attachment,REDIRECT,301 · 1 hop
/2017/02/failure-memory-game/cc-sa4-0-2/feed/,/2017/02/failure-memory-game/,feed,REDIRECT,301 · 1 hop
/2017/02/failure-memory-game/feed/,/2017/02/failure-memory-game/,feed,REDIRECT,301 · 1 hop
/2017/02/simplicity-in-lego-technical-practices/,/2017/02/simplicity-in-lego-technical-practices/,artikel,EXACT,
/2017/03/x-matrix-jigsaw-puzzle/,/2017/03/x-matrix-jigsaw-puzzle/,artikel,EXACT,
/2017/04/company-profile/,/2017/04/company-profile/,artikel,EXACT,
/2017/04/company-profile/feed/,/2017/04/company-profile/,feed,REDIRECT,301 · 1 hop
/2017/04/the-lean-star-game/,/2017/04/the-lean-star-game/,artikel,EXACT,
/2017/04/the-lean-star-game/comment-page-1/,/2017/04/the-lean-star-game/,reactiepagina,REDIRECT,301 · 1 hop
/2017/04/the-lean-star-game/feed/,/2017/04/the-lean-star-game/,feed,REDIRECT,301 · 1 hop
/2017/04/the-lean-star-game/star-connect-2/,/2017/04/the-lean-star-game/,attachment,REDIRECT,301 · 1 hop
/2017/05/gameception-–-the-team-game-that-creates-itself/,/2017/05/gameception-–-the-team-game-that-creates-itself/,artikel,EXACT,
/2017/05/gameception-–-the-team-game-that-creates-itself/comment-page-1/,/2017/05/gameception-–-the-team-game-that-creates-itself/,reactiepagina,REDIRECT,301 · 1 hop
/2017/05/gameception-–-the-team-game-that-creates-itself/feed/,/2017/05/gameception-–-the-team-game-that-creates-itself/,feed,REDIRECT,301 · 1 hop
/2017/05/may-the-4th-force-be-with-you-retrospective/,/2017/05/may-the-4th-force-be-with-you-retrospective/,artikel,EXACT,
/2017/05/may-the-4th-force-be-with-you-retrospective/comment-page-1/,/2017/05/may-the-4th-force-be-with-you-retrospective/,reactiepagina,REDIRECT,301 · 1 hop
/2017/05/may-the-4th-force-be-with-you-retrospective/feed/,/2017/05/may-the-4th-force-be-with-you-retrospective/,feed,REDIRECT,301 · 1 hop
/2017/05/scrum-events-cycle/,/2017/05/scrum-events-cycle/,artikel,EXACT,
/2017/05/scrum-events-cycle/comment-page-1/,/2017/05/scrum-events-cycle/,reactiepagina,REDIRECT,301 · 1 hop
/2017/05/scrum-events-cycle/feed/,/2017/05/scrum-events-cycle/,feed,REDIRECT,301 · 1 hop
/2017/05/scrum-events-cycle/scrum-events-cycle-exercise/,/2017/05/scrum-events-cycle/,attachment,REDIRECT,301 · 1 hop
/2017/06/lets-take-a-journey-retrospective/,/2017/06/lets-take-a-journey-retrospective/,artikel,EXACT,
/2017/06/lets-take-a-journey-retrospective/feed/,/2017/06/lets-take-a-journey-retrospective/,feed,REDIRECT,301 · 1 hop
/2017/06/the-kanban-silly-tasks-game/,/2017/06/the-kanban-silly-tasks-game/,artikel,EXACT,
/2017/06/the-kanban-silly-tasks-game/comment-page-1/,/2017/06/the-kanban-silly-tasks-game/,reactiepagina,REDIRECT,301 · 1 hop
/2017/06/the-kanban-silly-tasks-game/feed/,/2017/06/the-kanban-silly-tasks-game/,feed,REDIRECT,301 · 1 hop
/2017/06/the-league-of-extraordinarily-shortsighted-agile-superleaders-retrospective/,/2017/06/the-league-of-extraordinarily-shortsighted-agile-superleaders-retrospective/,artikel,EXACT,
/2017/06/the-league-of-extraordinarily-shortsighted-agile-superleaders-retrospective/comment-page-1/,/2017/06/the-league-of-extraordinarily-shortsighted-agile-superleaders-retrospective/,reactiepagina,REDIRECT,301 · 1 hop
/2017/06/the-league-of-extraordinarily-shortsighted-agile-superleaders-retrospective/feed/,/2017/06/the-league-of-extraordinarily-shortsighted-agile-superleaders-retrospective/,feed,REDIRECT,301 · 1 hop
/2017/07/decoration-kanban/,/2017/07/decoration-kanban/,artikel,EXACT,
/2017/07/decoration-kanban/feed/,/2017/07/decoration-kanban/,feed,REDIRECT,301 · 1 hop
/2017/07/decoration-kanban/step1/,/2017/07/decoration-kanban/,attachment,REDIRECT,301 · 1 hop
/2017/07/decoration-kanban/step2/,/2017/07/decoration-kanban/,attachment,REDIRECT,301 · 1 hop
/2017/07/decoration-kanban/step3-2/,/2017/07/decoration-kanban/,attachment,REDIRECT,301 · 1 hop
/2017/07/decoration-kanban/step3/,/2017/07/decoration-kanban/,attachment,REDIRECT,301 · 1 hop
/2017/07/decoration-kanban/step4/,/2017/07/decoration-kanban/,attachment,REDIRECT,301 · 1 hop
/2017/07/decoration-kanban/step5/,/2017/07/decoration-kanban/,attachment,REDIRECT,301 · 1 hop
/2017/07/time-tree-fertilizer-retro/,/2017/07/time-tree-fertilizer-retro/,artikel,EXACT,
/2017/07/time-tree-fertilizer-retro/comment-page-1/,/2017/07/time-tree-fertilizer-retro/,reactiepagina,REDIRECT,301 · 1 hop
/2017/07/time-tree-fertilizer-retro/feed/,/2017/07/time-tree-fertilizer-retro/,feed,REDIRECT,301 · 1 hop
/2017/09/cardunit-a-unit-testing-simulation/,/2017/09/cardunit-a-unit-testing-simulation/,artikel,EXACT,
/2017/09/cardunit-a-unit-testing-simulation/cardunit170904/,/2017/09/cardunit-a-unit-testing-simulation/,attachment,REDIRECT,301 · 1 hop
/2017/09/cardunit-a-unit-testing-simulation/feed/,/2017/09/cardunit-a-unit-testing-simulation/,feed,REDIRECT,301 · 1 hop
/2017/09/positive-change-canvas/,/2017/09/positive-change-canvas/,artikel,EXACT,
/2017/09/positive-change-canvas/feed/,/2017/09/positive-change-canvas/,feed,REDIRECT,301 · 1 hop
/2017/09/the-large-scale-scrum-less-dynamics-game/,/2017/09/the-large-scale-scrum-less-dynamics-game/,artikel,EXACT,
/2017/09/the-large-scale-scrum-less-dynamics-game/comment-page-1/,/2017/09/the-large-scale-scrum-less-dynamics-game/,reactiepagina,REDIRECT,301 · 1 hop
/2017/09/the-large-scale-scrum-less-dynamics-game/feed/,/2017/09/the-large-scale-scrum-less-dynamics-game/,feed,REDIRECT,301 · 1 hop
/2017/10/deep-dive-into-kanban-essentials-using-donut-making/,/2017/10/deep-dive-into-kanban-essentials-using-donut-making/,artikel,EXACT,
/2017/10/deep-dive-into-kanban-essentials-using-donut-making/exp/,/2017/10/deep-dive-into-kanban-essentials-using-donut-making/,attachment,REDIRECT,301 · 1 hop
/2017/10/deep-dive-into-kanban-essentials-using-donut-making/feed/,/2017/10/deep-dive-into-kanban-essentials-using-donut-making/,feed,REDIRECT,301 · 1 hop
/2017/10/deep-dive-into-kanban-essentials-using-donut-making/materials/,/2017/10/deep-dive-into-kanban-essentials-using-donut-making/,attachment,REDIRECT,301 · 1 hop
/2017/10/deep-dive-into-kanban-essentials-using-donut-making/policies/,/2017/10/deep-dive-into-kanban-essentials-using-donut-making/,attachment,REDIRECT,301 · 1 hop
/2017/10/deep-dive-into-kanban-essentials-using-donut-making/rnd-tb-2/,/2017/10/deep-dive-into-kanban-essentials-using-donut-making/,attachment,REDIRECT,301 · 1 hop
/2017/10/deep-dive-into-kanban-essentials-using-donut-making/rnd1/,/2017/10/deep-dive-into-kanban-essentials-using-donut-making/,attachment,REDIRECT,301 · 1 hop
/2017/10/deep-dive-into-kanban-essentials-using-donut-making/rnd2-l/,/2017/10/deep-dive-into-kanban-essentials-using-donut-making/,attachment,REDIRECT,301 · 1 hop
/2017/10/deep-dive-into-kanban-essentials-using-donut-making/rnd3-l/,/2017/10/deep-dive-into-kanban-essentials-using-donut-making/,attachment,REDIRECT,301 · 1 hop
/2017/10/deep-dive-into-kanban-essentials-using-donut-making/rnd3-l2-2/,/2017/10/deep-dive-into-kanban-essentials-using-donut-making/,attachment,REDIRECT,301 · 1 hop
/2017/10/deep-dive-into-kanban-essentials-using-donut-making/rnd4/,/2017/10/deep-dive-into-kanban-essentials-using-donut-making/,attachment,REDIRECT,301 · 1 hop
/2017/10/deep-dive-into-kanban-essentials-using-donut-making/rnd5/,/2017/10/deep-dive-into-kanban-essentials-using-donut-making/,attachment,REDIRECT,301 · 1 hop
/2017/10/deep-dive-into-kanban-essentials-using-donut-making/rnd6/,/2017/10/deep-dive-into-kanban-essentials-using-donut-making/,attachment,REDIRECT,301 · 1 hop
/2017/10/deep-dive-into-kanban-essentials-using-donut-making/steps/,/2017/10/deep-dive-into-kanban-essentials-using-donut-making/,attachment,REDIRECT,301 · 1 hop
/2017/10/sinking-islands/,/2017/10/sinking-islands/,artikel,EXACT,
/2017/10/the-core-beliefs-of-waterfall-agile-and-lean/,/2017/10/the-core-beliefs-of-waterfall-agile-and-lean/,artikel,EXACT,
/2017/10/the-core-beliefs-of-waterfall-agile-and-lean/comment-page-1/,/2017/10/the-core-beliefs-of-waterfall-agile-and-lean/,reactiepagina,REDIRECT,301 · 1 hop
/2017/10/the-core-beliefs-of-waterfall-agile-and-lean/feed/,/2017/10/the-core-beliefs-of-waterfall-agile-and-lean/,feed,REDIRECT,301 · 1 hop
/2017/12/core-scrum-game/,/2017/12/core-scrum-game/,artikel,EXACT,
/2017/12/core-scrum-game/comment-page-1/,/2017/12/core-scrum-game/,reactiepagina,REDIRECT,301 · 1 hop
/2017/12/core-scrum-game/feed/,/2017/12/core-scrum-game/,feed,REDIRECT,301 · 1 hop
/2018/01/daily-scrum-game/,/2018/01/daily-scrum-game/,artikel,EXACT,
/2018/01/daily-scrum-game/comment-page-1/,/2018/01/daily-scrum-game/,reactiepagina,REDIRECT,301 · 1 hop
/2018/01/daily-scrum-game/feed/,/2018/01/daily-scrum-game/,feed,REDIRECT,301 · 1 hop
/2018/01/the-fast-and-the-furious-and-other-fs-retrospective-activity/,/2018/01/the-fast-and-the-furious-and-other-fs-retrospective-activity/,artikel,EXACT,
/2018/01/the-fast-and-the-furious-and-other-fs-retrospective-activity/comment-page-1/,/2018/01/the-fast-and-the-furious-and-other-fs-retrospective-activity/,reactiepagina,REDIRECT,301 · 1 hop
/2018/01/the-fast-and-the-furious-and-other-fs-retrospective-activity/feed/,/2018/01/the-fast-and-the-furious-and-other-fs-retrospective-activity/,feed,REDIRECT,301 · 1 hop
/2018/02/kitchen-prioritization/,/2018/02/kitchen-prioritization/,artikel,EXACT,
/2018/02/kitchen-prioritization/comment-page-1/,/2018/02/kitchen-prioritization/,reactiepagina,REDIRECT,301 · 1 hop
/2018/02/kitchen-prioritization/feed/,/2018/02/kitchen-prioritization/,feed,REDIRECT,301 · 1 hop
/2018/03/dice-of-debt/,/2018/03/dice-of-debt/,artikel,EXACT,
/2018/03/dice-of-debt/dice-of-debt-v3/,/2018/03/dice-of-debt/,attachment,REDIRECT,301 · 1 hop
/2018/03/dice-of-debt/feed/,/2018/03/dice-of-debt/,feed,REDIRECT,301 · 1 hop
/2018/03/dice-of-debt/playingdod1/,/2018/03/dice-of-debt/,attachment,REDIRECT,301 · 1 hop
/2018/04/pass-the-perfection/,/2018/04/pass-the-perfection/,artikel,EXACT,
/2018/04/pass-the-perfection/comment-page-1/,/2018/04/pass-the-perfection/,reactiepagina,REDIRECT,301 · 1 hop
/2018/04/pass-the-perfection/feed/,/2018/04/pass-the-perfection/,feed,REDIRECT,301 · 1 hop
/2018/04/test-and-learn-2/,,artikel,GONE,geen bruikbare capture in de export
/2018/05/sprint-simulation-scrum-practice-game/,/2018/05/sprint-simulation-scrum-practice-game/,artikel,EXACT,
/2018/05/sprint-simulation-scrum-practice-game/comment-page-1/,/2018/05/sprint-simulation-scrum-practice-game/,reactiepagina,REDIRECT,301 · 1 hop
/2018/05/sprint-simulation-scrum-practice-game/feed/,/2018/05/sprint-simulation-scrum-practice-game/,feed,REDIRECT,301 · 1 hop
/2018/06/sequence-an-agile-integration-game/,/2018/06/sequence-an-agile-integration-game/,artikel,EXACT,
/2018/06/sequence-an-agile-integration-game/feed/,/2018/06/sequence-an-agile-integration-game/,feed,REDIRECT,301 · 1 hop
/2018/07/a-non-it-scrum-simulation-game-learn-scrum-and-self-organizing-through-a-game/,/2018/07/a-non-it-scrum-simulation-game-learn-scrum-and-self-organizing-through-a-game/,artikel,EXACT,
/2018/07/a-non-it-scrum-simulation-game-learn-scrum-and-self-organizing-through-a-game/comment-page-1/,/2018/07/a-non-it-scrum-simulation-game-learn-scrum-and-self-organizing-through-a-game/,reactiepagina,REDIRECT,301 · 1 hop
/2018/07/a-non-it-scrum-simulation-game-learn-scrum-and-self-organizing-through-a-game/feed/,/2018/07/a-non-it-scrum-simulation-game-learn-scrum-and-self-organizing-through-a-game/,feed,REDIRECT,301 · 1 hop
/2018/07/check-your-mindset/,/2018/07/check-your-mindset/,artikel,EXACT,
/2018/07/check-your-mindset/comment-page-1/,/2018/07/check-your-mindset/,reactiepagina,REDIRECT,301 · 1 hop
/2018/07/check-your-mindset/feed/,/2018/07/check-your-mindset/,feed,REDIRECT,301 · 1 hop
/2018/07/check-your-mindset/mindset/,/2018/07/check-your-mindset/,attachment,REDIRECT,301 · 1 hop
/2018/07/the-feedback-game/,/2018/07/the-feedback-game/,artikel,EXACT,
/2018/07/the-feedback-game/comment-page-1/,/2018/07/the-feedback-game/,reactiepagina,REDIRECT,301 · 1 hop
/2018/07/the-feedback-game/feed/,/2018/07/the-feedback-game/,feed,REDIRECT,301 · 1 hop
/2018/08/the-matchup-canvas/,/2018/08/the-matchup-canvas/,artikel,EXACT,
/2018/08/the-matchup-canvas/feed/,/2018/08/the-matchup-canvas/,feed,REDIRECT,301 · 1 hop
/2018/08/the-spark-engine/,/2018/08/the-spark-engine/,artikel,EXACT,
/2018/08/the-spark-engine/book-draw-cover-front-small/,/2018/08/the-spark-engine/,attachment,REDIRECT,301 · 1 hop
/2018/08/the-spark-engine/comment-page-1/,/2018/08/the-spark-engine/,reactiepagina,REDIRECT,301 · 1 hop
/2018/08/the-spark-engine/feed/,/2018/08/the-spark-engine/,feed,REDIRECT,301 · 1 hop
/2018/08/the-spark-engine/img_20170409_111645/,/2018/08/the-spark-engine/,attachment,REDIRECT,301 · 1 hop
/2018/08/the-spark-engine/scan_pic0012/,/2018/08/the-spark-engine/,attachment,REDIRECT,301 · 1 hop
/2018/08/the-spark-engine/scan_pic0017/,/2018/08/the-spark-engine/,attachment,REDIRECT,301 · 1 hop
/2018/09/heart-of-agile-psychic-handshake/,/2018/09/heart-of-agile-psychic-handshake/,artikel,EXACT,
/2018/09/heart-of-agile-psychic-handshake/feed/,/2018/09/heart-of-agile-psychic-handshake/,feed,REDIRECT,301 · 1 hop
/2018/10/speed-mentoring-happy-hour/,/2018/10/speed-mentoring-happy-hour/,artikel,EXACT,
/2018/11/core-less-game/,/2018/11/core-less-game/,artikel,EXACT,
/2018/11/core-less-game/feed/,/2018/11/core-less-game/,feed,REDIRECT,301 · 1 hop
/2018/12/valuable-paper-airplanes/,/2018/12/valuable-paper-airplanes/,artikel,EXACT,
/2018/12/valuable-paper-airplanes/comment-page-1/,/2018/12/valuable-paper-airplanes/,reactiepagina,REDIRECT,301 · 1 hop
/2018/12/valuable-paper-airplanes/feed/,/2018/12/valuable-paper-airplanes/,feed,REDIRECT,301 · 1 hop
/2019/01/21-jedi/,/2019/01/21-jedi/,artikel,EXACT,
/2019/01/21-jedi/comment-page-1/,/2019/01/21-jedi/,reactiepagina,REDIRECT,301 · 1 hop
/2019/01/retrospective-sailing-being-agile/,/2019/01/retrospective-sailing-being-agile/,artikel,EXACT,
/2019/01/retrospective-sailing-being-agile/feed/,/2019/01/retrospective-sailing-being-agile/,feed,REDIRECT,301 · 1 hop
/2019/01/witches-cooking-reunion/,/2019/01/witches-cooking-reunion/,artikel,EXACT,
/2019/01/witches-cooking-reunion/comment-page-1/,/2019/01/witches-cooking-reunion/,reactiepagina,REDIRECT,301 · 1 hop
/2019/01/witches-cooking-reunion/extra/,/2019/01/witches-cooking-reunion/,attachment,REDIRECT,301 · 1 hop
/2019/01/witches-cooking-reunion/feed/,/2019/01/witches-cooking-reunion/,feed,REDIRECT,301 · 1 hop
/2019/01/witches-cooking-reunion/ingredients/,/2019/01/witches-cooking-reunion/,attachment,REDIRECT,301 · 1 hop
/2019/01/witches-cooking-reunion/record-table/,/2019/01/witches-cooking-reunion/,attachment,REDIRECT,301 · 1 hop
/2019/01/witches-cooking-reunion/rules-2/,/2019/01/witches-cooking-reunion/,attachment,REDIRECT,301 · 1 hop
/2019/01/witches-cooking-reunion/set_of_token/,/2019/01/witches-cooking-reunion/,attachment,REDIRECT,301 · 1 hop
/2019/01/witches-cooking-reunion/translation-page/,/2019/01/witches-cooking-reunion/,attachment,REDIRECT,301 · 1 hop
/2019/01/witches-cooking-reunion/witchesboard/,/2019/01/witches-cooking-reunion/,attachment,REDIRECT,301 · 1 hop
/2019/02/build-your-own-agile-game/,/2019/02/build-your-own-agile-game/,artikel,EXACT,
/2019/02/build-your-own-agile-game/feed/,/2019/02/build-your-own-agile-game/,feed,REDIRECT,301 · 1 hop
/2019/02/virtual-cards-against-agility/,/2019/02/virtual-cards-against-agility/,artikel,EXACT,
/2019/02/virtual-cards-against-agility/comment-page-1/,/2019/02/virtual-cards-against-agility/,reactiepagina,REDIRECT,301 · 1 hop
/2019/02/virtual-cards-for-agility/,/2019/02/virtual-cards-for-agility/,artikel,EXACT,
/2019/02/virtual-scrum-roles-game/,/2019/02/virtual-scrum-roles-game/,artikel,EXACT,
/2019/02/virtual-scrum-roles-game/comment-page-1/,/2019/02/virtual-scrum-roles-game/,reactiepagina,REDIRECT,301 · 1 hop
/2019/02/virtual-scrum-values-game/,/2019/02/virtual-scrum-values-game/,artikel,EXACT,
/2019/03/agile-radar/,/2019/03/agile-radar/,artikel,EXACT,
/2019/03/kanban-simulation/,/2019/03/kanban-simulation/,artikel,EXACT,
/2019/04/technical-debt-game-for-non-technical-people/,/2019/04/technical-debt-game-for-non-technical-people/,artikel,EXACT,
/2019/04/technical-debt-game-for-non-technical-people/comment-page-1/,/2019/04/technical-debt-game-for-non-technical-people/,reactiepagina,REDIRECT,301 · 1 hop
/2019/05/agile-telephone-pictionary-game/,/2019/05/agile-telephone-pictionary-game/,artikel,EXACT,
/2019/06/conways-compositions/,/2019/06/conways-compositions/,artikel,EXACT,
/2019/06/egg-shell/,/2019/06/egg-shell/,artikel,EXACT,
/2019/06/egg-shell/comment-page-1/,/2019/06/egg-shell/,reactiepagina,REDIRECT,301 · 1 hop
/2019/06/satisfaction-foot/,/2019/06/satisfaction-foot/,artikel,EXACT,
/2019/06/satisfaction-foot/comment-page-1/,/2019/06/satisfaction-foot/,reactiepagina,REDIRECT,301 · 1 hop
/2019/07/scrumtale-scrum-simulation-workshop/,/2019/07/scrumtale-scrum-simulation-workshop/,artikel,EXACT,
/2019/07/scrumtale-scrum-simulation-workshop/comment-page-1/,/2019/07/scrumtale-scrum-simulation-workshop/,reactiepagina,REDIRECT,301 · 1 hop
/2019/08/art-gallery-retrospective/,/2019/08/art-gallery-retrospective/,artikel,EXACT,
/2019/08/newspaper-retro/,/2019/08/newspaper-retro/,artikel,EXACT,
/2019/08/newspaper-retro/comment-page-1/,/2019/08/newspaper-retro/,reactiepagina,REDIRECT,301 · 1 hop
/2019/08/pair-poetry/,/2019/08/pair-poetry/,artikel,EXACT,
/2019/08/the-turkey-game-agile-product-management/,/2019/08/the-turkey-game-agile-product-management/,artikel,EXACT,
/2019/09/how-to-build-a-puzzle-scrum-simulation-game/,/2019/09/how-to-build-a-puzzle-scrum-simulation-game/,artikel,EXACT,
/2019/10/debunking-multitasking-with-cards/,/2019/10/debunking-multitasking-with-cards/,artikel,EXACT,
/2019/10/magicmaze/,/2019/10/magicmaze/,artikel,EXACT,
/2019/11/10283/,/2019/11/10283/,artikel,EXACT,
/2019/11/dependency-jigsaw-game/,/2019/11/dependency-jigsaw-game/,artikel,EXACT,
/2019/11/dependency-jigsaw-game/feed/,/2019/11/dependency-jigsaw-game/,feed,REDIRECT,301 · 1 hop
/2019/11/the-stoneage-team-game/,/2019/11/the-stoneage-team-game/,artikel,EXACT,
/2019/12/summer-meadows-and-the-three-vs/,/2019/12/summer-meadows-and-the-three-vs/,artikel,EXACT,
/2019/12/summer-meadows-and-the-three-vs/feed/,/2019/12/summer-meadows-and-the-three-vs/,feed,REDIRECT,301 · 1 hop
/2020/02/the-scrum-workflow/,/2020/02/the-scrum-workflow/,artikel,EXACT,
/2020/02/the-scrum-workflow/feed/,/2020/02/the-scrum-workflow/,feed,REDIRECT,301 · 1 hop
/2020/03/agile-wheel/,/2020/03/agile-wheel/,artikel,EXACT,
/2020/03/agile-wheel/comment-page-1/,/2020/03/agile-wheel/,reactiepagina,REDIRECT,301 · 1 hop
/2020/03/agile-wheel/feed/,/2020/03/agile-wheel/,feed,REDIRECT,301 · 1 hop
/2020/03/mob-programming-with-baba-is-you/,/2020/03/mob-programming-with-baba-is-you/,artikel,EXACT,
/2020/04/ball-point-wfh-game/,/2020/04/ball-point-wfh-game/,artikel,EXACT,
/2020/04/ball-wfh-point-game/,/2020/04/ball-wfh-point-game/,artikel,EXACT,
/2020/04/ball-wfh-point-game/comment-page-1/,/2020/04/ball-wfh-point-game/,reactiepagina,REDIRECT,301 · 1 hop
/2020/04/ball-wfh-point-game/feed/,/2020/04/ball-wfh-point-game/,feed,REDIRECT,301 · 1 hop
/2020/04/rapid-estimation-game-for-remote-workers/,/2020/04/rapid-estimation-game-for-remote-workers/,artikel,EXACT,
/2020/04/virtual-world-scrum-simulation/,/2020/04/virtual-world-scrum-simulation/,artikel,EXACT,
/2020/04/virtual-world-scrum-simulation/comment-page-1/,/2020/04/virtual-world-scrum-simulation/,reactiepagina,REDIRECT,301 · 1 hop
/2020/04/virtual-world-scrum-simulation/feed/,/2020/04/virtual-world-scrum-simulation/,feed,REDIRECT,301 · 1 hop
/2020/06/anxiety-party/,/2020/06/anxiety-party/,artikel,EXACT,
/2020/06/change-curves-energizer/,/2020/06/change-curves-energizer/,artikel,EXACT,
/2020/06/epic-online-futurespective/,/2020/06/epic-online-futurespective/,artikel,EXACT,
/2020/06/flipping-agile-pizza/,/2020/06/flipping-agile-pizza/,artikel,EXACT,
/2020/06/stress-container/,/2020/06/stress-container/,artikel,EXACT,
/2020/06/the-online-pencil-challenge/,/2020/06/the-online-pencil-challenge/,artikel,EXACT,
/2020/07/tower-defence-retrospective/,/2020/07/tower-defence-retrospective/,artikel,EXACT,
/2020/08/large-scale-scrum-less-principles-card-sort/,/2020/08/large-scale-scrum-less-principles-card-sort/,artikel,EXACT,
/2020/08/the-ultimate-workshop-planning-template/,/2020/08/the-ultimate-workshop-planning-template/,artikel,EXACT,
/2020/09/online-taboo-game/,/2020/09/online-taboo-game/,artikel,EXACT,
/2020/10/building-high-performing-organizations-game-a-game-for-managers-scrummasters-product-owners/,/2020/10/building-high-performing-organizations-game-a-game-for-managers-scrummasters-product-owners/,artikel,EXACT,
/2020/10/energizer-for-remote-meetings/,/2020/10/energizer-for-remote-meetings/,artikel,EXACT,
/2020/10/mindset-matching-game/,/2020/10/mindset-matching-game/,artikel,EXACT,
/2020/10/remote-wfh-ball-point-game/,/2020/10/remote-wfh-ball-point-game/,artikel,EXACT,
/2020/10/remote-wfh-ball-point-game/comment-page-1/,/2020/10/remote-wfh-ball-point-game/,reactiepagina,REDIRECT,301 · 1 hop
/2020/11/simagile-a-real-life-scrum-simulation/,/2020/11/simagile-a-real-life-scrum-simulation/,artikel,EXACT,
/2021/01/a-fun-remote-demo-of-the-benefits-of-self-organization/,/2021/01/a-fun-remote-demo-of-the-benefits-of-self-organization/,artikel,EXACT,
/2021/01/piggy-bank-scrum-simulation-in-remote/,/2021/01/piggy-bank-scrum-simulation-in-remote/,artikel,EXACT,
/2021/01/piggy-bank-scrum-simulation-in-remote/comment-page-1/,/2021/01/piggy-bank-scrum-simulation-in-remote/,reactiepagina,REDIRECT,301 · 1 hop
/2021/01/piggy-bank-scrum-simulation-in-remote/feed/,/2021/01/piggy-bank-scrum-simulation-in-remote/,feed,REDIRECT,301 · 1 hop
/2021/02/teamgram/,/2021/02/teamgram/,artikel,EXACT,
/2021/03/professional-love-prove-us-wrong/,/2021/03/professional-love-prove-us-wrong/,artikel,EXACT,
/2021/03/professional-love-the-card-game-prove-us-wrong/,/2021/03/professional-love-the-card-game-prove-us-wrong/,artikel,EXACT,
/2021/03/remote-comunication/,/2021/03/remote-comunication/,artikel,EXACT,
/2021/03/scrum-values-game/,/2021/03/scrum-values-game/,artikel,EXACT,
/2021/08/goldilocks-and-the-three-bears/,/2021/08/goldilocks-and-the-three-bears/,artikel,EXACT,
/2022/01/working-title-stakeholder-doughnut/,/2022/01/working-title-stakeholder-doughnut/,artikel,EXACT,
/2022/08/acts-of-leadersheep/,/2022/08/acts-of-leadersheep/,artikel,EXACT,
/2022/08/drowning-in-dependencies-try-a-new-dependency-game/,/2022/08/drowning-in-dependencies-try-a-new-dependency-game/,artikel,EXACT,
/2022/09/estimation-game-cup-of-tea/,/2022/09/estimation-game-cup-of-tea/,artikel,EXACT,
/2022/09/retrospective-sailing/,/2022/09/retrospective-sailing/,artikel,EXACT,
/2022/10/agile-mindset-test-agile-thinking-game/,/2022/10/agile-mindset-test-agile-thinking-game/,artikel,EXACT,
/2022/10/the-shaky-motivational-tower-of-babel/,/2022/10/the-shaky-motivational-tower-of-babel/,artikel,EXACT,
/2022/12/what-you-think-is-what-you-get-wytiwyg/,/2022/12/what-you-think-is-what-you-get-wytiwyg/,artikel,EXACT,
/2023/01/dogs-retro/,/2023/01/dogs-retro/,artikel,EXACT,
/2023/01/retro-cats/,/2023/01/retro-cats/,artikel,EXACT,
/2023/03/clue-the-retro/,/2023/03/clue-the-retro/,artikel,EXACT,
/2023/03/scale-agile-simulator/,/2023/03/scale-agile-simulator/,artikel,EXACT,
/2023/04/everyone-is-right-only-partially-exploring-perspectives-improving-relationships/,/2023/04/everyone-is-right-only-partially-exploring-perspectives-improving-relationships/,artikel,EXACT,
/2023/04/the-being-agile-canvas-template/,/2023/04/the-being-agile-canvas-template/,artikel,EXACT,
/2023/06/unlocking-team-creativity-the-elementalists-enigma-escape-room-icebreaker/,/2023/06/unlocking-team-creativity-the-elementalists-enigma-escape-room-icebreaker/,artikel,EXACT,
/about/,/about/,pagina,EXACT,
/about/don-mcgreal/,/about/don-mcgreal/,pagina,EXACT,
/about/don-mcgreal/feed/,/rss.xml,feed,REDIRECT,301 · 1 hop
/about/feed/,/rss.xml,feed,REDIRECT,301 · 1 hop
/about/get-involved/,/about/get-involved/,pagina,EXACT,
/about/get-involved/feed/,/rss.xml,feed,REDIRECT,301 · 1 hop
/about/michael-mccullough/,/about/michael-mccullough/,pagina,EXACT,
/about/michael-mccullough/feed/,/rss.xml,feed,REDIRECT,301 · 1 hop
/about/michael-mccullough/michael-mccullough/,/about/michael-mccullough/,pagina,REDIRECT,301 · 1 hop
/about/michael-mccullough/michael-mccullough/feed/,/rss.xml,feed,REDIRECT,301 · 1 hop
/about/michael-sahota/,/about/michael-sahota/,pagina,EXACT,
/about/michael-sahota/feed/,/rss.xml,feed,REDIRECT,301 · 1 hop
/about/translation-project/,/about/translation-project/,pagina,EXACT,
/about/translation-project/feed/,/rss.xml,feed,REDIRECT,301 · 1 hop
/agile-games-conference-2011/,/agile-games-conference-2011/,pagina,EXACT,
/agile-games-conference-2011/feed/,/rss.xml,feed,REDIRECT,301 · 1 hop
/author/4agile/,/author/4agile-pl/,auteur,REDIRECT,301 · 1 hop
/author/aaturuit-com/,/author/uruit-agile-adoption-team/,auteur,REDIRECT,301 · 1 hop
/author/aaturuit-com/feed/,/rss.xml,feed,REDIRECT,301 · 1 hop
/author/abi-bellgmail-com/,/author/abi-bellamkonda/,auteur,REDIRECT,301 · 1 hop
/author/admin/,/author/michael-mccullough/,auteur,REDIRECT,301 · 1 hop
/author/admin/feed/,/rss.xml,feed,REDIRECT,301 · 1 hop
/author/admin/page/2/,/author/michael-mccullough/,auteur,REDIRECT,301 · 2 hops
/author/admin/page/3/,/author/michael-mccullough/,auteur,REDIRECT,301 · 2 hops
/author/agiledoodgmail-com/,/author/jason-little/,auteur,REDIRECT,301 · 1 hop
/author/agiledoodgmail-com/feed/,/rss.xml,feed,REDIRECT,301 · 1 hop
/author/agileinitiativesgmail-com/,/author/gretchen-knode/,auteur,REDIRECT,301 · 1 hop
/author/agileschoolsgmail-com/,/author/john-miller/,auteur,REDIRECT,301 · 1 hop
/author/agileschoolsgmail-com/feed/,/rss.xml,feed,REDIRECT,301 · 1 hop
/author/agilityteamduo-nl/,/author/duo-agilityteam/,auteur,REDIRECT,301 · 1 hop
/author/agillero/,/author/agillero/,auteur,EXACT,
/author/agiludic/,/author/olaf-bublitz/,auteur,REDIRECT,301 · 1 hop
/author/ahilesblueyonder-co-uk/,/author/andy-hiles/,auteur,REDIRECT,301 · 1 hop
/author/ahilesblueyonder-co-uk/feed/,/rss.xml,feed,REDIRECT,301 · 1 hop
/author/aleem-khan360pmo-com/,/author/aleem-khan/,auteur,REDIRECT,301 · 1 hop
/author/aleem-khan360pmo-com/feed/,/rss.xml,feed,REDIRECT,301 · 1 hop
/author/alexb/,/author/alex-boutin/,auteur,REDIRECT,301 · 1 hop
/author/alexb/feed/,/rss.xml,feed,REDIRECT,301 · 1 hop
/author/alexey-pikulevagiletech-ru/,/author/alexey-pikulev/,auteur,REDIRECT,301 · 1 hop
/author/alexey-pikulevagiletech-ru/feed/,/rss.xml,feed,REDIRECT,301 · 1 hop
/author/alexeykrivitskygmail-com/,/author/alexey-krivitsky/,auteur,REDIRECT,301 · 1 hop
/author/alexeykrivitskygmail-com/feed/,/rss.xml,feed,REDIRECT,301 · 1 hop
/author/amr-noamangmail-com/,/author/amr-noaman/,auteur,REDIRECT,301 · 1 hop
/author/andrewjcharltonhotmail-com/,/author/andrew-charlton/,auteur,REDIRECT,301 · 1 hop
/author/andrewruslinghotmail-com/,/author/andrew-rusling/,auteur,REDIRECT,301 · 1 hop
/author/andrewruslinghotmail-com/feed/,/rss.xml,feed,REDIRECT,301 · 1 hop
/author/anukhendry/,/author/anukhendry/,auteur,EXACT,
/author/artsintersticesgmail-com/,/author/elinor-slomba/,auteur,REDIRECT,301 · 1 hop
/author/artsintersticesgmail-com/feed/,/rss.xml,feed,REDIRECT,301 · 1 hop
/author/attarian-samangmail-com/,/author/saman-attarian/,auteur,REDIRECT,301 · 1 hop
/author/b-scharlauabdn-ac-uk/,/author/b-scharlau-abdn-ac-uk/,auteur,REDIRECT,301 · 1 hop
/author/belindabeingagile-co-uk/,/author/belinda-waldock/,auteur,REDIRECT,301 · 1 hop
/author/bencarey/,/author/ben-carey/,auteur,REDIRECT,301 · 1 hop
/author/bencarey/feed/,/rss.xml,feed,REDIRECT,301 · 1 hop
/author/blakesoulofscrum-com/,/author/blake-mcmillan/,auteur,REDIRECT,301 · 1 hop
/author/brunot-nicolasgmail-com/,/author/nicolas-brunot/,auteur,REDIRECT,301 · 1 hop
/author/brunot-nicolasgmail-com/feed/,/rss.xml,feed,REDIRECT,301 · 1 hop
/author/bryan_foleyatt-net/,/author/bryan-f/,auteur,REDIRECT,301 · 1 hop
/author/bryan_foleyatt-net/feed/,/rss.xml,feed,REDIRECT,301 · 1 hop
/author/carolina-gorositogmail-com/,/author/carolina-gorosito/,auteur,REDIRECT,301 · 1 hop
/author/cesarioagilix-nl/,/author/cesario-ramos/,auteur,REDIRECT,301 · 1 hop
/author/cetidata-pl/,/author/adam-cetnerowski/,auteur,REDIRECT,301 · 1 hop
/author/chrisdeniaud-eu/,/author/chris-deniaud/,auteur,REDIRECT,301 · 1 hop
/author/chrisdeniaud-eu/feed/,/rss.xml,feed,REDIRECT,301 · 1 hop
/author/colleen-esposito/,/author/colleen-esposito/,auteur,EXACT,
/author/craig-browncraigwbrown-net/,,auteur,GONE,auteurarchief zonder posts
/author/craig-browncraigwbrown-net/feed/,/rss.xml,feed,REDIRECT,301 · 1 hop
/author/craigstrongandagile-co-uk/,/author/craig-strong/,auteur,REDIRECT,301 · 1 hop
/author/craigstrongandagile-co-uk/feed/,/rss.xml,feed,REDIRECT,301 · 1 hop
/author/cramtirolf/,/author/marc-florit/,auteur,REDIRECT,301 · 1 hop
/author/d-andre-dhondtgmail-com/,/author/andre-dhondt/,auteur,REDIRECT,301 · 1 hop
/author/d-andre-dhondtgmail-com/feed/,/rss.xml,feed,REDIRECT,301 · 1 hop
/author/daamonpgmail-com/,/author/daamon-parker/,auteur,REDIRECT,301 · 1 hop
/author/danginngmail-com/,/author/dan-ginn/,auteur,REDIRECT,301 · 1 hop
/author/david_kanehouseofyin-com/,/author/david-kane/,auteur,REDIRECT,301 · 1 hop
/author/davidscrumandkanban-co-uk/,/author/david-lowe/,auteur,REDIRECT,301 · 1 hop
/author/ddwebgate-ltd-uk/,/author/derek-davidson/,auteur,REDIRECT,301 · 1 hop
/author/ddwebgate-ltd-uk/feed/,/rss.xml,feed,REDIRECT,301 · 1 hop
/author/debashis2507/,/author/debashis2507/,auteur,EXACT,
/author/debdeborahpreuss-com/,/author/deborah-hartmann-preuss/,auteur,REDIRECT,301 · 1 hop
/author/debdeborahpreuss-com/feed/,/rss.xml,feed,REDIRECT,301 · 1 hop
/author/deepakjsfwltd-co-uk/,/author/deepak-joshi/,auteur,REDIRECT,301 · 1 hop
/author/dennis-somervillegmail-com/,/author/dennis-somerville/,auteur,REDIRECT,301 · 1 hop
/author/dennis-somervillegmail-com/feed/,/rss.xml,feed,REDIRECT,301 · 1 hop
/author/dinamaria/,/author/dinamaria/,auteur,EXACT,
/author/dkoontz/,/author/david-koontz/,auteur,REDIRECT,301 · 1 hop
/author/dkoontz/feed/,/rss.xml,feed,REDIRECT,301 · 1 hop
/author/docanotherthought-com/,/author/doc-list/,auteur,REDIRECT,301 · 1 hop
/author/docanotherthought-com/feed/,/rss.xml,feed,REDIRECT,301 · 1 hop
/author/don/,/author/don-mcgreal/,auteur,REDIRECT,301 · 1 hop
/author/don/feed/,/rss.xml,feed,REDIRECT,301 · 1 hop
/author/don/page/2/,/author/don-mcgreal/,auteur,REDIRECT,301 · 2 hops
/author/doug-husovskygmail-com/,/author/doug-husovsky/,auteur,REDIRECT,301 · 1 hop
/author/dpylayevagmail-com/,/author/dana-pylayeva/,auteur,REDIRECT,301 · 1 hop
/author/dschilli/,/author/dschilli/,auteur,EXACT,
/author/dschilli/feed/,/rss.xml,feed,REDIRECT,301 · 1 hop
/author/edbruingmail-com/,/author/e-bruin/,auteur,REDIRECT,301 · 1 hop
/author/egrove/,/author/ellen-grove/,auteur,REDIRECT,301 · 1 hop
/author/egrove/feed/,/rss.xml,feed,REDIRECT,301 · 1 hop
/author/ellenebgconsulting-com/,/author/ellen-gottesdiener/,auteur,REDIRECT,301 · 1 hop
/author/eloise-pelsergmail-com/,/author/eloise-pelser/,auteur,REDIRECT,301 · 1 hop
/author/eloise-pelsergmail-com/feed/,/rss.xml,feed,REDIRECT,301 · 1 hop
/author/embedded-agility/,/author/embedded-agility/,auteur,EXACT,
/author/emel-siegeloutlook-com/,/author/emel-siegel/,auteur,REDIRECT,301 · 1 hop
/author/erichbuhlerhotmail-com/,/author/erich-buhler/,auteur,REDIRECT,301 · 1 hop
/author/erichbuhlerhotmail-com/feed/,/rss.xml,feed,REDIRECT,301 · 1 hop
/author/erwinkoogh-com/,/author/erwin-van-der-koogh/,auteur,REDIRECT,301 · 1 hop
/author/erwinkoogh-com/feed/,/rss.xml,feed,REDIRECT,301 · 1 hop
/author/eylul-c/,/author/eylul-c/,auteur,EXACT,
/author/fabrice-aimettigmail-com/,/author/fabrice-aimetti/,auteur,REDIRECT,301 · 1 hop
/author/fabrice-aimettigmail-com/feed/,/rss.xml,feed,REDIRECT,301 · 1 hop
/author/fancydevgmail-com/,/author/illya-pavlichenko/,auteur,REDIRECT,301 · 1 hop
/author/fancydevgmail-com/feed/,/rss.xml,feed,REDIRECT,301 · 1 hop
/author/fredrikwendt-se/,/author/fredrik-wendt/,auteur,REDIRECT,301 · 1 hop
/author/gameover/,/author/gameover/,auteur,EXACT,
/author/geoffwatts/,/author/geoff-watts/,auteur,REDIRECT,301 · 1 hop
/author/geoffwatts/feed/,/rss.xml,feed,REDIRECT,301 · 1 hop
/author/geoffwatts/page/2/,/author/geoff-watts/,auteur,REDIRECT,301 · 2 hops
/author/geoffwatts/page/3/,/author/geoff-watts/,auteur,REDIRECT,301 · 2 hops
/author/gregory-alexandregoood-pro/,/author/gregory-alexandre/,auteur,REDIRECT,301 · 1 hop
/author/haritochka2-com/,/author/haralambi-haralambiev/,auteur,REDIRECT,301 · 1 hop
/author/heitor/,/author/heitor-filho/,auteur,REDIRECT,301 · 1 hop
/author/heitor/feed/,/rss.xml,feed,REDIRECT,301 · 1 hop
/author/hgjpennartzyahoo-com/,/author/rik-pennartz/,auteur,REDIRECT,301 · 1 hop
/author/hugo-emondgmail-com/,/author/hugo-emond/,auteur,REDIRECT,301 · 1 hop
/author/hugo-emondgmail-com/feed/,/rss.xml,feed,REDIRECT,301 · 1 hop
/author/infojesusmendez-ca/,/author/jesus-mendez/,auteur,REDIRECT,301 · 1 hop
/author/infojesusmendez-ca/feed/,/rss.xml,feed,REDIRECT,301 · 1 hop
/author/ivo-peksensgmail-com/,/author/ivo-peksens/,auteur,REDIRECT,301 · 1 hop
/author/jaap-dekkingagmail-com/,/author/jaap-dekkinga/,auteur,REDIRECT,301 · 1 hop
/author/jameshurricanefour-com/,/author/james-scrimshire/,auteur,REDIRECT,301 · 1 hop
/author/jameshurricanefour-com/feed/,/rss.xml,feed,REDIRECT,301 · 1 hop
/author/jason-hallcgmail-com/,/author/jason-hall/,auteur,REDIRECT,301 · 1 hop
/author/jason-t-knightgmail-com/,/author/jason-knight/,auteur,REDIRECT,301 · 1 hop
/author/jason-t-knightgmail-com/feed/,/rss.xml,feed,REDIRECT,301 · 1 hop
/author/javamvgmail-com/,/author/slava-moskalenko/,auteur,REDIRECT,301 · 1 hop
/author/jeremy-willetsonbase-com/,/author/jeremy-willets/,auteur,REDIRECT,301 · 1 hop
/author/joerim/,/author/joerim/,auteur,EXACT,
/author/johng/,/author/johng/,auteur,EXACT,
/author/johng/feed/,/rss.xml,feed,REDIRECT,301 · 1 hop
/author/jonathanbitwix-com/,/author/jonathan-clarke/,auteur,REDIRECT,301 · 1 hop
/author/jonathanbitwix-com/feed/,/rss.xml,feed,REDIRECT,301 · 1 hop
/author/jonnorthernshoreconsulting-co-uk/,/author/jon-mcnestrie/,auteur,REDIRECT,301 · 1 hop
/author/jose-manuel-ilinchetagmail-com/,/author/manuel-ilincheta/,auteur,REDIRECT,301 · 1 hop
/author/julio-augustogmail-com/,/author/julio-oliveira/,auteur,REDIRECT,301 · 1 hop
/author/karlscotland/,/author/karl-scotland/,auteur,REDIRECT,301 · 1 hop
/author/karlscotland/feed/,/rss.xml,feed,REDIRECT,301 · 1 hop
/author/kbartlettvistaprint-com/,/author/kimberly-bartlett/,auteur,REDIRECT,301 · 1 hop
/author/kenhoward01gmail-com/,/author/kenhoward01-gmail-com/,auteur,REDIRECT,301 · 1 hop
/author/kfeltu/,/author/kfeltu/,auteur,EXACT,
/author/kingdaddy8gmail-com/,/author/tom-grant/,auteur,REDIRECT,301 · 1 hop
/author/kosciejewgmail-com/,/author/jeff-kosciejew/,auteur,REDIRECT,301 · 1 hop
/author/kosciejewgmail-com/feed/,/rss.xml,feed,REDIRECT,301 · 1 hop
/author/kruse-ralfgooglemail-com/,/author/ralf-kruse/,auteur,REDIRECT,301 · 1 hop
/author/kruse-ralfgooglemail-com/feed/,/rss.xml,feed,REDIRECT,301 · 1 hop
/author/laisanaome/,/author/laisanaome/,auteur,EXACT,
/author/lmadhavigmail-com/,/author/ledalla-madhavi/,auteur,REDIRECT,301 · 1 hop
/author/lthomasburrislogistics-com/,/author/lauren-thomas/,auteur,REDIRECT,301 · 1 hop
/author/lthomasburrislogistics-com/feed/,/rss.xml,feed,REDIRECT,301 · 1 hop
/author/luke-hohmann/,/author/luke-hohmann/,auteur,EXACT,
/author/luke-hohmann/feed/,/rss.xml,feed,REDIRECT,301 · 1 hop
/author/lurena/,/author/lurena/,auteur,EXACT,
/author/lurena/feed/,/rss.xml,feed,REDIRECT,301 · 1 hop
/author/marcin-floryangmail-com/,/author/marcin-floryan/,auteur,REDIRECT,301 · 1 hop
/author/marcin-floryangmail-com/feed/,/rss.xml,feed,REDIRECT,301 · 1 hop
/author/marcin-zmigrodzkioctigo-pl/,/author/marcin-zmigrodzki/,auteur,REDIRECT,301 · 1 hop
/author/mariete-sequeragmail-com/,/author/mariete-sequera-hernandez/,auteur,REDIRECT,301 · 1 hop
/author/mark-reilly/,/author/mark-reilly/,auteur,EXACT,
/author/marketinguruitgmail-com/,/author/martin-mari/,auteur,REDIRECT,301 · 1 hop
/author/markus-wittwerweb-de/,/author/markus-wittwer/,auteur,REDIRECT,301 · 1 hop
/author/markus-wittwerweb-de/feed/,/rss.xml,feed,REDIRECT,301 · 1 hop
/author/martenscljgmail-com/,/author/christo-martens/,auteur,REDIRECT,301 · 1 hop
/author/martenscljgmail-com/feed/,/rss.xml,feed,REDIRECT,301 · 1 hop
/author/matthewrphilipgmail-com/,/author/matt-philip/,auteur,REDIRECT,301 · 1 hop
/author/matthewrphilipgmail-com/feed/,/rss.xml,feed,REDIRECT,301 · 1 hop
/author/matthias-jouangmail-com/,/author/matthias-jouan/,auteur,REDIRECT,301 · 1 hop
/author/matthias-jouangmail-com/feed/,/rss.xml,feed,REDIRECT,301 · 1 hop
/author/mbowlergargoylesoftware-com/,/author/mike-bowler/,auteur,REDIRECT,301 · 1 hop
/author/mbowlergargoylesoftware-com/feed/,/rss.xml,feed,REDIRECT,301 · 1 hop
/author/mburrows/,/author/mike-burrows/,auteur,REDIRECT,301 · 1 hop
/author/mburrows/feed/,/rss.xml,feed,REDIRECT,301 · 1 hop
/author/mcjenkinsgmail-com/,/author/marie-claire-dean/,auteur,REDIRECT,301 · 1 hop
/author/mcjenkinsgmail-com/feed/,/rss.xml,feed,REDIRECT,301 · 1 hop
/author/mertine/,/author/mertine/,auteur,EXACT,
/author/michael-sahota/,/author/michael-sahota/,auteur,EXACT,
/author/michael-sahota/feed/,/rss.xml,feed,REDIRECT,301 · 1 hop
/author/michael-sahota/page/2/,/author/michael-sahota/,auteur,REDIRECT,301 · 1 hop
/author/mike-burnsalumni-qut-edu-au/,/author/mike-burns/,auteur,REDIRECT,301 · 1 hop
/author/mike-mccullough/,/author/mike-mccullough/,auteur,EXACT,
/author/mike-mccullough/feed/,/rss.xml,feed,REDIRECT,301 · 1 hop
/author/mikeleanintuit-com/,/author/mike-leanintuit-com/,auteur,REDIRECT,301 · 1 hop
/author/mikeleanintuit-com/feed/,/rss.xml,feed,REDIRECT,301 · 1 hop
/author/mlevison/,/author/mark-levison/,auteur,REDIRECT,301 · 1 hop
/author/mlevison/feed/,/rss.xml,feed,REDIRECT,301 · 1 hop
/author/mozratgmail-com/,/author/simon-morris/,auteur,REDIRECT,301 · 1 hop
/author/mozratgmail-com/feed/,/rss.xml,feed,REDIRECT,301 · 1 hop
/author/mrcthompson/,/author/mrcthompson/,auteur,EXACT,
/author/mtbadgleygmail-com/,/author/matt-badgley/,auteur,REDIRECT,301 · 1 hop
/author/mtbadgleygmail-com/feed/,/rss.xml,feed,REDIRECT,301 · 1 hop
/author/n_zdunicyahoo-com-au/,/author/nick-zdunic/,auteur,REDIRECT,301 · 1 hop
/author/n_zdunicyahoo-com-au/feed/,/rss.xml,feed,REDIRECT,301 · 1 hop
/author/ntalensgmail-com/,/author/niels-talens/,auteur,REDIRECT,301 · 1 hop
/author/ntalensgmail-com/feed/,/rss.xml,feed,REDIRECT,301 · 1 hop
/author/ntsreejithgmail-com/,/author/sreejith-n-t/,auteur,REDIRECT,301 · 1 hop
/author/nuno_borgeshotmail-com/,/author/nuno-borges/,auteur,REDIRECT,301 · 1 hop
/author/ocbermudezgmail-com/,/author/ocbermudez/,auteur,REDIRECT,301 · 1 hop
/author/ocbermudezgmail-com/feed/,/rss.xml,feed,REDIRECT,301 · 1 hop
/author/olivier-destradefree-fr/,/author/olivier-destrade/,auteur,REDIRECT,301 · 1 hop
/author/olivier-destradefree-fr/feed/,/rss.xml,feed,REDIRECT,301 · 1 hop
/author/paul-osbornpharmacyonesource-com/,/author/paul-osborn/,auteur,REDIRECT,301 · 1 hop
/author/paul-osbornpharmacyonesource-com/feed/,/rss.xml,feed,REDIRECT,301 · 1 hop
/author/paulagilify-co-uk/,/author/paul-goddard/,auteur,REDIRECT,301 · 1 hop
/author/paulagilify-co-uk/feed/,/rss.xml,feed,REDIRECT,301 · 1 hop
/author/paulagilify-co-uk/page/2/,/author/paul-goddard/,auteur,REDIRECT,301 · 2 hops
/author/pauls/,/author/pauls/,auteur,EXACT,
/author/pib-mtgmx-de/,/author/michael-tarnowski/,auteur,REDIRECT,301 · 1 hop
/author/pierreneisgmail-com/,/author/pierre-e-neis/,auteur,REDIRECT,301 · 1 hop
/author/pierreneisgmail-com/feed/,/rss.xml,feed,REDIRECT,301 · 1 hop
/author/pmboosyahoo-com/,/author/paul-boos/,auteur,REDIRECT,301 · 1 hop
/author/pmboosyahoo-com/page/2/,/author/paul-boos/,auteur,REDIRECT,301 · 2 hops
/author/przemek/,/author/przemek/,auteur,EXACT,
/author/rdenisoncaptechconsulting-com/,/author/rob-denison/,auteur,REDIRECT,301 · 1 hop
/author/renee-troughtongmail-com/,/author/renee-troughton/,auteur,REDIRECT,301 · 1 hop
/author/renee-troughtongmail-com/feed/,/rss.xml,feed,REDIRECT,301 · 1 hop
/author/richardkasperowski/,/author/richard-kasperowski/,auteur,REDIRECT,301 · 1 hop
/author/richardkasperowski/feed/,/rss.xml,feed,REDIRECT,301 · 1 hop
/author/rickard-ukgmail-com/,/author/rickard-jones/,auteur,REDIRECT,301 · 1 hop
/author/robert-batusekgmail-com/,/author/robert-batusek/,auteur,REDIRECT,301 · 1 hop
/author/robert-batusekgmail-com/feed/,/rss.xml,feed,REDIRECT,301 · 1 hop
/author/romaintrocheriegmail-com/,/author/romain-trocherie/,auteur,REDIRECT,301 · 1 hop
/author/romaintrocheriegmail-com/feed/,/rss.xml,feed,REDIRECT,301 · 1 hop
/author/rquartelgmail-com/,/author/ron-quartel/,auteur,REDIRECT,301 · 1 hop
/author/sabbaghgmail-com/,/author/rafael-sabbagh/,auteur,REDIRECT,301 · 1 hop
/author/sabbaghgmail-com/feed/,/rss.xml,feed,REDIRECT,301 · 1 hop
/author/samuelnew-bamboo-co-uk/,/author/sam-whiting/,auteur,REDIRECT,301 · 1 hop
/author/schabba/,/author/sunish-chabba/,auteur,REDIRECT,301 · 1 hop
/author/seabreezes1iglide-net/,/author/karen-favazza-spencer-2/,auteur,REDIRECT,301 · 1 hop
/author/seabreezes1iglide-net/feed/,/rss.xml,feed,REDIRECT,301 · 1 hop
/author/seanseantrobinson-co-uk/,/author/sean-robinson/,auteur,REDIRECT,301 · 1 hop
/author/seanseantrobinson-co-uk/feed/,/rss.xml,feed,REDIRECT,301 · 1 hop
/author/sgh-nijenhuisgmail-com/,/author/stefan-nijenhuis/,auteur,REDIRECT,301 · 1 hop
/author/sgh-nijenhuisgmail-com/feed/,/rss.xml,feed,REDIRECT,301 · 1 hop
/author/spenkar/,/author/spenkar/,auteur,EXACT,
/author/stavrossfmi-uni-sofia-bg/,/author/stavros-stavru/,auteur,REDIRECT,301 · 1 hop
/author/stavrossfmi-uni-sofia-bg/feed/,/rss.xml,feed,REDIRECT,301 · 1 hop
/author/stavrossfmi-uni-sofia-bg/page/2/,/author/stavros-stavru/,auteur,REDIRECT,301 · 2 hops
/author/stavrossfmi-uni-sofia-bg/page/3/,/author/stavros-stavru/,auteur,REDIRECT,301 · 2 hops
/author/stephen-mounsey/,/author/stephen-mounsey/,auteur,EXACT,
/author/stephen-mounsey/feed/,/rss.xml,feed,REDIRECT,301 · 1 hop
/author/steverogalsky-ca/,/author/steve-rogalsky/,auteur,REDIRECT,301 · 1 hop
/author/steverogalsky-ca/feed/,/rss.xml,feed,REDIRECT,301 · 1 hop
/author/stiedlmoccasoft-com/,/author/anja-stiedl/,auteur,REDIRECT,301 · 1 hop
/author/stiedlmoccasoft-com/feed/,/rss.xml,feed,REDIRECT,301 · 1 hop
/author/sune-lomholtgmail-com/,/author/sune-lomholt/,auteur,REDIRECT,301 · 1 hop
/author/sune-lomholtgmail-com/feed/,/rss.xml,feed,REDIRECT,301 · 1 hop
/author/tatyanayanush/,/author/tatyana-yanush/,auteur,REDIRECT,301 · 1 hop
/author/tatyanayanush/feed/,/rss.xml,feed,REDIRECT,301 · 1 hop
/author/tctc-dk/,/author/tc-tc-dk/,auteur,REDIRECT,301 · 1 hop
/author/tctc-dk/feed/,/rss.xml,feed,REDIRECT,301 · 1 hop
/author/thomy-kayonline-de/,/author/thomy-kay/,auteur,REDIRECT,301 · 1 hop
/author/thomy-kayonline-de/feed/,/rss.xml,feed,REDIRECT,301 · 1 hop
/author/throttlehogyahoo-com/,/author/jason-hall-2/,auteur,REDIRECT,301 · 1 hop
/author/timothepdotnettastycupcakesgmail-com/,/author/tim-bourguignon/,auteur,REDIRECT,301 · 1 hop
/author/timyevgrashyn/,/author/tim-yevgrashyn/,auteur,REDIRECT,301 · 1 hop
/author/timyevgrashyn/feed/,/rss.xml,feed,REDIRECT,301 · 1 hop
/author/tobysinclair86gmail-com/,/author/tobysinclair86-gmail-com/,auteur,REDIRECT,301 · 1 hop
/author/toddtoddcharron-com/,/author/todd-charron/,auteur,REDIRECT,301 · 1 hop
/author/toddtoddcharron-com/feed/,/rss.xml,feed,REDIRECT,301 · 1 hop
/author/vasan-ramtastycupcakesgmail-com-2/,/author/ram-srinivasan/,auteur,REDIRECT,301 · 1 hop
/author/vasan-ramtastycupcakesgmail-com-2/feed/,/rss.xml,feed,REDIRECT,301 · 1 hop
/author/veit/,/author/veit-richter/,auteur,REDIRECT,301 · 1 hop
/author/vkbandaruyahoo-com/,/author/vijay-bandaru-2/,auteur,REDIRECT,301 · 1 hop
/author/vkbandaruyahoo-com/feed/,/rss.xml,feed,REDIRECT,301 · 1 hop
/author/vzanini5dvision-com/,/author/valerio-zanini/,auteur,REDIRECT,301 · 1 hop
/author/wasitovayahoo-com/,/author/silvana-wasitova/,auteur,REDIRECT,301 · 1 hop
/author/wasitovayahoo-com/feed/,/rss.xml,feed,REDIRECT,301 · 1 hop
/category/agile/,/category/agile/,categorie,EXACT,
/category/agile/feed/,/rss.xml,feed,REDIRECT,301 · 1 hop
/category/agile/page/10/,/category/agile/page/10/,categorie-paginering,EXACT,
/category/agile/page/11/,/category/agile/page/11/,categorie-paginering,EXACT,
/category/agile/page/12/,/category/agile/page/12/,categorie-paginering,EXACT,
/category/agile/page/13/,/category/agile/page/13/,categorie-paginering,EXACT,
/category/agile/page/14/,/category/agile/page/14/,categorie-paginering,EXACT,
/category/agile/page/15/,/category/agile/page/15/,categorie-paginering,EXACT,
/category/agile/page/16/,/category/agile/page/16/,categorie-paginering,EXACT,
/category/agile/page/17/,/category/agile/page/17/,categorie-paginering,EXACT,
/category/agile/page/18/,/category/agile/page/18/,categorie-paginering,EXACT,
/category/agile/page/19/,/category/agile/page/19/,categorie-paginering,EXACT,
/category/agile/page/2/,/category/agile/page/2/,categorie-paginering,EXACT,
/category/agile/page/3/,/category/agile/page/3/,categorie-paginering,EXACT,
/category/agile/page/4/,/category/agile/page/4/,categorie-paginering,EXACT,
/category/agile/page/5/,/category/agile/page/5/,categorie-paginering,EXACT,
/category/agile/page/6/,/category/agile/page/6/,categorie-paginering,EXACT,
/category/agile/page/7/,/category/agile/page/7/,categorie-paginering,EXACT,
/category/agile/page/8/,/category/agile/page/8/,categorie-paginering,EXACT,
/category/agile/page/9/,/category/agile/page/9/,categorie-paginering,EXACT,
/category/commentary/,/category/commentary/,categorie,EXACT,
/category/communication/,/category/communication/,categorie,EXACT,
/category/communication/feed/,/rss.xml,feed,REDIRECT,301 · 1 hop
/category/communication/page/2/,/category/communication/page/2/,categorie-paginering,EXACT,
/category/communication/page/3/,/category/communication/page/3/,categorie-paginering,EXACT,
/category/communication/page/4/,/category/communication/page/4/,categorie-paginering,EXACT,
/category/communication/page/5/,/category/communication/page/5/,categorie-paginering,EXACT,
/category/communication/page/6/,/category/communication/page/6/,categorie-paginering,EXACT,
/category/development/,/category/development/,categorie,EXACT,
/category/development/feed/,/rss.xml,feed,REDIRECT,301 · 1 hop
/category/development/page/2/,/category/development/page/2/,categorie-paginering,EXACT,
/category/development/page/3/,/category/development/page/3/,categorie-paginering,EXACT,
/category/development/page/4/,/category/development/page/4/,categorie-paginering,EXACT,
/category/development/page/5/,/category/development/page/5/,categorie-paginering,EXACT,
/category/development/page/6/,/category/development/page/6/,categorie-paginering,EXACT,
/category/development/page/7/,/category/development/page/7/,categorie-paginering,EXACT,
/category/games/,/category/games/,categorie,EXACT,
/category/games/feed/,/rss.xml,feed,REDIRECT,301 · 1 hop
/category/games/page/10/,/category/games/page/10/,categorie-paginering,EXACT,
/category/games/page/11/,/category/games/page/11/,categorie-paginering,EXACT,
/category/games/page/12/,/category/games/page/12/,categorie-paginering,EXACT,
/category/games/page/13/,/category/games/page/13/,categorie-paginering,EXACT,
/category/games/page/14/,/category/games/page/14/,categorie-paginering,EXACT,
/category/games/page/15/,/category/games/page/15/,categorie-paginering,EXACT,
/category/games/page/16/,/category/games/page/16/,categorie-paginering,EXACT,
/category/games/page/17/,/category/games/page/17/,categorie-paginering,EXACT,
/category/games/page/18/,/category/games/page/18/,categorie-paginering,EXACT,
/category/games/page/19/,/category/games/page/19/,categorie-paginering,EXACT,
/category/games/page/2/,/category/games/page/2/,categorie-paginering,EXACT,
/category/games/page/20/,/category/games/page/20/,categorie-paginering,EXACT,
/category/games/page/21/,/category/games/page/21/,categorie-paginering,EXACT,
/category/games/page/22/,/category/games/page/22/,categorie-paginering,EXACT,
/category/games/page/3/,/category/games/page/3/,categorie-paginering,EXACT,
/category/games/page/4/,/category/games/page/4/,categorie-paginering,EXACT,
/category/games/page/5/,/category/games/page/5/,categorie-paginering,EXACT,
/category/games/page/6/,/category/games/page/6/,categorie-paginering,EXACT,
/category/games/page/7/,/category/games/page/7/,categorie-paginering,EXACT,
/category/games/page/8/,/category/games/page/8/,categorie-paginering,EXACT,
/category/games/page/9/,/category/games/page/9/,categorie-paginering,EXACT,
/category/instructing/,/category/instructing/,categorie,EXACT,
/category/instructing/feed/,/rss.xml,feed,REDIRECT,301 · 1 hop
/category/instructing/page/2/,/category/instructing/page/2/,categorie-paginering,EXACT,
/category/lean/,/category/lean/,categorie,EXACT,
/category/lean/feed/,/rss.xml,feed,REDIRECT,301 · 1 hop
/category/lean/page/2/,/category/lean/page/2/,categorie-paginering,EXACT,
/category/lean/page/3/,/category/lean/page/3/,categorie-paginering,EXACT,
/category/lean/page/4/,/category/lean/page/4/,categorie-paginering,EXACT,
/category/news/,/category/news/,categorie,EXACT,
/category/news/page/2/,/category/news/page/2/,categorie-paginering,EXACT,
/category/product/,/category/product/,categorie,EXACT,
/category/product/feed/,/rss.xml,feed,REDIRECT,301 · 1 hop
/category/product/page/2/,/category/product/page/2/,categorie-paginering,EXACT,
/category/product/page/3/,/category/product/page/3/,categorie-paginering,EXACT,
/category/product/page/4/,/category/product/page/4/,categorie-paginering,EXACT,
/category/product/page/5/,/category/product/page/5/,categorie-paginering,EXACT,
/category/product/page/6/,/category/product/page/6/,categorie-paginering,EXACT,
/category/project-management/,/category/project-management/,categorie,EXACT,
/category/project-management/feed/,/rss.xml,feed,REDIRECT,301 · 1 hop
/category/project-management/page/10/,/category/project-management/page/10/,categorie-paginering,EXACT,
/category/project-management/page/11/,/category/project-management/page/11/,categorie-paginering,EXACT,
/category/project-management/page/2/,/category/project-management/page/2/,categorie-paginering,EXACT,
/category/project-management/page/3/,/category/project-management/page/3/,categorie-paginering,EXACT,
/category/project-management/page/4/,/category/project-management/page/4/,categorie-paginering,EXACT,
/category/project-management/page/5/,/category/project-management/page/5/,categorie-paginering,EXACT,
/category/project-management/page/6/,/category/project-management/page/6/,categorie-paginering,EXACT,
/category/project-management/page/7/,/category/project-management/page/7/,categorie-paginering,EXACT,
/category/project-management/page/8/,/category/project-management/page/8/,categorie-paginering,EXACT,
/category/project-management/page/9/,/category/project-management/page/9/,categorie-paginering,EXACT,
/category/requirements/,/category/requirements/,categorie,EXACT,
/category/requirements/feed/,/rss.xml,feed,REDIRECT,301 · 1 hop
/category/requirements/page/2/,/category/requirements/page/2/,categorie-paginering,EXACT,
/category/requirements/page/3/,/category/requirements/page/3/,categorie-paginering,EXACT,
/category/requirements/page/4/,/category/requirements/page/4/,categorie-paginering,EXACT,
/category/requirements/page/5/,/category/requirements/page/5/,categorie-paginering,EXACT,
/category/team-dynamics/,/category/team-dynamics/,categorie,EXACT,
/category/team-dynamics/feed/,/rss.xml,feed,REDIRECT,301 · 1 hop
/category/team-dynamics/page/10/,/category/team-dynamics/page/10/,categorie-paginering,EXACT,
/category/team-dynamics/page/11/,/category/team-dynamics/page/11/,categorie-paginering,EXACT,
/category/team-dynamics/page/12/,/category/team-dynamics/page/12/,categorie-paginering,EXACT,
/category/team-dynamics/page/2/,/category/team-dynamics/page/2/,categorie-paginering,EXACT,
/category/team-dynamics/page/3/,/category/team-dynamics/page/3/,categorie-paginering,EXACT,
/category/team-dynamics/page/4/,/category/team-dynamics/page/4/,categorie-paginering,EXACT,
/category/team-dynamics/page/5/,/category/team-dynamics/page/5/,categorie-paginering,EXACT,
/category/team-dynamics/page/6/,/category/team-dynamics/page/6/,categorie-paginering,EXACT,
/category/team-dynamics/page/7/,/category/team-dynamics/page/7/,categorie-paginering,EXACT,
/category/team-dynamics/page/9/,/category/team-dynamics/page/9/,categorie-paginering,EXACT,
/category/uncategorized/,/category/uncategorized/,categorie,EXACT,
/category/uncategorized/feed/,/rss.xml,feed,REDIRECT,301 · 1 hop
/comments/feed.html,/rss.xml,feed,REDIRECT,301 · 1 hop
/comments/feed/,/rss.xml,feed,REDIRECT,301 · 1 hop
/es/,/,vertaald:homepage,REDIRECT,301 · 1 hop
/es/2009/06/60-paces/,/es/2009/06/60-paces/,vertaald:artikel,EXACT,
/es/2009/06/60-paces/comment-page-1/,/es/2009/06/60-paces/,vertaald:reactiepagina,REDIRECT,301 · 1 hop
/es/2009/06/60-paces/feed/,/es/2009/06/60-paces/,vertaald:feed,REDIRECT,301 · 1 hop
/es/2009/06/99-test-balloons/,/2009/06/99-test-balloons/,vertaald:artikel,REDIRECT,301 · 1 hop
/es/2009/06/99-test-balloons/feed/,/2009/06/99-test-balloons/,vertaald:feed,REDIRECT,301 · 1 hop
/es/2009/06/alaskan-road-trip/,/es/2009/06/alaskan-road-trip/,vertaald:artikel,EXACT,
/es/2009/06/alaskan-road-trip/feed/,/es/2009/06/alaskan-road-trip/,vertaald:feed,REDIRECT,301 · 1 hop
/es/2009/06/alphabet-game/,/2009/06/alphabet-game/,vertaald:artikel,REDIRECT,301 · 1 hop
/es/2009/06/alphabet-game/feed/,/2009/06/alphabet-game/,vertaald:feed,REDIRECT,301 · 1 hop
/es/2009/06/coin-sorting/,/es/2009/06/coin-sorting/,vertaald:artikel,EXACT,
/es/2009/06/coin-sorting/feed/,/es/2009/06/coin-sorting/,vertaald:feed,REDIRECT,301 · 1 hop
/es/2009/06/collaborative-origami/,/es/2009/06/collaborative-origami/,vertaald:artikel,EXACT,
/es/2009/06/collaborative-origami/feed/,/es/2009/06/collaborative-origami/,vertaald:feed,REDIRECT,301 · 1 hop
/es/2009/06/doggy-planning/,/es/2009/06/doggy-planning/,vertaald:artikel,EXACT,
/es/2009/06/football-scrum/,/es/2009/06/football-scrum/,vertaald:artikel,EXACT,
/es/2009/06/football-scrum/feed/,/es/2009/06/football-scrum/,vertaald:feed,REDIRECT,301 · 1 hop
/es/2009/06/location-location-location/,/2009/06/location-location-location/,vertaald:artikel,REDIRECT,301 · 1 hop
/es/2009/06/location-location-location/feed/,/2009/06/location-location-location/,vertaald:feed,REDIRECT,301 · 1 hop
/es/2009/06/mr-happy-face/,/2009/06/mr-happy-face/,vertaald:artikel,REDIRECT,301 · 1 hop
/es/2009/06/mr-happy-face/feed/,/2009/06/mr-happy-face/,vertaald:feed,REDIRECT,301 · 1 hop
/es/2009/06/no-one-listens-to-me/,/es/2009/06/no-one-listens-to-me/,vertaald:artikel,EXACT,
/es/2009/06/no-one-listens-to-me/feed/,/es/2009/06/no-one-listens-to-me/,vertaald:feed,REDIRECT,301 · 1 hop
/es/2009/06/pair-programming-game/,/es/2009/06/pair-programming-game/,vertaald:artikel,EXACT,
/es/2009/06/pair-programming-game/feed/,/es/2009/06/pair-programming-game/,vertaald:feed,REDIRECT,301 · 1 hop
/es/2009/06/picture-me/,/2009/06/picture-me/,vertaald:artikel,REDIRECT,301 · 1 hop
/es/2009/06/picture-me/feed/,/2009/06/picture-me/,vertaald:feed,REDIRECT,301 · 1 hop
/es/2009/06/planning-poker/,/2009/06/planning-poker/,vertaald:artikel,REDIRECT,301 · 1 hop
/es/2009/06/planning-poker/feed/,/2009/06/planning-poker/,vertaald:feed,REDIRECT,301 · 1 hop
/es/2009/06/presto-manifesto/,/es/2009/06/presto-manifesto/,vertaald:artikel,EXACT,
/es/2009/06/presto-manifesto/feed/,/es/2009/06/presto-manifesto/,vertaald:feed,REDIRECT,301 · 1 hop
/es/2009/06/process-doodle/,/es/2009/06/process-doodle/,vertaald:artikel,EXACT,
/es/2009/06/process-doodle/feed/,/es/2009/06/process-doodle/,vertaald:feed,REDIRECT,301 · 1 hop
/es/2009/06/question-game/,/es/2009/06/question-game/,vertaald:artikel,EXACT,
/es/2009/06/question-game/feed/,/es/2009/06/question-game/,vertaald:feed,REDIRECT,301 · 1 hop
/es/2009/06/rate-games-at-blog-tastycupcakes-com/,/2009/06/rate-games-at-blog-tastycupcakes-com/,vertaald:artikel,REDIRECT,301 · 1 hop
/es/2009/06/rate-games-at-blog-tastycupcakes-com/feed/,/2009/06/rate-games-at-blog-tastycupcakes-com/,vertaald:feed,REDIRECT,301 · 1 hop
/es/2009/06/resort-brochure/,/es/2009/06/resort-brochure/,vertaald:artikel,EXACT,
/es/2009/06/resort-brochure/feed/,/es/2009/06/resort-brochure/,vertaald:feed,REDIRECT,301 · 1 hop
/es/2009/06/submit-your-game/,/2009/06/submit-your-game/,vertaald:artikel,REDIRECT,301 · 1 hop
/es/2009/06/submit-your-game/feed/,/2009/06/submit-your-game/,vertaald:feed,REDIRECT,301 · 1 hop
/es/2009/06/tangled-mess/,/2009/06/tangled-mess/,vertaald:artikel,REDIRECT,301 · 1 hop
/es/2009/06/tangled-mess/feed/,/2009/06/tangled-mess/,vertaald:feed,REDIRECT,301 · 1 hop
/es/2009/06/telephone-game/,/2009/06/telephone-game/,vertaald:artikel,REDIRECT,301 · 1 hop
/es/2009/06/telephone-game/comment-page-1/,/2009/06/telephone-game/,vertaald:reactiepagina,REDIRECT,301 · 1 hop
/es/2009/06/telephone-game/feed/,/2009/06/telephone-game/,vertaald:feed,REDIRECT,301 · 1 hop
/es/2009/06/the-story-of-our-sprints/,/es/2009/06/the-story-of-our-sprints/,vertaald:artikel,EXACT,
/es/2009/06/the-story-of-our-sprints/feed/,/es/2009/06/the-story-of-our-sprints/,vertaald:feed,REDIRECT,301 · 1 hop
/es/2009/06/the-train-game/,/es/2009/06/the-train-game/,vertaald:artikel,EXACT,
/es/2009/06/the-train-game/feed/,/es/2009/06/the-train-game/,vertaald:feed,REDIRECT,301 · 1 hop
/es/2009/06/theory-of-constraints-dice-game/,/es/2009/06/theory-of-constraints-dice-game/,vertaald:artikel,EXACT,
/es/2009/06/were-having-a-party/,/es/2009/06/were-having-a-party/,vertaald:artikel,EXACT,
/es/2009/06/were-having-a-party/feed/,/es/2009/06/were-having-a-party/,vertaald:feed,REDIRECT,301 · 1 hop
/es/2009/06/what-were-they-thinking/,/es/2009/06/what-were-they-thinking/,vertaald:artikel,EXACT,
/es/2009/06/why-agile-games/,/2009/06/why-agile-games/,vertaald:artikel,REDIRECT,301 · 1 hop
/es/2009/06/why-agile-games/feed/,/2009/06/why-agile-games/,vertaald:feed,REDIRECT,301 · 1 hop
/es/2009/06/you-are-not-in-control/,/es/2009/06/you-are-not-in-control/,vertaald:artikel,EXACT,
/es/2009/06/you-are-not-in-control/feed/,/es/2009/06/you-are-not-in-control/,vertaald:feed,REDIRECT,301 · 1 hop
/es/2009/07/people-polling/,/es/2009/07/people-polling/,vertaald:artikel,EXACT,
/es/2009/07/people-polling/feed/,/es/2009/07/people-polling/,vertaald:feed,REDIRECT,301 · 1 hop
/es/2009/07/the-problem-with-principles/,/es/2009/07/the-problem-with-principles/,vertaald:artikel,EXACT,
/es/2009/07/the-problem-with-principles/feed/,/es/2009/07/the-problem-with-principles/,vertaald:feed,REDIRECT,301 · 1 hop
/es/2009/08/example-please/,/es/2009/08/example-please/,vertaald:artikel,EXACT,
/es/2009/08/example-please/feed/,/es/2009/08/example-please/,vertaald:feed,REDIRECT,301 · 1 hop
/es/2009/09/sizing-game/,/2009/09/sizing-game/,vertaald:artikel,REDIRECT,301 · 1 hop
/es/2009/09/sizing-game/feed/,/2009/09/sizing-game/,vertaald:feed,REDIRECT,301 · 1 hop
/es/2009/10/about/michael-mccullough/,,vertaald:attachment,GONE,attachmentpagina zonder bestaande post
/es/2009/10/map-flap/,/2009/10/map-flap/,vertaald:artikel,REDIRECT,301 · 1 hop
/es/2009/10/map-flap/feed/,/2009/10/map-flap/,vertaald:feed,REDIRECT,301 · 1 hop
/es/2009/11/tastycupcakes-published-in-agile-journal/,/2009/11/tastycupcakes-published-in-agile-journal/,vertaald:artikel,REDIRECT,301 · 1 hop
/es/2009/11/tastycupcakes-published-in-agile-journal/feed/,/2009/11/tastycupcakes-published-in-agile-journal/,vertaald:feed,REDIRECT,301 · 1 hop
/es/2009/12/tastycupcakes-agile-games-podcast-with-improving-enterprises/,/2009/12/tastycupcakes-agile-games-podcast-with-improving-enterprises/,vertaald:artikel,REDIRECT,301 · 1 hop
/es/2010/01/pocket-sized-principles/,/es/2010/01/pocket-sized-principles/,vertaald:artikel,EXACT,
/es/2010/01/pocket-sized-principles/comment-page-1/,/es/2010/01/pocket-sized-principles/,vertaald:reactiepagina,REDIRECT,301 · 1 hop
/es/2010/01/pocket-sized-principles/feed/,/es/2010/01/pocket-sized-principles/,vertaald:feed,REDIRECT,301 · 1 hop
/es/2010/03/deep-agile-2010-empowering-teams-with-agile-games/,/2010/03/deep-agile-2010-empowering-teams-with-agile-games/,vertaald:artikel,REDIRECT,301 · 1 hop
/es/2010/03/deep-agile-2010-empowering-teams-with-agile-games/feed/,/2010/03/deep-agile-2010-empowering-teams-with-agile-games/,vertaald:feed,REDIRECT,301 · 1 hop
/es/2010/05/about/michael-mccullough/,,vertaald:attachment,GONE,attachmentpagina zonder bestaande post
/es/2010/05/first-agile-games-conference-at-deepagile/,/2010/05/first-agile-games-conference-at-deepagile/,vertaald:artikel,REDIRECT,301 · 1 hop
/es/2010/05/first-agile-games-conference-at-deepagile/feed/,/2010/05/first-agile-games-conference-at-deepagile/,vertaald:feed,REDIRECT,301 · 1 hop
/es/2010/07/the-backlog-is-in-the-eye-of-the-beholder/,/es/2010/07/the-backlog-is-in-the-eye-of-the-beholder/,vertaald:artikel,EXACT,
/es/2010/07/the-backlog-is-in-the-eye-of-the-beholder/feed/,/es/2010/07/the-backlog-is-in-the-eye-of-the-beholder/,vertaald:feed,REDIRECT,301 · 1 hop
/es/2010/10/agile-games-conference-2011/,/2010/10/agile-games-conference-2011/,vertaald:artikel,REDIRECT,301 · 1 hop
/es/2010/10/agile-games-conference-2011/feed/,/2010/10/agile-games-conference-2011/,vertaald:feed,REDIRECT,301 · 1 hop
/es/2010/11/marshmallow-challenge/,/2010/11/marshmallow-challenge/,vertaald:artikel,REDIRECT,301 · 1 hop
/es/2010/11/marshmallow-challenge/feed/,/2010/11/marshmallow-challenge/,vertaald:feed,REDIRECT,301 · 1 hop
/es/2011/01/agile-games-2011-conference-super-early-bird-pricing-until-january-24-2011/,/2011/01/agile-games-2011-conference-super-early-bird-pricing-until-january-24-2011/,vertaald:artikel,REDIRECT,301 · 1 hop
/es/2011/01/agile-games-2011-conference-super-early-bird-pricing-until-january-24-2011/feed/,/2011/01/agile-games-2011-conference-super-early-bird-pricing-until-january-24-2011/,vertaald:feed,REDIRECT,301 · 1 hop
/es/2011/01/new-for-2011-tastycupcakes-updated-and-expanded-vision/,/2011/01/new-for-2011-tastycupcakes-updated-and-expanded-vision/,vertaald:artikel,REDIRECT,301 · 1 hop
/es/2011/01/new-for-2011-tastycupcakes-updated-and-expanded-vision/feed/,/2011/01/new-for-2011-tastycupcakes-updated-and-expanded-vision/,vertaald:feed,REDIRECT,301 · 1 hop
/es/2011/01/your-turn-to-play-get-involved-with-tasty-cupcakes/,/2011/01/your-turn-to-play-get-involved-with-tasty-cupcakes/,vertaald:artikel,REDIRECT,301 · 1 hop
/es/2011/01/your-turn-to-play-get-involved-with-tasty-cupcakes/feed/,/2011/01/your-turn-to-play-get-involved-with-tasty-cupcakes/,vertaald:feed,REDIRECT,301 · 1 hop
/es/2011/02/agile-games-2011-early-bird-prices-end-feb-28th/,/2011/02/agile-games-2011-early-bird-prices-end-feb-28th/,vertaald:artikel,REDIRECT,301 · 1 hop
/es/2011/02/agile-games-2011-early-bird-prices-end-feb-28th/feed/,/2011/02/agile-games-2011-early-bird-prices-end-feb-28th/,vertaald:feed,REDIRECT,301 · 1 hop
/es/2011/02/tasty-cupcakes-now-in-three-languages/,/2011/02/tasty-cupcakes-now-in-three-languages/,vertaald:artikel,REDIRECT,301 · 1 hop
/es/2011/02/tasty-cupcakes-now-in-three-languages/feed/,/2011/02/tasty-cupcakes-now-in-three-languages/,vertaald:feed,REDIRECT,301 · 1 hop
/es/2011/03/bang-for-the-buck-prioritization/,/2011/03/bang-for-the-buck-prioritization/,vertaald:artikel,REDIRECT,301 · 1 hop
/es/2011/03/bang-for-the-buck-prioritization/feed/,/2011/03/bang-for-the-buck-prioritization/,vertaald:feed,REDIRECT,301 · 1 hop
/es/2011/04/coaching-skills-dojo/,/2011/04/coaching-skills-dojo/,vertaald:artikel,REDIRECT,301 · 1 hop
/es/2011/04/coaching-skills-dojo/feed/,/2011/04/coaching-skills-dojo/,vertaald:feed,REDIRECT,301 · 1 hop
/es/2011/04/dont-blow-it/,/2011/04/dont-blow-it/,vertaald:artikel,REDIRECT,301 · 1 hop
/es/2011/04/dont-blow-it/feed/,/2011/04/dont-blow-it/,vertaald:feed,REDIRECT,301 · 1 hop
/es/2011/04/non-musical-chairs/,/2011/04/non-musical-chairs/,vertaald:artikel,REDIRECT,301 · 1 hop
/es/2011/04/non-musical-chairs/comment-page-1/,/2011/04/non-musical-chairs/,vertaald:reactiepagina,REDIRECT,301 · 1 hop
/es/2011/04/non-musical-chairs/feed/,/2011/04/non-musical-chairs/,vertaald:feed,REDIRECT,301 · 1 hop
/es/2011/04/pair-chess-exercise/,/2011/04/pair-chess-exercise/,vertaald:artikel,REDIRECT,301 · 1 hop
/es/2011/04/pair-chess-exercise/feed/,/2011/04/pair-chess-exercise/,vertaald:feed,REDIRECT,301 · 1 hop
/es/2011/04/redesign-the-gift-giving-experience/,/2011/04/redesign-the-gift-giving-experience/,vertaald:artikel,REDIRECT,301 · 1 hop
/es/2011/04/redesign-the-gift-giving-experience/feed/,/2011/04/redesign-the-gift-giving-experience/,vertaald:feed,REDIRECT,301 · 1 hop
/es/2011/04/sustaining-agility/,/2011/04/sustaining-agility/,vertaald:artikel,REDIRECT,301 · 1 hop
/es/2011/04/sustaining-agility/feed/,/2011/04/sustaining-agility/,vertaald:feed,REDIRECT,301 · 1 hop
/es/2011/04/tastycupcakes-community-update/,/2011/04/tastycupcakes-community-update/,vertaald:artikel,REDIRECT,301 · 1 hop
/es/2011/04/tastycupcakes-community-update/feed/,/2011/04/tastycupcakes-community-update/,vertaald:feed,REDIRECT,301 · 1 hop
/es/2011/05/screencast-four-ways-to-search-for-games-on-tastycupcakes/,/2011/05/screencast-four-ways-to-search-for-games-on-tastycupcakes/,vertaald:artikel,REDIRECT,301 · 1 hop
/es/2011/05/screencast-four-ways-to-search-for-games-on-tastycupcakes/feed/,/2011/05/screencast-four-ways-to-search-for-games-on-tastycupcakes/,vertaald:feed,REDIRECT,301 · 1 hop
/es/2011/05/we-played-innovationgames-to-plan-tastycupcakes-org/,/2011/05/we-played-innovationgames-to-plan-tastycupcakes-org/,vertaald:artikel,REDIRECT,301 · 1 hop
/es/2011/05/we-played-innovationgames-to-plan-tastycupcakes-org/feed/,/2011/05/we-played-innovationgames-to-plan-tastycupcakes-org/,vertaald:feed,REDIRECT,301 · 1 hop
/es/2011/05/we-played-innovationgames-to-plan-tastycupcakes-org/tastygames-printme/,/2011/05/we-played-innovationgames-to-plan-tastycupcakes-org/,vertaald:attachment,REDIRECT,301 · 1 hop
/es/2011/05/we-played-innovationgames-to-plan-tastycupcakes-org/tastygames-printme/feed/,/2011/05/we-played-innovationgames-to-plan-tastycupcakes-org/,vertaald:feed,REDIRECT,301 · 1 hop
/es/2011/06/cover-story-2/,/2011/06/cover-story-2/,vertaald:artikel,REDIRECT,301 · 1 hop
/es/2011/06/cover-story-2/feed/,/2011/06/cover-story-2/,vertaald:feed,REDIRECT,301 · 1 hop
/es/2011/06/empathy-map/,/2011/06/empathy-map/,vertaald:artikel,REDIRECT,301 · 1 hop
/es/2011/06/empathy-map/feed/,/2011/06/empathy-map/,vertaald:feed,REDIRECT,301 · 1 hop
/es/2011/06/online-plusdelta-game/,/2011/06/online-plusdelta-game/,vertaald:artikel,REDIRECT,301 · 1 hop
/es/2011/06/online-plusdelta-game/feed/,/2011/06/online-plusdelta-game/,vertaald:feed,REDIRECT,301 · 1 hop
/es/2011/06/prune-the-product-tree/,/2011/06/prune-the-product-tree/,vertaald:artikel,REDIRECT,301 · 1 hop
/es/2011/06/prune-the-product-tree/feed/,/2011/06/prune-the-product-tree/,vertaald:feed,REDIRECT,301 · 1 hop
/es/2011/06/rock-paper-scissors-happiness/,/2011/06/rock-paper-scissors-happiness/,vertaald:artikel,REDIRECT,301 · 1 hop
/es/2011/06/rock-paper-scissors-happiness/feed/,/2011/06/rock-paper-scissors-happiness/,vertaald:feed,REDIRECT,301 · 1 hop
/es/2011/06/speed-boat/,/2011/06/speed-boat/,vertaald:artikel,REDIRECT,301 · 1 hop
/es/2011/06/speed-boat/feed/,/2011/06/speed-boat/,vertaald:feed,REDIRECT,301 · 1 hop
/es/2011/06/the-whole-product-game/,/2011/06/the-whole-product-game/,vertaald:artikel,REDIRECT,301 · 1 hop
/es/2011/06/the-whole-product-game/feed/,/2011/06/the-whole-product-game/,vertaald:feed,REDIRECT,301 · 1 hop
/es/2011/07/actions-for-retrospectives-2/,/2011/07/actions-for-retrospectives-2/,vertaald:artikel,REDIRECT,301 · 1 hop
/es/2011/07/actions-for-retrospectives-2/feed/,/2011/07/actions-for-retrospectives-2/,vertaald:feed,REDIRECT,301 · 1 hop
/es/2011/07/agile-airplanes/,/2011/07/agile-airplanes/,vertaald:artikel,REDIRECT,301 · 1 hop
/es/2011/07/agile-airplanes/agile_airplane/,/2011/07/agile-airplanes/,vertaald:attachment,REDIRECT,301 · 1 hop
/es/2011/07/agile-airplanes/agile_airplane/feed/,/2011/07/agile-airplanes/,vertaald:feed,REDIRECT,301 · 1 hop
/es/2011/07/agile-airplanes/comment-page-1/,/2011/07/agile-airplanes/,vertaald:reactiepagina,REDIRECT,301 · 1 hop
/es/2011/07/agile-airplanes/feed/,/2011/07/agile-airplanes/,vertaald:feed,REDIRECT,301 · 1 hop
/es/2011/07/agile-game-incubator-agile-games-2011/,/2011/07/agile-game-incubator-agile-games-2011/,vertaald:artikel,REDIRECT,301 · 1 hop
/es/2011/07/agile-game-incubator-agile-games-2011/feed/,/2011/07/agile-game-incubator-agile-games-2011/,vertaald:feed,REDIRECT,301 · 1 hop
/es/2011/07/agile-game-incubator-online/,/2011/07/agile-game-incubator-online/,vertaald:artikel,REDIRECT,301 · 1 hop
/es/2011/07/agile-game-incubator-online/feed/,/2011/07/agile-game-incubator-online/,vertaald:feed,REDIRECT,301 · 1 hop
/es/2011/07/dodontisisnt/,/2011/07/dodontisisnt/,vertaald:artikel,REDIRECT,301 · 1 hop
/es/2011/07/dodontisisnt/dodontisisnt/,/2011/07/dodontisisnt/,vertaald:attachment,REDIRECT,301 · 1 hop
/es/2011/07/dodontisisnt/dodontisisnt/feed/,/2011/07/dodontisisnt/,vertaald:feed,REDIRECT,301 · 1 hop
/es/2011/07/dodontisisnt/feed/,/2011/07/dodontisisnt/,vertaald:feed,REDIRECT,301 · 1 hop
/es/2011/07/how-now-wow-matrix/,/2011/07/how-now-wow-matrix/,vertaald:artikel,REDIRECT,301 · 1 hop
/es/2011/07/how-now-wow-matrix/feed/,/2011/07/how-now-wow-matrix/,vertaald:feed,REDIRECT,301 · 1 hop
/es/2011/07/impact-effort-matrix/,/2011/07/impact-effort-matrix/,vertaald:artikel,REDIRECT,301 · 1 hop
/es/2011/07/impact-effort-matrix/feed/,/2011/07/impact-effort-matrix/,vertaald:feed,REDIRECT,301 · 1 hop
/es/2011/07/proscons-game/,/2011/07/proscons-game/,vertaald:artikel,REDIRECT,301 · 1 hop
/es/2011/07/proscons-game/feed/,/2011/07/proscons-game/,vertaald:feed,REDIRECT,301 · 1 hop
/es/2011/07/swot-analysis-game/,/2011/07/swot-analysis-game/,vertaald:artikel,REDIRECT,301 · 1 hop
/es/2011/07/swot-analysis-game/feed/,/2011/07/swot-analysis-game/,vertaald:feed,REDIRECT,301 · 1 hop
/es/2011/07/the-big-payoff/,/2011/07/the-big-payoff/,vertaald:artikel,REDIRECT,301 · 1 hop
/es/2011/07/the-big-payoff/feed/,/2011/07/the-big-payoff/,vertaald:feed,REDIRECT,301 · 1 hop
/es/2011/08/circles-and-soup/,/2011/08/circles-and-soup/,vertaald:artikel,REDIRECT,301 · 1 hop
/es/2011/08/circles-and-soup/comment-page-1/,/2011/08/circles-and-soup/,vertaald:reactiepagina,REDIRECT,301 · 1 hop
/es/2011/08/circles-and-soup/feed/,/2011/08/circles-and-soup/,vertaald:feed,REDIRECT,301 · 1 hop
/es/2011/08/learning-matrix/,/2011/08/learning-matrix/,vertaald:artikel,REDIRECT,301 · 1 hop
/es/2011/08/learning-matrix/feed/,/2011/08/learning-matrix/,vertaald:feed,REDIRECT,301 · 1 hop
/es/2011/08/merrill-covey-matrix/,/2011/08/merrill-covey-matrix/,vertaald:artikel,REDIRECT,301 · 1 hop
/es/2011/08/merrill-covey-matrix/feed/,/2011/08/merrill-covey-matrix/,vertaald:feed,REDIRECT,301 · 1 hop
/es/2011/08/zhong-zhi-a-one-handed-agile-game-for-illustrating-problems-and-finding-solutions/,/2011/08/zhong-zhi-a-one-handed-agile-game-for-illustrating-problems-and-finding-solutions/,vertaald:artikel,REDIRECT,301 · 1 hop
/es/2011/08/zhong-zhi-a-one-handed-agile-game-for-illustrating-problems-and-finding-solutions/feed/,/2011/08/zhong-zhi-a-one-handed-agile-game-for-illustrating-problems-and-finding-solutions/,vertaald:feed,REDIRECT,301 · 1 hop
/es/2011/10/continuous-integration-with-lego/,/2011/10/continuous-integration-with-lego/,vertaald:artikel,REDIRECT,301 · 1 hop
/es/2011/10/continuous-integration-with-lego/comment-page-1/,/2011/10/continuous-integration-with-lego/,vertaald:reactiepagina,REDIRECT,301 · 1 hop
/es/2011/10/continuous-integration-with-lego/feed/,/2011/10/continuous-integration-with-lego/,vertaald:feed,REDIRECT,301 · 1 hop
/es/2011/10/continuous-integration-with-lego/finished-cube-real-1/,/2011/10/continuous-integration-with-lego/,vertaald:attachment,REDIRECT,301 · 1 hop
/es/2011/10/continuous-integration-with-lego/finished-cube-real-1/feed/,/2011/10/continuous-integration-with-lego/,vertaald:feed,REDIRECT,301 · 1 hop
/es/2011/10/continuous-integration-with-lego/finished-cube-real-2/,/2011/10/continuous-integration-with-lego/,vertaald:attachment,REDIRECT,301 · 1 hop
/es/2011/10/continuous-integration-with-lego/finished-cube-real-2/feed/,/2011/10/continuous-integration-with-lego/,vertaald:feed,REDIRECT,301 · 1 hop
/es/2011/10/continuous-integration-with-lego/finished-cube-real-3/,/2011/10/continuous-integration-with-lego/,vertaald:attachment,REDIRECT,301 · 1 hop
/es/2011/10/continuous-integration-with-lego/finished-cube-real-3/feed/,/2011/10/continuous-integration-with-lego/,vertaald:feed,REDIRECT,301 · 1 hop
/es/2011/10/continuous-integration-with-lego/finished-cube-real-4/,/2011/10/continuous-integration-with-lego/,vertaald:attachment,REDIRECT,301 · 1 hop
/es/2011/10/continuous-integration-with-lego/finished-cube-real-4/feed/,/2011/10/continuous-integration-with-lego/,vertaald:feed,REDIRECT,301 · 1 hop
/es/2011/10/mitch-lacey-team-prioritization/,/2011/10/mitch-lacey-team-prioritization/,vertaald:artikel,REDIRECT,301 · 1 hop
/es/2011/10/mitch-lacey-team-prioritization/feed/,/2011/10/mitch-lacey-team-prioritization/,vertaald:feed,REDIRECT,301 · 1 hop
/es/2011/10/pairing-for-non-programmers/,/2011/10/pairing-for-non-programmers/,vertaald:artikel,REDIRECT,301 · 1 hop
/es/2011/10/pairing-for-non-programmers/comment-page-1/,/2011/10/pairing-for-non-programmers/,vertaald:reactiepagina,REDIRECT,301 · 1 hop
/es/2011/10/pairing-for-non-programmers/feed/,/2011/10/pairing-for-non-programmers/,vertaald:feed,REDIRECT,301 · 1 hop
/es/2011/11/human-knot/,/2011/11/human-knot/,vertaald:artikel,REDIRECT,301 · 1 hop
/es/2011/11/human-knot/feed/,/2011/11/human-knot/,vertaald:feed,REDIRECT,301 · 1 hop
/es/2011/12/circles-of-influence/,/2011/12/circles-of-influence/,vertaald:artikel,REDIRECT,301 · 1 hop
/es/2011/12/circles-of-influence/feed/,/2011/12/circles-of-influence/,vertaald:feed,REDIRECT,301 · 1 hop
/es/2011/12/values-driven-retrospective-game/,/2011/12/values-driven-retrospective-game/,vertaald:artikel,REDIRECT,301 · 1 hop
/es/2011/12/values-driven-retrospective-game/feed/,/2011/12/values-driven-retrospective-game/,vertaald:feed,REDIRECT,301 · 1 hop
/es/2012/01/agile-games-2012-call-for-games/,/2012/01/agile-games-2012-call-for-games/,vertaald:artikel,REDIRECT,301 · 1 hop
/es/2012/01/agile-games-2012-call-for-games/feed/,/2012/01/agile-games-2012-call-for-games/,vertaald:feed,REDIRECT,301 · 1 hop
/es/2012/02/is-it-ragu-or-bolognese/,/2012/02/is-it-ragu-or-bolognese/,vertaald:artikel,REDIRECT,301 · 1 hop
/es/2012/02/is-it-ragu-or-bolognese/feed/,/2012/02/is-it-ragu-or-bolognese/,vertaald:feed,REDIRECT,301 · 1 hop
/es/2012/02/multitasking-game-handsnumberssong/,/2012/02/multitasking-game-handsnumberssong/,vertaald:artikel,REDIRECT,301 · 1 hop
/es/2012/02/multitasking-game-handsnumberssong/feed/,/2012/02/multitasking-game-handsnumberssong/,vertaald:feed,REDIRECT,301 · 1 hop
/es/2012/02/nobodys-perfct/,/2012/02/nobodys-perfct/,vertaald:artikel,REDIRECT,301 · 1 hop
/es/2012/02/nobodys-perfct/feed/,/2012/02/nobodys-perfct/,vertaald:feed,REDIRECT,301 · 1 hop
/es/2012/02/you-sunk-my-methodology/,/2012/02/you-sunk-my-methodology/,vertaald:artikel,REDIRECT,301 · 1 hop
/es/2012/02/you-sunk-my-methodology/feed/,/2012/02/you-sunk-my-methodology/,vertaald:feed,REDIRECT,301 · 1 hop
/es/2012/03/fearless-journey-the-game-that-gets-your-team-unstuck/,/2012/03/fearless-journey-the-game-that-gets-your-team-unstuck/,vertaald:artikel,REDIRECT,301 · 1 hop
/es/2012/03/fearless-journey-the-game-that-gets-your-team-unstuck/feed/,/2012/03/fearless-journey-the-game-that-gets-your-team-unstuck/,vertaald:feed,REDIRECT,301 · 1 hop
/es/2012/03/job-or-joy/,/2012/03/job-or-joy/,vertaald:artikel,REDIRECT,301 · 1 hop
/es/2012/03/job-or-joy/feed/,/2012/03/job-or-joy/,vertaald:feed,REDIRECT,301 · 1 hop
/es/2012/03/one-word-storytelling/,/2012/03/one-word-storytelling/,vertaald:artikel,REDIRECT,301 · 1 hop
/es/2012/03/one-word-storytelling/comment-page-1/,/2012/03/one-word-storytelling/,vertaald:reactiepagina,REDIRECT,301 · 1 hop
/es/2012/03/one-word-storytelling/feed/,/2012/03/one-word-storytelling/,vertaald:feed,REDIRECT,301 · 1 hop
/es/2012/03/ouija-board-estimation/,/2012/03/ouija-board-estimation/,vertaald:artikel,REDIRECT,301 · 1 hop
/es/2012/03/ouija-board-estimation/comment-page-1/,/2012/03/ouija-board-estimation/,vertaald:reactiepagina,REDIRECT,301 · 1 hop
/es/2012/03/ouija-board-estimation/feed/,/2012/03/ouija-board-estimation/,vertaald:feed,REDIRECT,301 · 1 hop
/es/2012/04/scrum-simulation-with-lego-bricks/,/2012/04/scrum-simulation-with-lego-bricks/,vertaald:artikel,REDIRECT,301 · 1 hop
/es/2012/04/tasty-estimation/,/2012/04/tasty-estimation/,vertaald:artikel,REDIRECT,301 · 1 hop
/es/2012/04/tasty-estimation/feed/,/2012/04/tasty-estimation/,vertaald:feed,REDIRECT,301 · 1 hop
/es/2012/05/lean-startup-snowflakes/,/2012/05/lean-startup-snowflakes/,vertaald:artikel,REDIRECT,301 · 1 hop
/es/2012/05/lean-startup-snowflakes/comment-page-1/,/2012/05/lean-startup-snowflakes/,vertaald:reactiepagina,REDIRECT,301 · 1 hop
/es/2012/05/lean-startup-snowflakes/feed/,/2012/05/lean-startup-snowflakes/,vertaald:feed,REDIRECT,301 · 1 hop
/es/2012/05/ultimate-battle/,,vertaald:artikel,GONE,vertaalde fallback zonder EN-origineel
/es/2012/05/ultimate-battle/feed/,,vertaald:feed,GONE,attachmentpagina zonder bestaande post
/es/2012/06/2-brains-tell-it-sell-it/,/2012/06/2-brains-tell-it-sell-it/,vertaald:artikel,REDIRECT,301 · 1 hop
/es/2012/06/2-brains-tell-it-sell-it/feed/,/2012/06/2-brains-tell-it-sell-it/,vertaald:feed,REDIRECT,301 · 1 hop
/es/2012/07/challenger-selling-model/,/2012/07/challenger-selling-model/,vertaald:artikel,REDIRECT,301 · 1 hop
/es/2012/07/challenger-selling-model/feed/,/2012/07/challenger-selling-model/,vertaald:feed,REDIRECT,301 · 1 hop
/es/2012/07/gone-fishing-game/,/2012/07/gone-fishing-game/,vertaald:artikel,REDIRECT,301 · 1 hop
/es/2012/07/gone-fishing-game/feed/,/2012/07/gone-fishing-game/,vertaald:feed,REDIRECT,301 · 1 hop
/es/2012/07/innovation-ambition-matrix/,/2012/07/innovation-ambition-matrix/,vertaald:artikel,REDIRECT,301 · 1 hop
/es/2012/07/innovation-ambition-matrix/feed/,/2012/07/innovation-ambition-matrix/,vertaald:feed,REDIRECT,301 · 1 hop
/es/2012/08/customer-centric/,/2012/08/customer-centric/,vertaald:artikel,REDIRECT,301 · 1 hop
/es/2012/08/die-card-die-the-interruption-game/,/2012/08/die-card-die-the-interruption-game/,vertaald:artikel,REDIRECT,301 · 1 hop
/es/2012/08/die-card-die-the-interruption-game/comment-page-1/,/2012/08/die-card-die-the-interruption-game/,vertaald:reactiepagina,REDIRECT,301 · 1 hop
/es/2012/08/die-card-die-the-interruption-game/die_card_die-2/,/2012/08/die-card-die-the-interruption-game/,vertaald:attachment,REDIRECT,301 · 1 hop
/es/2012/08/die-card-die-the-interruption-game/die_card_die-2/feed/,/2012/08/die-card-die-the-interruption-game/,vertaald:feed,REDIRECT,301 · 1 hop
/es/2012/08/die-card-die-the-interruption-game/feed/,/2012/08/die-card-die-the-interruption-game/,vertaald:feed,REDIRECT,301 · 1 hop
/es/2012/08/innovation-generator/,/2012/08/innovation-generator/,vertaald:artikel,REDIRECT,301 · 1 hop
/es/2012/08/innovation-generator/feed/,/2012/08/innovation-generator/,vertaald:feed,REDIRECT,301 · 1 hop
/es/2012/08/kanban-tetris/,/2012/08/kanban-tetris/,vertaald:artikel,REDIRECT,301 · 1 hop
/es/2012/08/kanban-tetris/feed/,/2012/08/kanban-tetris/,vertaald:feed,REDIRECT,301 · 1 hop
/es/2012/08/safe-bold-framework/,/2012/08/safe-bold-framework/,vertaald:artikel,REDIRECT,301 · 1 hop
/es/2012/08/safe-bold-framework/feed/,/2012/08/safe-bold-framework/,vertaald:feed,REDIRECT,301 · 1 hop
/es/2012/08/wellbeing-north-star/,/2012/08/wellbeing-north-star/,vertaald:artikel,REDIRECT,301 · 1 hop
/es/2012/09/the-domino-effect/,/2012/09/the-domino-effect/,vertaald:artikel,REDIRECT,301 · 1 hop
/es/2012/09/the-domino-effect/feed/,/2012/09/the-domino-effect/,vertaald:feed,REDIRECT,301 · 1 hop
/es/2012/09/the-project-managers-nightmare/,/2012/09/the-project-managers-nightmare/,vertaald:artikel,REDIRECT,301 · 1 hop
/es/2012/09/the-project-managers-nightmare/feed/,/2012/09/the-project-managers-nightmare/,vertaald:feed,REDIRECT,301 · 1 hop
/es/2012/09/we-want-a-city-scrum-simulation-with-lego-extension/,/2012/09/we-want-a-city-scrum-simulation-with-lego-extension/,vertaald:artikel,REDIRECT,301 · 1 hop
/es/2012/09/we-want-a-city-scrum-simulation-with-lego-extension/feed/,/2012/09/we-want-a-city-scrum-simulation-with-lego-extension/,vertaald:feed,REDIRECT,301 · 1 hop
/es/2012/10/balloon-animals/,/2012/10/balloon-animals/,vertaald:artikel,REDIRECT,301 · 1 hop
/es/2012/10/balloon-animals/feed/,/2012/10/balloon-animals/,vertaald:feed,REDIRECT,301 · 1 hop
/es/2012/10/celebrity-prioritisation/,/2012/10/celebrity-prioritisation/,vertaald:artikel,REDIRECT,301 · 1 hop
/es/2012/10/celebrity-prioritisation/comment-page-1/,/2012/10/celebrity-prioritisation/,vertaald:reactiepagina,REDIRECT,301 · 1 hop
/es/2012/10/celebrity-prioritisation/feed/,/2012/10/celebrity-prioritisation/,vertaald:feed,REDIRECT,301 · 1 hop
/es/2012/10/destroy/,/2012/10/destroy/,vertaald:artikel,REDIRECT,301 · 1 hop
/es/2012/10/destroy/feed/,/2012/10/destroy/,vertaald:feed,REDIRECT,301 · 1 hop
/es/2012/10/first-letter-last-letter/,/2012/10/first-letter-last-letter/,vertaald:artikel,REDIRECT,301 · 1 hop
/es/2012/10/first-letter-last-letter/feed/,/2012/10/first-letter-last-letter/,vertaald:feed,REDIRECT,301 · 1 hop
/es/2012/10/free-market-prioritisation/,/2012/10/free-market-prioritisation/,vertaald:artikel,REDIRECT,301 · 1 hop
/es/2012/10/free-market-prioritisation/feed/,/2012/10/free-market-prioritisation/,vertaald:feed,REDIRECT,301 · 1 hop
/es/2012/10/intuitions/,/2012/10/intuitions/,vertaald:artikel,REDIRECT,301 · 1 hop
/es/2012/10/intuitions/feed/,/2012/10/intuitions/,vertaald:feed,REDIRECT,301 · 1 hop
/es/2012/10/movements-of-a-hypnotic-nature/,/2012/10/movements-of-a-hypnotic-nature/,vertaald:artikel,REDIRECT,301 · 1 hop
/es/2012/10/movements-of-a-hypnotic-nature/feed/,/2012/10/movements-of-a-hypnotic-nature/,vertaald:feed,REDIRECT,301 · 1 hop
/es/2012/10/musical-bells/,/2012/10/musical-bells/,vertaald:artikel,REDIRECT,301 · 1 hop
/es/2012/10/musical-bells/feed/,/2012/10/musical-bells/,vertaald:feed,REDIRECT,301 · 1 hop
/es/2012/10/once-upon-a-time-in-legoland/,/2012/10/once-upon-a-time-in-legoland/,vertaald:artikel,REDIRECT,301 · 1 hop
/es/2012/10/once-upon-a-time-in-legoland/feed/,/2012/10/once-upon-a-time-in-legoland/,vertaald:feed,REDIRECT,301 · 1 hop
/es/2012/10/story-spines/,/2012/10/story-spines/,vertaald:artikel,REDIRECT,301 · 1 hop
/es/2012/10/story-spines/feed/,/2012/10/story-spines/,vertaald:feed,REDIRECT,301 · 1 hop
/es/2012/10/swedish-stories/,/2012/10/swedish-stories/,vertaald:artikel,REDIRECT,301 · 1 hop
/es/2012/10/swedish-stories/feed/,/2012/10/swedish-stories/,vertaald:feed,REDIRECT,301 · 1 hop
/es/2012/10/the-blame-game/,/2012/10/the-blame-game/,vertaald:artikel,REDIRECT,301 · 1 hop
/es/2012/10/the-blame-game/feed/,/2012/10/the-blame-game/,vertaald:feed,REDIRECT,301 · 1 hop
/es/2012/10/the-sprint-limerick/,/2012/10/the-sprint-limerick/,vertaald:artikel,REDIRECT,301 · 1 hop
/es/2012/10/the-sprint-limerick/feed/,/2012/10/the-sprint-limerick/,vertaald:feed,REDIRECT,301 · 1 hop
/es/2012/10/the-sprint-mural/,/2012/10/the-sprint-mural/,vertaald:artikel,REDIRECT,301 · 1 hop
/es/2012/10/the-sprint-mural/feed/,/2012/10/the-sprint-mural/,vertaald:feed,REDIRECT,301 · 1 hop
/es/2012/10/thirty-five/,/2012/10/thirty-five/,vertaald:artikel,REDIRECT,301 · 1 hop
/es/2012/10/thirty-five/comment-page-1/,/2012/10/thirty-five/,vertaald:reactiepagina,REDIRECT,301 · 1 hop
/es/2012/10/thirty-five/feed/,/2012/10/thirty-five/,vertaald:feed,REDIRECT,301 · 1 hop
/es/2012/10/top-traits/,/2012/10/top-traits/,vertaald:artikel,REDIRECT,301 · 1 hop
/es/2012/10/top-traits/feed/,/2012/10/top-traits/,vertaald:feed,REDIRECT,301 · 1 hop
/es/2012/10/upside-downside/,/2012/10/upside-downside/,vertaald:artikel,REDIRECT,301 · 1 hop
/es/2012/10/upside-downside/feed/,/2012/10/upside-downside/,vertaald:feed,REDIRECT,301 · 1 hop
/es/2012/10/video-reframing/,/2012/10/video-reframing/,vertaald:artikel,REDIRECT,301 · 1 hop
/es/2012/10/video-reframing/feed/,/2012/10/video-reframing/,vertaald:feed,REDIRECT,301 · 1 hop
/es/2012/11/delight/,/2012/11/delight/,vertaald:artikel,REDIRECT,301 · 1 hop
/es/2012/11/delight/feed/,/2012/11/delight/,vertaald:feed,REDIRECT,301 · 1 hop
/es/2012/11/gift-box/,/2012/11/gift-box/,vertaald:artikel,REDIRECT,301 · 1 hop
/es/2012/11/gift-box/feed/,/2012/11/gift-box/,vertaald:feed,REDIRECT,301 · 1 hop
/es/2012/11/questions-only/,/2012/11/questions-only/,vertaald:artikel,REDIRECT,301 · 1 hop
/es/2012/11/questions-only/comment-page-1/,/2012/11/questions-only/,vertaald:reactiepagina,REDIRECT,301 · 1 hop
/es/2012/11/questions-only/feed/,/2012/11/questions-only/,vertaald:feed,REDIRECT,301 · 1 hop
/es/2012/11/tdd-test-driven-drawing/,/2012/11/tdd-test-driven-drawing/,vertaald:artikel,REDIRECT,301 · 1 hop
/es/2012/11/tdd-test-driven-drawing/2012-11-06-10-23-07/,/2012/11/tdd-test-driven-drawing/,vertaald:attachment,REDIRECT,301 · 1 hop
/es/2012/11/tdd-test-driven-drawing/2012-11-06-10-23-07/feed/,/2012/11/tdd-test-driven-drawing/,vertaald:feed,REDIRECT,301 · 1 hop
/es/2012/11/tdd-test-driven-drawing/2012-11-06-10-23-14/,/2012/11/tdd-test-driven-drawing/,vertaald:attachment,REDIRECT,301 · 1 hop
/es/2012/11/tdd-test-driven-drawing/2012-11-06-10-23-14/feed/,/2012/11/tdd-test-driven-drawing/,vertaald:feed,REDIRECT,301 · 1 hop
/es/2012/11/tdd-test-driven-drawing/2012-11-06-10-40-29/,/2012/11/tdd-test-driven-drawing/,vertaald:attachment,REDIRECT,301 · 1 hop
/es/2012/11/tdd-test-driven-drawing/2012-11-06-10-40-29/feed/,/2012/11/tdd-test-driven-drawing/,vertaald:feed,REDIRECT,301 · 1 hop
/es/2012/11/tdd-test-driven-drawing/feed/,/2012/11/tdd-test-driven-drawing/,vertaald:feed,REDIRECT,301 · 1 hop
/es/2012/11/tdd-test-driven-drawing/screen-shot-2012-11-07-at-22-01-41/,/2012/11/tdd-test-driven-drawing/,vertaald:attachment,REDIRECT,301 · 1 hop
/es/2012/11/three-headed-expert/,/2012/11/three-headed-expert/,vertaald:artikel,REDIRECT,301 · 1 hop
/es/2012/11/three-headed-expert/comment-page-1/,/2012/11/three-headed-expert/,vertaald:reactiepagina,REDIRECT,301 · 1 hop
/es/2012/11/three-headed-expert/feed/,/2012/11/three-headed-expert/,vertaald:feed,REDIRECT,301 · 1 hop
/es/2012/11/werewolf-facilitation/,/2012/11/werewolf-facilitation/,vertaald:artikel,REDIRECT,301 · 1 hop
/es/2012/11/werewolf-facilitation/feed/,/2012/11/werewolf-facilitation/,vertaald:feed,REDIRECT,301 · 1 hop
/es/2012/12/take-the-win-win-wave/,/2012/12/take-the-win-win-wave/,vertaald:artikel,REDIRECT,301 · 1 hop
/es/2012/12/take-the-win-win-wave/feed/,/2012/12/take-the-win-win-wave/,vertaald:feed,REDIRECT,301 · 1 hop
/es/2013/02/52-card-pickup/,/2013/02/52-card-pickup/,vertaald:artikel,REDIRECT,301 · 1 hop
/es/2013/02/52-card-pickup/feed/,/2013/02/52-card-pickup/,vertaald:feed,REDIRECT,301 · 1 hop
/es/2013/02/copycats-2/,/2013/02/copycats-2/,vertaald:artikel,REDIRECT,301 · 1 hop
/es/2013/02/copycats-2/feed/,/2013/02/copycats-2/,vertaald:feed,REDIRECT,301 · 1 hop
/es/2013/02/the-herculean-doughnut/,/2013/02/the-herculean-doughnut/,vertaald:artikel,REDIRECT,301 · 1 hop
/es/2013/02/the-herculean-doughnut/comment-page-1/,/2013/02/the-herculean-doughnut/,vertaald:reactiepagina,REDIRECT,301 · 1 hop
/es/2013/02/the-herculean-doughnut/feed/,/2013/02/the-herculean-doughnut/,vertaald:feed,REDIRECT,301 · 1 hop
/es/2013/03/8-monkeys-in-a-cage-–-a-mura-learning-game/,/2013/03/8-monkeys-in-a-cage-–-a-mura-learning-game/,vertaald:artikel,REDIRECT,301 · 1 hop
/es/2013/03/8-monkeys-in-a-cage-–-a-mura-learning-game/feed/,/2013/03/8-monkeys-in-a-cage-–-a-mura-learning-game/,vertaald:feed,REDIRECT,301 · 1 hop
/es/2013/03/play-doh-zoo-agile-ux-unleashed/,/2013/03/play-doh-zoo-agile-ux-unleashed/,vertaald:artikel,REDIRECT,301 · 1 hop
/es/2013/03/play-doh-zoo-agile-ux-unleashed/feed/,/2013/03/play-doh-zoo-agile-ux-unleashed/,vertaald:feed,REDIRECT,301 · 1 hop
/es/2013/03/the-high-risk-airplane-factory/,/es/2013/03/the-high-risk-airplane-factory/,vertaald:artikel,EXACT,
/es/2013/03/the-high-risk-airplane-factory/feed/,/es/2013/03/the-high-risk-airplane-factory/,vertaald:feed,REDIRECT,301 · 1 hop
/es/2013/04/communication-race/,/2013/04/communication-race/,vertaald:artikel,REDIRECT,301 · 1 hop
/es/2013/04/communication-race/feed/,/2013/04/communication-race/,vertaald:feed,REDIRECT,301 · 1 hop
/es/2013/04/e-w-a-n-mcgregor/,/2013/04/e-w-a-n-mcgregor/,vertaald:artikel,REDIRECT,301 · 1 hop
/es/2013/04/e-w-a-n-mcgregor/feed/,/2013/04/e-w-a-n-mcgregor/,vertaald:feed,REDIRECT,301 · 1 hop
/es/2013/04/the-risk-is-in-the-blocks/,/2013/04/the-risk-is-in-the-blocks/,vertaald:artikel,REDIRECT,301 · 1 hop
/es/2013/04/the-risk-is-in-the-blocks/comment-page-1/,/2013/04/the-risk-is-in-the-blocks/,vertaald:reactiepagina,REDIRECT,301 · 1 hop
/es/2013/04/the-risk-is-in-the-blocks/feed/,/2013/04/the-risk-is-in-the-blocks/,vertaald:feed,REDIRECT,301 · 1 hop
/es/2013/05/the-penny-game/,/2013/05/the-penny-game/,vertaald:artikel,REDIRECT,301 · 1 hop
/es/2013/05/the-penny-game/comment-page-1/,/2013/05/the-penny-game/,vertaald:reactiepagina,REDIRECT,301 · 1 hop
/es/2013/05/the-penny-game/feed/,/2013/05/the-penny-game/,vertaald:feed,REDIRECT,301 · 1 hop
/es/2013/07/francais-99-ballons-de-test/,/2013/07/francais-99-ballons-de-test/,vertaald:artikel,REDIRECT,301 · 1 hop
/es/2013/07/francais-99-ballons-de-test/feed/,/2013/07/francais-99-ballons-de-test/,vertaald:feed,REDIRECT,301 · 1 hop
/es/2013/07/moodgraph/,/2013/07/moodgraph/,vertaald:artikel,REDIRECT,301 · 1 hop
/es/2013/07/moodgraph/feed/,/2013/07/moodgraph/,vertaald:feed,REDIRECT,301 · 1 hop
/es/2013/08/software-kanban-games/,/2013/08/software-kanban-games/,vertaald:artikel,REDIRECT,301 · 1 hop
/es/2013/08/software-kanban-games/event-cards/,/2013/08/software-kanban-games/,vertaald:attachment,REDIRECT,301 · 1 hop
/es/2013/08/software-kanban-games/event-cards/feed/,/2013/08/software-kanban-games/,vertaald:feed,REDIRECT,301 · 1 hop
/es/2013/08/software-kanban-games/expedite-story-cards/,/2013/08/software-kanban-games/,vertaald:attachment,REDIRECT,301 · 1 hop
/es/2013/08/software-kanban-games/expedite-story-cards/feed/,/2013/08/software-kanban-games/,vertaald:feed,REDIRECT,301 · 1 hop
/es/2013/08/software-kanban-games/feed/,/2013/08/software-kanban-games/,vertaald:feed,REDIRECT,301 · 1 hop
/es/2013/08/software-kanban-games/fixed-date-story-cards/,/2013/08/software-kanban-games/,vertaald:attachment,REDIRECT,301 · 1 hop
/es/2013/08/software-kanban-games/fixed-date-story-cards/feed/,/2013/08/software-kanban-games/,vertaald:feed,REDIRECT,301 · 1 hop
/es/2013/08/software-kanban-games/standard-story-cards/,/2013/08/software-kanban-games/,vertaald:attachment,REDIRECT,301 · 1 hop
/es/2013/08/software-kanban-games/standard-story-cards/feed/,/2013/08/software-kanban-games/,vertaald:feed,REDIRECT,301 · 1 hop
/es/2013/09/leadership-magic-trick/,/2013/09/leadership-magic-trick/,vertaald:artikel,REDIRECT,301 · 1 hop
/es/2013/09/leadership-magic-trick/feed/,/2013/09/leadership-magic-trick/,vertaald:feed,REDIRECT,301 · 1 hop
/es/2013/09/line-up/,/2013/09/line-up/,vertaald:artikel,REDIRECT,301 · 1 hop
/es/2013/09/line-up/feed/,/2013/09/line-up/,vertaald:feed,REDIRECT,301 · 1 hop
/es/2013/09/mind-reading/,/2013/09/mind-reading/,vertaald:artikel,REDIRECT,301 · 1 hop
/es/2013/09/mind-reading/comment-page-1/,/2013/09/mind-reading/,vertaald:reactiepagina,REDIRECT,301 · 1 hop
/es/2013/09/mind-reading/feed/,/2013/09/mind-reading/,vertaald:feed,REDIRECT,301 · 1 hop
/es/2013/09/mind-reading/mind-reader-game-elinor-slomba-with-independent-software-team/,/2013/09/mind-reading/,vertaald:attachment,REDIRECT,301 · 1 hop
/es/2013/09/mind-reading/mind-reader-game-elinor-slomba-with-independent-software-team/feed/,/2013/09/mind-reading/,vertaald:feed,REDIRECT,301 · 1 hop
/es/2013/10/a-day-in-the-perfect-company-movie/,/2013/10/a-day-in-the-perfect-company-movie/,vertaald:artikel,REDIRECT,301 · 1 hop
/es/2013/10/a-day-in-the-perfect-company-movie/feed/,/2013/10/a-day-in-the-perfect-company-movie/,vertaald:feed,REDIRECT,301 · 1 hop
/es/2013/11/mobile-introspection-aka-opening-your-curatorial-eye/,/2013/11/mobile-introspection-aka-opening-your-curatorial-eye/,vertaald:artikel,REDIRECT,301 · 1 hop
/es/2013/11/mobile-introspection-aka-opening-your-curatorial-eye/feed/,/2013/11/mobile-introspection-aka-opening-your-curatorial-eye/,vertaald:feed,REDIRECT,301 · 1 hop
/es/2013/11/three-projects-three-experiments/,/2013/11/three-projects-three-experiments/,vertaald:artikel,REDIRECT,301 · 1 hop
/es/2013/11/three-projects-three-experiments/feed/,/2013/11/three-projects-three-experiments/,vertaald:feed,REDIRECT,301 · 1 hop
/es/2013/12/2014-san-jose-budget-games/,/2013/12/2014-san-jose-budget-games/,vertaald:artikel,REDIRECT,301 · 1 hop
/es/2013/12/2014-san-jose-budget-games/feed/,/2013/12/2014-san-jose-budget-games/,vertaald:feed,REDIRECT,301 · 1 hop
/es/2013/12/values-advocacy/,/2013/12/values-advocacy/,vertaald:artikel,REDIRECT,301 · 1 hop
/es/2013/12/values-advocacy/feed/,/2013/12/values-advocacy/,vertaald:feed,REDIRECT,301 · 1 hop
/es/2014/01/christmas-lucky-dip-game-with-a-twist-energise-your-christmas-party/,/2014/01/christmas-lucky-dip-game-with-a-twist-energise-your-christmas-party/,vertaald:artikel,REDIRECT,301 · 1 hop
/es/2014/01/christmas-lucky-dip-game-with-a-twist-energise-your-christmas-party/comment-page-1/,/2014/01/christmas-lucky-dip-game-with-a-twist-energise-your-christmas-party/,vertaald:reactiepagina,REDIRECT,301 · 1 hop
/es/2014/01/christmas-lucky-dip-game-with-a-twist-energise-your-christmas-party/feed/,/2014/01/christmas-lucky-dip-game-with-a-twist-energise-your-christmas-party/,vertaald:feed,REDIRECT,301 · 1 hop
/es/2014/01/scrum-roles-and-responsibilities-game/,/2014/01/scrum-roles-and-responsibilities-game/,vertaald:artikel,REDIRECT,301 · 1 hop
/es/2014/01/scrum-roles-and-responsibilities-game/comment-page-1/,/2014/01/scrum-roles-and-responsibilities-game/,vertaald:reactiepagina,REDIRECT,301 · 1 hop
/es/2014/01/scrum-roles-and-responsibilities-game/feed/,/2014/01/scrum-roles-and-responsibilities-game/,vertaald:feed,REDIRECT,301 · 1 hop
/es/2014/02/card-in-a-sealed-envelope/,/2014/02/card-in-a-sealed-envelope/,vertaald:artikel,REDIRECT,301 · 1 hop
/es/2014/02/card-in-a-sealed-envelope/feed/,/2014/02/card-in-a-sealed-envelope/,vertaald:feed,REDIRECT,301 · 1 hop
/es/2014/02/matching-values/,/2014/02/matching-values/,vertaald:artikel,REDIRECT,301 · 1 hop
/es/2014/02/matching-values/feed/,/2014/02/matching-values/,vertaald:feed,REDIRECT,301 · 1 hop
/es/2014/02/means-first-then-states/,/2014/02/means-first-then-states/,vertaald:artikel,REDIRECT,301 · 1 hop
/es/2014/02/means-first-then-states/feed/,/2014/02/means-first-then-states/,vertaald:feed,REDIRECT,301 · 1 hop
/es/2014/03/the-sandwich-retrospective/,/2014/03/the-sandwich-retrospective/,vertaald:artikel,REDIRECT,301 · 1 hop
/es/2014/03/the-sandwich-retrospective/feed/,/2014/03/the-sandwich-retrospective/,vertaald:feed,REDIRECT,301 · 1 hop
/es/2014/05/ball-flow-game/,/2014/05/ball-flow-game/,vertaald:artikel,REDIRECT,301 · 1 hop
/es/2014/05/ball-flow-game/feed/,/2014/05/ball-flow-game/,vertaald:feed,REDIRECT,301 · 1 hop
/es/2014/05/lego-flow-game/,/2014/05/lego-flow-game/,vertaald:artikel,REDIRECT,301 · 1 hop
/es/2014/05/lego-flow-game/feed/,/2014/05/lego-flow-game/,vertaald:feed,REDIRECT,301 · 1 hop
/es/2014/05/the-product-owner-role/,/2014/05/the-product-owner-role/,vertaald:artikel,REDIRECT,301 · 1 hop
/es/2014/05/the-product-owner-role/feed/,/2014/05/the-product-owner-role/,vertaald:feed,REDIRECT,301 · 1 hop
/es/2014/06/defining-done/,/2014/06/defining-done/,vertaald:artikel,REDIRECT,301 · 1 hop
/es/2014/06/defining-done/comment-page-1/,/2014/06/defining-done/,vertaald:reactiepagina,REDIRECT,301 · 1 hop
/es/2014/06/defining-done/feed/,/2014/06/defining-done/,vertaald:feed,REDIRECT,301 · 1 hop
/es/2014/06/epic-bedtime-story/,/2014/06/epic-bedtime-story/,vertaald:artikel,REDIRECT,301 · 1 hop
/es/2014/06/epic-bedtime-story/feed/,/2014/06/epic-bedtime-story/,vertaald:feed,REDIRECT,301 · 1 hop
/es/2014/06/the-rocket-retrospective/,/2014/06/the-rocket-retrospective/,vertaald:artikel,REDIRECT,301 · 1 hop
/es/2014/06/the-rocket-retrospective/comment-page-1/,/2014/06/the-rocket-retrospective/,vertaald:reactiepagina,REDIRECT,301 · 1 hop
/es/2014/06/the-rocket-retrospective/feed/,/2014/06/the-rocket-retrospective/,vertaald:feed,REDIRECT,301 · 1 hop
/es/2014/07/project-snapper-an-inception-value-realisation-game/,/2014/07/project-snapper-an-inception-value-realisation-game/,vertaald:artikel,REDIRECT,301 · 1 hop
/es/2014/07/project-snapper-an-inception-value-realisation-game/feed/,/2014/07/project-snapper-an-inception-value-realisation-game/,vertaald:feed,REDIRECT,301 · 1 hop
/es/2014/07/scrumheads-the-daily-scrum-game/,/2014/07/scrumheads-the-daily-scrum-game/,vertaald:artikel,REDIRECT,301 · 1 hop
/es/2014/07/scrumheads-the-daily-scrum-game/feed/,/2014/07/scrumheads-the-daily-scrum-game/,vertaald:feed,REDIRECT,301 · 1 hop
/es/2014/07/sudokuban-a-kanban-in-action-game-in-puzzles/,/2014/07/sudokuban-a-kanban-in-action-game-in-puzzles/,vertaald:artikel,REDIRECT,301 · 1 hop
/es/2014/07/sudokuban-a-kanban-in-action-game-in-puzzles/feed/,/2014/07/sudokuban-a-kanban-in-action-game-in-puzzles/,vertaald:feed,REDIRECT,301 · 1 hop
/es/2014/07/the-cultural-radars/,/2014/07/the-cultural-radars/,vertaald:artikel,REDIRECT,301 · 1 hop
/es/2014/07/the-cultural-radars/feed/,/2014/07/the-cultural-radars/,vertaald:feed,REDIRECT,301 · 1 hop
/es/2014/08/cynefin-with-the-team-drawer/,/2014/08/cynefin-with-the-team-drawer/,vertaald:artikel,REDIRECT,301 · 1 hop
/es/2014/08/cynefin-with-the-team-drawer/feed/,/2014/08/cynefin-with-the-team-drawer/,vertaald:feed,REDIRECT,301 · 1 hop
/es/2014/08/the-newlywed-game/,/2014/08/the-newlywed-game/,vertaald:artikel,REDIRECT,301 · 1 hop
/es/2014/08/the-newlywed-game/comment-page-1/,/2014/08/the-newlywed-game/,vertaald:reactiepagina,REDIRECT,301 · 1 hop
/es/2014/08/the-newlywed-game/feed/,/2014/08/the-newlywed-game/,vertaald:feed,REDIRECT,301 · 1 hop
/es/2014/09/new-kanban-simulation-game-featureban/,/2014/09/new-kanban-simulation-game-featureban/,vertaald:artikel,REDIRECT,301 · 1 hop
/es/2014/09/new-kanban-simulation-game-featureban/feed/,/2014/09/new-kanban-simulation-game-featureban/,vertaald:feed,REDIRECT,301 · 1 hop
/es/2014/09/the-estimation-quest/,/2014/09/the-estimation-quest/,vertaald:artikel,REDIRECT,301 · 1 hop
/es/2014/09/the-estimation-quest/feed/,/2014/09/the-estimation-quest/,vertaald:feed,REDIRECT,301 · 1 hop
/es/2014/10/fellowship-of-the-goal-gamify-the-cardwall/,/2014/10/fellowship-of-the-goal-gamify-the-cardwall/,vertaald:artikel,REDIRECT,301 · 1 hop
/es/2014/10/fellowship-of-the-goal-gamify-the-cardwall/feed/,/2014/10/fellowship-of-the-goal-gamify-the-cardwall/,vertaald:feed,REDIRECT,301 · 1 hop
/es/2014/10/team-responsibility-game/,/2014/10/team-responsibility-game/,vertaald:artikel,REDIRECT,301 · 1 hop
/es/2014/10/team-responsibility-game/comment-page-1/,/2014/10/team-responsibility-game/,vertaald:reactiepagina,REDIRECT,301 · 1 hop
/es/2014/10/team-responsibility-game/feed/,/2014/10/team-responsibility-game/,vertaald:feed,REDIRECT,301 · 1 hop
/es/2014/10/the-planning-quest/,/2014/10/the-planning-quest/,vertaald:artikel,REDIRECT,301 · 1 hop
/es/2014/10/the-planning-quest/feed/,/2014/10/the-planning-quest/,vertaald:feed,REDIRECT,301 · 1 hop
/es/2014/11/the-zmey-planning/,/2014/11/the-zmey-planning/,vertaald:artikel,REDIRECT,301 · 1 hop
/es/2014/11/the-zmey-planning/feed/,/2014/11/the-zmey-planning/,vertaald:feed,REDIRECT,301 · 1 hop
/es/2014/11/user-stories-vs-requirements/,/2014/11/user-stories-vs-requirements/,vertaald:artikel,REDIRECT,301 · 1 hop
/es/2014/11/user-stories-vs-requirements/comment-page-1/,/2014/11/user-stories-vs-requirements/,vertaald:reactiepagina,REDIRECT,301 · 1 hop
/es/2014/11/user-stories-vs-requirements/feed/,/2014/11/user-stories-vs-requirements/,vertaald:feed,REDIRECT,301 · 1 hop
/es/2014/12/team-trust-canvas/,/2014/12/team-trust-canvas/,vertaald:artikel,REDIRECT,301 · 1 hop
/es/2014/12/team-trust-canvas/feed/,/2014/12/team-trust-canvas/,vertaald:feed,REDIRECT,301 · 1 hop
/es/2014/12/team-trust-canvas/team-trust-canvas-eng/,/2014/12/team-trust-canvas/,vertaald:attachment,REDIRECT,301 · 1 hop
/es/2014/12/team-trust-canvas/team-trust-canvas-eng/feed/,/2014/12/team-trust-canvas/,vertaald:feed,REDIRECT,301 · 1 hop
/es/2014/12/the-fatware-matrix/,/2014/12/the-fatware-matrix/,vertaald:artikel,REDIRECT,301 · 1 hop
/es/2014/12/the-fatware-matrix/feed/,/2014/12/the-fatware-matrix/,vertaald:feed,REDIRECT,301 · 1 hop
/es/2015/01/hold-the-ball-longer-stronger-together/,/2015/01/hold-the-ball-longer-stronger-together/,vertaald:artikel,REDIRECT,301 · 1 hop
/es/2015/01/hold-the-ball-longer-stronger-together/comment-page-1/,/2015/01/hold-the-ball-longer-stronger-together/,vertaald:reactiepagina,REDIRECT,301 · 1 hop
/es/2015/01/hold-the-ball-longer-stronger-together/feed/,/2015/01/hold-the-ball-longer-stronger-together/,vertaald:feed,REDIRECT,301 · 1 hop
/es/2015/01/hold-the-ball-longer-stronger-together/image-for-3-2-section/,/2015/01/hold-the-ball-longer-stronger-together/,vertaald:attachment,REDIRECT,301 · 1 hop
/es/2015/01/hold-the-ball-longer-stronger-together/image-for-3-2-section/feed/,/2015/01/hold-the-ball-longer-stronger-together/,vertaald:feed,REDIRECT,301 · 1 hop
/es/2015/01/hold-the-ball-longer-stronger-together/image-for-5-2-section/,/2015/01/hold-the-ball-longer-stronger-together/,vertaald:attachment,REDIRECT,301 · 1 hop
/es/2015/01/hold-the-ball-longer-stronger-together/image-for-5-2-section/feed/,/2015/01/hold-the-ball-longer-stronger-together/,vertaald:feed,REDIRECT,301 · 1 hop
/es/2015/01/hold-the-ball-longer-stronger-together/image-for-6-3-section/,/2015/01/hold-the-ball-longer-stronger-together/,vertaald:attachment,REDIRECT,301 · 1 hop
/es/2015/01/hold-the-ball-longer-stronger-together/image-for-6-3-section/feed/,/2015/01/hold-the-ball-longer-stronger-together/,vertaald:feed,REDIRECT,301 · 1 hop
/es/2015/01/product-owner-challenge/,/2015/01/product-owner-challenge/,vertaald:artikel,REDIRECT,301 · 1 hop
/es/2015/01/product-owner-challenge/feed/,/2015/01/product-owner-challenge/,vertaald:feed,REDIRECT,301 · 1 hop
/es/2015/01/story-cube-time-line/,/2015/01/story-cube-time-line/,vertaald:artikel,REDIRECT,301 · 1 hop
/es/2015/01/story-cube-time-line/feed/,/2015/01/story-cube-time-line/,vertaald:feed,REDIRECT,301 · 1 hop
/es/2015/01/the-battle-of-the-retrospectives/,/2015/01/the-battle-of-the-retrospectives/,vertaald:artikel,REDIRECT,301 · 1 hop
/es/2015/01/the-battle-of-the-retrospectives/feed/,/2015/01/the-battle-of-the-retrospectives/,vertaald:feed,REDIRECT,301 · 1 hop
/es/2015/02/face-facts/,/2015/02/face-facts/,vertaald:artikel,REDIRECT,301 · 1 hop
/es/2015/02/face-facts/feed/,/2015/02/face-facts/,vertaald:feed,REDIRECT,301 · 1 hop
/es/2015/02/scrumble-an-agile-board-game/,/2015/02/scrumble-an-agile-board-game/,vertaald:artikel,REDIRECT,301 · 1 hop
/es/2015/02/the-workplace-equations/,/2015/02/the-workplace-equations/,vertaald:artikel,REDIRECT,301 · 1 hop
/es/2015/02/the-workplace-equations/feed/,/2015/02/the-workplace-equations/,vertaald:feed,REDIRECT,301 · 1 hop
/es/2015/02/video-scrum/,/2015/02/video-scrum/,vertaald:artikel,REDIRECT,301 · 1 hop
/es/2015/02/video-scrum/comment-page-1/,/2015/02/video-scrum/,vertaald:reactiepagina,REDIRECT,301 · 1 hop
/es/2015/02/video-scrum/feed/,/2015/02/video-scrum/,vertaald:feed,REDIRECT,301 · 1 hop
/es/2015/03/a-day-at-the-movies/,/2015/03/a-day-at-the-movies/,vertaald:artikel,REDIRECT,301 · 1 hop
/es/2015/03/a-day-at-the-movies/feed/,/2015/03/a-day-at-the-movies/,vertaald:feed,REDIRECT,301 · 1 hop
/es/2015/03/the-teamwork-oscars/,/2015/03/the-teamwork-oscars/,vertaald:artikel,REDIRECT,301 · 1 hop
/es/2015/03/the-teamwork-oscars/feed/,/2015/03/the-teamwork-oscars/,vertaald:feed,REDIRECT,301 · 1 hop
/es/2015/04/mytoy-agile-product-development-game/,/2015/04/mytoy-agile-product-development-game/,vertaald:artikel,REDIRECT,301 · 1 hop
/es/2015/04/mytoy-agile-product-development-game/feed/,/2015/04/mytoy-agile-product-development-game/,vertaald:feed,REDIRECT,301 · 1 hop
/es/2015/04/play4agile-north-america-sept-11-13-2015/,/2015/04/play4agile-north-america-sept-11-13-2015/,vertaald:artikel,REDIRECT,301 · 1 hop
/es/2015/04/play4agile-north-america-sept-11-13-2015/feed/,/2015/04/play4agile-north-america-sept-11-13-2015/,vertaald:feed,REDIRECT,301 · 1 hop
/es/2015/05/4729/,/2015/05/4729/,vertaald:artikel,REDIRECT,301 · 1 hop
/es/2015/05/4729/feed/,/2015/05/4729/,vertaald:feed,REDIRECT,301 · 1 hop
/es/2015/05/4729/telestrations-2/,/2015/05/4729/,vertaald:attachment,REDIRECT,301 · 1 hop
/es/2015/05/4729/telestrations-2/feed/,/2015/05/4729/,vertaald:feed,REDIRECT,301 · 1 hop
/es/2015/05/agile-clock/,/2015/05/agile-clock/,vertaald:artikel,REDIRECT,301 · 1 hop
/es/2015/05/agile-clock/comment-page-1/,/2015/05/agile-clock/,vertaald:reactiepagina,REDIRECT,301 · 1 hop
/es/2015/05/agile-clock/feed/,/2015/05/agile-clock/,vertaald:feed,REDIRECT,301 · 1 hop
/es/2015/05/weekend-escape/,/2015/05/weekend-escape/,vertaald:artikel,REDIRECT,301 · 1 hop
/es/2015/05/weekend-escape/feed/,/2015/05/weekend-escape/,vertaald:feed,REDIRECT,301 · 1 hop
/es/2015/07/agile-scrum-framework-at-glance/,/2015/07/agile-scrum-framework-at-glance/,vertaald:artikel,REDIRECT,301 · 1 hop
/es/2015/07/agile-scrum-framework-at-glance/feed/,/2015/07/agile-scrum-framework-at-glance/,vertaald:feed,REDIRECT,301 · 1 hop
/es/2015/07/more-meaningful-stories/,/2015/07/more-meaningful-stories/,vertaald:artikel,REDIRECT,301 · 1 hop
/es/2015/07/more-meaningful-stories/comment-page-1/,/2015/07/more-meaningful-stories/,vertaald:reactiepagina,REDIRECT,301 · 1 hop
/es/2015/07/more-meaningful-stories/feed/,/2015/07/more-meaningful-stories/,vertaald:feed,REDIRECT,301 · 1 hop
/es/2015/07/penny-flow/,/2015/07/penny-flow/,vertaald:artikel,REDIRECT,301 · 1 hop
/es/2015/07/penny-flow/comment-page-1/,/2015/07/penny-flow/,vertaald:reactiepagina,REDIRECT,301 · 1 hop
/es/2015/07/penny-flow/feed/,/2015/07/penny-flow/,vertaald:feed,REDIRECT,301 · 1 hop
/es/2015/08/kanban-pizza-game/,/2015/08/kanban-pizza-game/,vertaald:artikel,REDIRECT,301 · 1 hop
/es/2015/08/one-word-retrospective-game/,/2015/08/one-word-retrospective-game/,vertaald:artikel,REDIRECT,301 · 1 hop
/es/2015/08/one-word-retrospective-game/comment-page-1/,/2015/08/one-word-retrospective-game/,vertaald:reactiepagina,REDIRECT,301 · 1 hop
/es/2015/08/one-word-retrospective-game/feed/,/2015/08/one-word-retrospective-game/,vertaald:feed,REDIRECT,301 · 1 hop
/es/2015/08/retrospective-darts/,/2015/08/retrospective-darts/,vertaald:artikel,REDIRECT,301 · 1 hop
/es/2015/08/retrospective-darts/feed/,/2015/08/retrospective-darts/,vertaald:feed,REDIRECT,301 · 1 hop
/es/2015/08/the-bicycle-game/,/2015/08/the-bicycle-game/,vertaald:artikel,REDIRECT,301 · 1 hop
/es/2015/08/the-bicycle-game/feed/,/2015/08/the-bicycle-game/,vertaald:feed,REDIRECT,301 · 1 hop
/es/2015/09/scrumgauntlet/,/2015/09/scrumgauntlet/,vertaald:artikel,REDIRECT,301 · 1 hop
/es/2015/09/scrumgauntlet/gauntletreqs/,/2015/09/scrumgauntlet/,vertaald:attachment,REDIRECT,301 · 1 hop
/es/2015/09/scrumgauntlet/gauntletreqs/feed/,/2015/09/scrumgauntlet/,vertaald:feed,REDIRECT,301 · 1 hop
/es/2015/09/scrumgauntlet/positioning-2/,/2015/09/scrumgauntlet/,vertaald:attachment,REDIRECT,301 · 1 hop
/es/2015/09/scrumgauntlet/positioning-2/feed/,/2015/09/scrumgauntlet/,vertaald:feed,REDIRECT,301 · 1 hop
/es/2015/09/scrumgauntlet/todototest/,/2015/09/scrumgauntlet/,vertaald:attachment,REDIRECT,301 · 1 hop
/es/2015/09/scrumgauntlet/todototest/feed/,/2015/09/scrumgauntlet/,vertaald:feed,REDIRECT,301 · 1 hop
/es/2015/09/spreadsheet-craftsmanship/,/2015/09/spreadsheet-craftsmanship/,vertaald:artikel,REDIRECT,301 · 1 hop
/es/2015/10/4-ls/,/2015/10/4-ls/,vertaald:artikel,REDIRECT,301 · 1 hop
/es/2015/10/4-ls/4ls/,/2015/10/4-ls/,vertaald:attachment,REDIRECT,301 · 1 hop
/es/2015/10/4-ls/feed/,/2015/10/4-ls/,vertaald:feed,REDIRECT,301 · 1 hop
/es/2015/10/jargonbust/,/2015/10/jargonbust/,vertaald:artikel,REDIRECT,301 · 1 hop
/es/2015/10/jargonbust/feed/,/2015/10/jargonbust/,vertaald:feed,REDIRECT,301 · 1 hop
/es/2015/11/silent-collaboration/,/2015/11/silent-collaboration/,vertaald:artikel,REDIRECT,301 · 1 hop
/es/2015/11/silent-collaboration/feed/,/2015/11/silent-collaboration/,vertaald:feed,REDIRECT,301 · 1 hop
/es/2015/12/this-sprint-future-o-spective-with-santa-claus/,/2015/12/this-sprint-future-o-spective-with-santa-claus/,vertaald:artikel,REDIRECT,301 · 1 hop
/es/2015/12/this-sprint-future-o-spective-with-santa-claus/feed/,/2015/12/this-sprint-future-o-spective-with-santa-claus/,vertaald:feed,REDIRECT,301 · 1 hop
/es/2015/12/this-sprint-future-o-spective-with-santa-claus/wp_20151216_003/,/2015/12/this-sprint-future-o-spective-with-santa-claus/,vertaald:attachment,REDIRECT,301 · 1 hop
/es/2016/01/daily-stand-up-simulation/,/2016/01/daily-stand-up-simulation/,vertaald:artikel,REDIRECT,301 · 1 hop
/es/2016/01/daily-stand-up-simulation/comment-page-1/,/2016/01/daily-stand-up-simulation/,vertaald:reactiepagina,REDIRECT,301 · 1 hop
/es/2016/01/daily-stand-up-simulation/feed/,/2016/01/daily-stand-up-simulation/,vertaald:feed,REDIRECT,301 · 1 hop
/es/2016/01/hitting-the-target-business-value-in-mission-focused-organizations/,/2016/01/hitting-the-target-business-value-in-mission-focused-organizations/,vertaald:artikel,REDIRECT,301 · 1 hop
/es/2016/01/hitting-the-target-business-value-in-mission-focused-organizations/feed/,/2016/01/hitting-the-target-business-value-in-mission-focused-organizations/,vertaald:feed,REDIRECT,301 · 1 hop
/es/2016/01/the-job-title-game/,/2016/01/the-job-title-game/,vertaald:artikel,REDIRECT,301 · 1 hop
/es/2016/01/the-job-title-game/feed/,/2016/01/the-job-title-game/,vertaald:feed,REDIRECT,301 · 1 hop
/es/2016/02/iterative-incremental-big-bang-2/,/2016/02/iterative-incremental-big-bang-2/,vertaald:artikel,REDIRECT,301 · 1 hop
/es/2016/02/iterative-incremental-big-bang-2/comment-page-1/,/2016/02/iterative-incremental-big-bang-2/,vertaald:reactiepagina,REDIRECT,301 · 1 hop
/es/2016/02/iterative-incremental-big-bang-2/feed/,/2016/02/iterative-incremental-big-bang-2/,vertaald:feed,REDIRECT,301 · 1 hop
/es/2016/02/the-misemotions-game/,/2016/02/the-misemotions-game/,vertaald:artikel,REDIRECT,301 · 1 hop
/es/2016/02/the-misemotions-game/feed/,/2016/02/the-misemotions-game/,vertaald:feed,REDIRECT,301 · 1 hop
/es/2016/02/the-roast/,/2016/02/the-roast/,vertaald:artikel,REDIRECT,301 · 1 hop
/es/2016/02/the-roast/feed/,/2016/02/the-roast/,vertaald:feed,REDIRECT,301 · 1 hop
/es/2016/02/try-or-die-the-x-periment/,/2016/02/try-or-die-the-x-periment/,vertaald:artikel,REDIRECT,301 · 1 hop
/es/2016/02/try-or-die-the-x-periment/comment-page-1/,/2016/02/try-or-die-the-x-periment/,vertaald:reactiepagina,REDIRECT,301 · 1 hop
/es/2016/02/try-or-die-the-x-periment/feed/,/2016/02/try-or-die-the-x-periment/,vertaald:feed,REDIRECT,301 · 1 hop
/es/2016/03/agile-jenga-testing-game/,/2016/03/agile-jenga-testing-game/,vertaald:artikel,REDIRECT,301 · 1 hop
/es/2016/03/agile-jenga-testing-game/feed/,/2016/03/agile-jenga-testing-game/,vertaald:feed,REDIRECT,301 · 1 hop
/es/2016/04/play4agile-north-america-2016-sept-9-11/,/2016/04/play4agile-north-america-2016-sept-9-11/,vertaald:artikel,REDIRECT,301 · 1 hop
/es/2016/04/play4agile-north-america-2016-sept-9-11/feed/,/2016/04/play4agile-north-america-2016-sept-9-11/,vertaald:feed,REDIRECT,301 · 1 hop
/es/2016/05/5668/,/2016/05/5668/,vertaald:artikel,REDIRECT,301 · 1 hop
/es/2016/05/5668/comment-page-1/,/2016/05/5668/,vertaald:reactiepagina,REDIRECT,301 · 1 hop
/es/2016/05/5668/feed/,/2016/05/5668/,vertaald:feed,REDIRECT,301 · 1 hop
/es/2016/05/n-listen/,/2016/05/n-listen/,vertaald:artikel,REDIRECT,301 · 1 hop
/es/2016/05/n-listen/feed/,/2016/05/n-listen/,vertaald:feed,REDIRECT,301 · 1 hop
/es/2016/05/personal-space-workshop/,/2016/05/personal-space-workshop/,vertaald:artikel,REDIRECT,301 · 1 hop
/es/2016/05/personal-space-workshop/feed/,/2016/05/personal-space-workshop/,vertaald:feed,REDIRECT,301 · 1 hop
/es/2016/05/throw-the-cat-and-other-objects/,/2016/05/throw-the-cat-and-other-objects/,vertaald:artikel,REDIRECT,301 · 1 hop
/es/2016/05/throw-the-cat-and-other-objects/feed/,/2016/05/throw-the-cat-and-other-objects/,vertaald:feed,REDIRECT,301 · 1 hop
/es/2016/06/first-things-first/,/2016/06/first-things-first/,vertaald:artikel,REDIRECT,301 · 1 hop
/es/2016/06/first-things-first/feed/,/2016/06/first-things-first/,vertaald:feed,REDIRECT,301 · 1 hop
/es/2016/06/judgement-juggler/,/2016/06/judgement-juggler/,vertaald:artikel,REDIRECT,301 · 1 hop
/es/2016/06/judgement-juggler/comment-page-1/,/2016/06/judgement-juggler/,vertaald:reactiepagina,REDIRECT,301 · 1 hop
/es/2016/06/judgement-juggler/feed/,/2016/06/judgement-juggler/,vertaald:feed,REDIRECT,301 · 1 hop
/es/2016/06/paint-the-story-point/,/2016/06/paint-the-story-point/,vertaald:artikel,REDIRECT,301 · 1 hop
/es/2016/06/paint-the-story-point/comment-page-1/,/2016/06/paint-the-story-point/,vertaald:reactiepagina,REDIRECT,301 · 1 hop
/es/2016/06/paint-the-story-point/feed/,/2016/06/paint-the-story-point/,vertaald:feed,REDIRECT,301 · 1 hop
/es/2016/06/scrum-card-game/,/2016/06/scrum-card-game/,vertaald:artikel,REDIRECT,301 · 1 hop
/es/2016/06/scrum-values-roles-card-game/,/2016/06/scrum-values-roles-card-game/,vertaald:artikel,REDIRECT,301 · 1 hop
/es/2016/06/scrum-values-roles-card-game/cardset/,/2016/06/scrum-values-roles-card-game/,vertaald:attachment,REDIRECT,301 · 1 hop
/es/2016/06/scrum-values-roles-card-game/comment-page-1/,/2016/06/scrum-values-roles-card-game/,vertaald:reactiepagina,REDIRECT,301 · 1 hop
/es/2016/06/the-agile-mindset-workshop/,/2016/06/the-agile-mindset-workshop/,vertaald:artikel,REDIRECT,301 · 1 hop
/es/2016/06/the-agile-mindset-workshop/feed/,/2016/06/the-agile-mindset-workshop/,vertaald:feed,REDIRECT,301 · 1 hop
/es/2016/07/nexus-zoo-a-scaling-simulator/,/2016/07/nexus-zoo-a-scaling-simulator/,vertaald:artikel,REDIRECT,301 · 1 hop
/es/2016/07/nexus-zoo-a-scaling-simulator/feed/,/2016/07/nexus-zoo-a-scaling-simulator/,vertaald:feed,REDIRECT,301 · 1 hop
/es/2016/07/nexus-zoo-a-scaling-simulator/nexuszoo/,/2016/07/nexus-zoo-a-scaling-simulator/,vertaald:attachment,REDIRECT,301 · 1 hop
/es/2016/07/scrum-simulation-with-minecraft/,/2016/07/scrum-simulation-with-minecraft/,vertaald:artikel,REDIRECT,301 · 1 hop
/es/2016/08/pitfalls-possibilities/,/2016/08/pitfalls-possibilities/,vertaald:artikel,REDIRECT,301 · 1 hop
/es/2016/08/pitfalls-possibilities/feed/,/2016/08/pitfalls-possibilities/,vertaald:feed,REDIRECT,301 · 1 hop
/es/2016/08/story-cubes-retrospective/,/2016/08/story-cubes-retrospective/,vertaald:artikel,REDIRECT,301 · 1 hop
/es/2016/08/story-cubes-retrospective/feed/,/2016/08/story-cubes-retrospective/,vertaald:feed,REDIRECT,301 · 1 hop
/es/2016/09/to-plan-or-not-to-plan/,/2016/09/to-plan-or-not-to-plan/,vertaald:artikel,REDIRECT,301 · 1 hop
/es/2016/09/to-plan-or-not-to-plan/comment-page-1/,/2016/09/to-plan-or-not-to-plan/,vertaald:reactiepagina,REDIRECT,301 · 1 hop
/es/2016/09/to-plan-or-not-to-plan/feed/,/2016/09/to-plan-or-not-to-plan/,vertaald:feed,REDIRECT,301 · 1 hop
/es/2016/10/the-coffee-game/,/2016/10/the-coffee-game/,vertaald:artikel,REDIRECT,301 · 1 hop
/es/2016/10/the-coffee-game/feed/,/2016/10/the-coffee-game/,vertaald:feed,REDIRECT,301 · 1 hop
/es/2016/12/lego-team-building/,/2016/12/lego-team-building/,vertaald:artikel,REDIRECT,301 · 1 hop
/es/2016/12/lego-team-building/feed/,/2016/12/lego-team-building/,vertaald:feed,REDIRECT,301 · 1 hop
/es/2017/01/francais-jeu-des-roles-et-des-responsabilites-de-scrum/,/2017/01/francais-jeu-des-roles-et-des-responsabilites-de-scrum/,vertaald:artikel,REDIRECT,301 · 1 hop
/es/2017/01/francais-jeu-des-roles-et-des-responsabilites-de-scrum/feed/,/2017/01/francais-jeu-des-roles-et-des-responsabilites-de-scrum/,vertaald:feed,REDIRECT,301 · 1 hop
/es/2017/02/cards-against-agility/,/2017/02/cards-against-agility/,vertaald:artikel,REDIRECT,301 · 1 hop
/es/2017/02/cards-against-agility/comment-page-1/,/2017/02/cards-against-agility/,vertaald:reactiepagina,REDIRECT,301 · 1 hop
/es/2017/02/cards-against-agility/feed/,/2017/02/cards-against-agility/,vertaald:feed,REDIRECT,301 · 1 hop
/es/2017/02/failure-memory-game/,/2017/02/failure-memory-game/,vertaald:artikel,REDIRECT,301 · 1 hop
/es/2017/02/failure-memory-game/cc-sa4-0-2/,/2017/02/failure-memory-game/,vertaald:attachment,REDIRECT,301 · 1 hop
/es/2017/02/simplicity-in-lego-technical-practices/,/2017/02/simplicity-in-lego-technical-practices/,vertaald:artikel,REDIRECT,301 · 1 hop
/es/2017/03/x-matrix-jigsaw-puzzle/,/2017/03/x-matrix-jigsaw-puzzle/,vertaald:artikel,REDIRECT,301 · 1 hop
/es/2017/03/x-matrix-jigsaw-puzzle/feed/,/2017/03/x-matrix-jigsaw-puzzle/,vertaald:feed,REDIRECT,301 · 1 hop
/es/2017/04/company-profile/,/2017/04/company-profile/,vertaald:artikel,REDIRECT,301 · 1 hop
/es/2017/04/company-profile/feed/,/2017/04/company-profile/,vertaald:feed,REDIRECT,301 · 1 hop
/es/2017/04/the-lean-star-game/,/2017/04/the-lean-star-game/,vertaald:artikel,REDIRECT,301 · 1 hop
/es/2017/04/the-lean-star-game/comment-page-1/,/2017/04/the-lean-star-game/,vertaald:reactiepagina,REDIRECT,301 · 1 hop
/es/2017/04/the-lean-star-game/feed/,/2017/04/the-lean-star-game/,vertaald:feed,REDIRECT,301 · 1 hop
/es/2017/04/the-lean-star-game/star-connect-2/,/2017/04/the-lean-star-game/,vertaald:attachment,REDIRECT,301 · 1 hop
/es/2017/05/gameception-–-the-team-game-that-creates-itself/,/2017/05/gameception-–-the-team-game-that-creates-itself/,vertaald:artikel,REDIRECT,301 · 1 hop
/es/2017/05/gameception-–-the-team-game-that-creates-itself/feed/,/2017/05/gameception-–-the-team-game-that-creates-itself/,vertaald:feed,REDIRECT,301 · 1 hop
/es/2017/05/may-the-4th-force-be-with-you-retrospective/,/2017/05/may-the-4th-force-be-with-you-retrospective/,vertaald:artikel,REDIRECT,301 · 1 hop
/es/2017/05/may-the-4th-force-be-with-you-retrospective/feed/,/2017/05/may-the-4th-force-be-with-you-retrospective/,vertaald:feed,REDIRECT,301 · 1 hop
/es/2017/05/scrum-events-cycle/,/2017/05/scrum-events-cycle/,vertaald:artikel,REDIRECT,301 · 1 hop
/es/2017/05/scrum-events-cycle/feed/,/2017/05/scrum-events-cycle/,vertaald:feed,REDIRECT,301 · 1 hop
/es/2017/06/lets-take-a-journey-retrospective/,/2017/06/lets-take-a-journey-retrospective/,vertaald:artikel,REDIRECT,301 · 1 hop
/es/2017/06/the-kanban-silly-tasks-game/,/2017/06/the-kanban-silly-tasks-game/,vertaald:artikel,REDIRECT,301 · 1 hop
/es/2017/06/the-league-of-extraordinarily-shortsighted-agile-superleaders-retrospective/,/2017/06/the-league-of-extraordinarily-shortsighted-agile-superleaders-retrospective/,vertaald:artikel,REDIRECT,301 · 1 hop
/es/2017/07/decoration-kanban/,/2017/07/decoration-kanban/,vertaald:artikel,REDIRECT,301 · 1 hop
/es/2017/07/time-tree-fertilizer-retro/,/2017/07/time-tree-fertilizer-retro/,vertaald:artikel,REDIRECT,301 · 1 hop
/es/2017/07/time-tree-fertilizer-retro/comment-page-1/,/2017/07/time-tree-fertilizer-retro/,vertaald:reactiepagina,REDIRECT,301 · 1 hop
/es/2017/07/time-tree-fertilizer-retro/feed/,/2017/07/time-tree-fertilizer-retro/,vertaald:feed,REDIRECT,301 · 1 hop
/es/2017/09/cardunit-a-unit-testing-simulation/,/2017/09/cardunit-a-unit-testing-simulation/,vertaald:artikel,REDIRECT,301 · 1 hop
/es/2017/09/positive-change-canvas/,/2017/09/positive-change-canvas/,vertaald:artikel,REDIRECT,301 · 1 hop
/es/2017/09/positive-change-canvas/feed/,/2017/09/positive-change-canvas/,vertaald:feed,REDIRECT,301 · 1 hop
/es/2017/09/the-large-scale-scrum-less-dynamics-game/,/2017/09/the-large-scale-scrum-less-dynamics-game/,vertaald:artikel,REDIRECT,301 · 1 hop
/es/2017/10/deep-dive-into-kanban-essentials-using-donut-making/,/2017/10/deep-dive-into-kanban-essentials-using-donut-making/,vertaald:artikel,REDIRECT,301 · 1 hop
/es/2017/10/sinking-islands/,/2017/10/sinking-islands/,vertaald:artikel,REDIRECT,301 · 1 hop
/es/2017/10/the-core-beliefs-of-waterfall-agile-and-lean/,/2017/10/the-core-beliefs-of-waterfall-agile-and-lean/,vertaald:artikel,REDIRECT,301 · 1 hop
/es/2017/10/the-core-beliefs-of-waterfall-agile-and-lean/comment-page-1/,/2017/10/the-core-beliefs-of-waterfall-agile-and-lean/,vertaald:reactiepagina,REDIRECT,301 · 1 hop
/es/2017/10/the-core-beliefs-of-waterfall-agile-and-lean/feed/,/2017/10/the-core-beliefs-of-waterfall-agile-and-lean/,vertaald:feed,REDIRECT,301 · 1 hop
/es/2017/12/core-scrum-game/,/2017/12/core-scrum-game/,vertaald:artikel,REDIRECT,301 · 1 hop
/es/2018/01/the-fast-and-the-furious-and-other-fs-retrospective-activity/,/2018/01/the-fast-and-the-furious-and-other-fs-retrospective-activity/,vertaald:artikel,REDIRECT,301 · 1 hop
/es/2018/02/kitchen-prioritization/,/2018/02/kitchen-prioritization/,vertaald:artikel,REDIRECT,301 · 1 hop
/es/2018/03/dice-of-debt/,/2018/03/dice-of-debt/,vertaald:artikel,REDIRECT,301 · 1 hop
/es/2018/04/pass-the-perfection/,/2018/04/pass-the-perfection/,vertaald:artikel,REDIRECT,301 · 1 hop
/es/2018/05/sprint-simulation-scrum-practice-game/,/2018/05/sprint-simulation-scrum-practice-game/,vertaald:artikel,REDIRECT,301 · 1 hop
/es/2018/06/sequence-an-agile-integration-game/,/2018/06/sequence-an-agile-integration-game/,vertaald:artikel,REDIRECT,301 · 1 hop
/es/2018/07/a-non-it-scrum-simulation-game-learn-scrum-and-self-organizing-through-a-game/,/2018/07/a-non-it-scrum-simulation-game-learn-scrum-and-self-organizing-through-a-game/,vertaald:artikel,REDIRECT,301 · 1 hop
/es/2018/07/a-non-it-scrum-simulation-game-learn-scrum-and-self-organizing-through-a-game/feed/,/2018/07/a-non-it-scrum-simulation-game-learn-scrum-and-self-organizing-through-a-game/,vertaald:feed,REDIRECT,301 · 1 hop
/es/2018/07/check-your-mindset/,/2018/07/check-your-mindset/,vertaald:artikel,REDIRECT,301 · 1 hop
/es/2018/07/check-your-mindset/feed/,/2018/07/check-your-mindset/,vertaald:feed,REDIRECT,301 · 1 hop
/es/2018/07/the-feedback-game/,/2018/07/the-feedback-game/,vertaald:artikel,REDIRECT,301 · 1 hop
/es/2018/07/the-feedback-game/feed/,/2018/07/the-feedback-game/,vertaald:feed,REDIRECT,301 · 1 hop
/es/2018/08/the-matchup-canvas/,/2018/08/the-matchup-canvas/,vertaald:artikel,REDIRECT,301 · 1 hop
/es/2018/08/the-spark-engine/,/2018/08/the-spark-engine/,vertaald:artikel,REDIRECT,301 · 1 hop
/es/2018/08/the-spark-engine/comment-page-1/,/2018/08/the-spark-engine/,vertaald:reactiepagina,REDIRECT,301 · 1 hop
/es/2018/08/the-spark-engine/feed/,/2018/08/the-spark-engine/,vertaald:feed,REDIRECT,301 · 1 hop
/es/2018/09/heart-of-agile-psychic-handshake/,/2018/09/heart-of-agile-psychic-handshake/,vertaald:artikel,REDIRECT,301 · 1 hop
/es/2018/11/core-less-game/,/2018/11/core-less-game/,vertaald:artikel,REDIRECT,301 · 1 hop
/es/2018/12/valuable-paper-airplanes/,/2018/12/valuable-paper-airplanes/,vertaald:artikel,REDIRECT,301 · 1 hop
/es/2019/01/witches-cooking-reunion/,/2019/01/witches-cooking-reunion/,vertaald:artikel,REDIRECT,301 · 1 hop
/es/about/,/about/,vertaald:pagina,REDIRECT,301 · 1 hop
/es/about/don-mcgreal/,/about/don-mcgreal/,vertaald:pagina,REDIRECT,301 · 1 hop
/es/about/don-mcgreal/feed/,/rss.xml,vertaald:feed,REDIRECT,301 · 1 hop
/es/about/feed/,/rss.xml,vertaald:feed,REDIRECT,301 · 1 hop
/es/about/get-involved/,/about/get-involved/,vertaald:pagina,REDIRECT,301 · 1 hop
/es/about/get-involved/feed/,/rss.xml,vertaald:feed,REDIRECT,301 · 1 hop
/es/about/michael-mccullough/,/about/michael-mccullough/,vertaald:pagina,REDIRECT,301 · 1 hop
/es/about/michael-mccullough/feed/,/rss.xml,vertaald:feed,REDIRECT,301 · 1 hop
/es/about/michael-mccullough/michael-mccullough/,/about/michael-mccullough/,vertaald:pagina,REDIRECT,301 · 2 hops
/es/about/michael-mccullough/michael-mccullough/feed/,/rss.xml,vertaald:feed,REDIRECT,301 · 1 hop
/es/about/michael-sahota/,/about/michael-sahota/,vertaald:pagina,REDIRECT,301 · 1 hop
/es/about/michael-sahota/feed/,/rss.xml,vertaald:feed,REDIRECT,301 · 1 hop
/es/about/translation-project/,/about/translation-project/,vertaald:pagina,REDIRECT,301 · 1 hop
/es/about/translation-project/feed/,/rss.xml,vertaald:feed,REDIRECT,301 · 1 hop
/es/agile-games-conference-2011/,/agile-games-conference-2011/,vertaald:pagina,REDIRECT,301 · 1 hop
/es/agile-games-conference-2011/feed/,/rss.xml,vertaald:feed,REDIRECT,301 · 1 hop
/es/all-games/,,vertaald:pagina,GONE,pagina ontbreekt in de Engelse export
/es/all-games/feed/,/rss.xml,vertaald:feed,REDIRECT,301 · 1 hop
/es/author/aaturuit-com/,/author/uruit-agile-adoption-team/,vertaald:auteur,REDIRECT,301 · 1 hop
/es/author/aaturuit-com/feed/,/rss.xml,vertaald:feed,REDIRECT,301 · 1 hop
/es/author/abi-bellgmail-com/,/author/abi-bellamkonda/,vertaald:auteur,REDIRECT,301 · 1 hop
/es/author/about/michael-mccullough/,,vertaald:auteur,GONE,author-nested
/es/author/admin/,/author/michael-mccullough/,vertaald:auteur,REDIRECT,301 · 1 hop
/es/author/admin/feed/,/rss.xml,vertaald:feed,REDIRECT,301 · 1 hop
/es/author/agiledoodgmail-com/,/author/jason-little/,vertaald:auteur,REDIRECT,301 · 1 hop
/es/author/agiledoodgmail-com/feed/,/rss.xml,vertaald:feed,REDIRECT,301 · 1 hop
/es/author/agileinitiativesgmail-com/,/author/gretchen-knode/,vertaald:auteur,REDIRECT,301 · 1 hop
/es/author/agileschoolsgmail-com/,/author/john-miller/,vertaald:auteur,REDIRECT,301 · 1 hop
/es/author/agileschoolsgmail-com/feed/,/rss.xml,vertaald:feed,REDIRECT,301 · 1 hop
/es/author/agilityteamduo-nl/,/author/duo-agilityteam/,vertaald:auteur,REDIRECT,301 · 1 hop
/es/author/ahilesblueyonder-co-uk/,/author/andy-hiles/,vertaald:auteur,REDIRECT,301 · 1 hop
/es/author/ahilesblueyonder-co-uk/feed/,/rss.xml,vertaald:feed,REDIRECT,301 · 1 hop
/es/author/aleem-khan360pmo-com/,/author/aleem-khan/,vertaald:auteur,REDIRECT,301 · 1 hop
/es/author/alexb/,/author/alex-boutin/,vertaald:auteur,REDIRECT,301 · 1 hop
/es/author/alexb/feed/,/rss.xml,vertaald:feed,REDIRECT,301 · 1 hop
/es/author/alexey-pikulevagiletech-ru/,/author/alexey-pikulev/,vertaald:auteur,REDIRECT,301 · 1 hop
/es/author/alexey-pikulevagiletech-ru/feed/,/rss.xml,vertaald:feed,REDIRECT,301 · 1 hop
/es/author/alexeykrivitskygmail-com/,/author/alexey-krivitsky/,vertaald:auteur,REDIRECT,301 · 1 hop
/es/author/alexeykrivitskygmail-com/feed/,/rss.xml,vertaald:feed,REDIRECT,301 · 1 hop
/es/author/amr-noamangmail-com/,/author/amr-noaman/,vertaald:auteur,REDIRECT,301 · 1 hop
/es/author/amr-noamangmail-com/feed/,/rss.xml,vertaald:feed,REDIRECT,301 · 1 hop
/es/author/andrewjcharltonhotmail-com/,/author/andrew-charlton/,vertaald:auteur,REDIRECT,301 · 1 hop
/es/author/andrewruslinghotmail-com/,/author/andrew-rusling/,vertaald:auteur,REDIRECT,301 · 1 hop
/es/author/andrewruslinghotmail-com/feed/,/rss.xml,vertaald:feed,REDIRECT,301 · 1 hop
/es/author/artsintersticesgmail-com/,/author/elinor-slomba/,vertaald:auteur,REDIRECT,301 · 1 hop
/es/author/artsintersticesgmail-com/feed/,/rss.xml,vertaald:feed,REDIRECT,301 · 1 hop
/es/author/b-scharlauabdn-ac-uk/,/author/b-scharlau-abdn-ac-uk/,vertaald:auteur,REDIRECT,301 · 1 hop
/es/author/bencarey/,/author/ben-carey/,vertaald:auteur,REDIRECT,301 · 1 hop
/es/author/bencarey/feed/,/rss.xml,vertaald:feed,REDIRECT,301 · 1 hop
/es/author/brunot-nicolasgmail-com/,/author/nicolas-brunot/,vertaald:auteur,REDIRECT,301 · 1 hop
/es/author/brunot-nicolasgmail-com/feed/,/rss.xml,vertaald:feed,REDIRECT,301 · 1 hop
/es/author/carolina-gorositogmail-com/,/author/carolina-gorosito/,vertaald:auteur,REDIRECT,301 · 1 hop
/es/author/cetidata-pl/,/author/adam-cetnerowski/,vertaald:auteur,REDIRECT,301 · 1 hop
/es/author/chrisdeniaud-eu/,/author/chris-deniaud/,vertaald:auteur,REDIRECT,301 · 1 hop
/es/author/chrisdeniaud-eu/feed/,/rss.xml,vertaald:feed,REDIRECT,301 · 1 hop
/es/author/craig-browncraigwbrown-net/,,vertaald:auteur,GONE,auteurarchief zonder gemigreerd record
/es/author/craigstrongandagile-co-uk/,/author/craig-strong/,vertaald:auteur,REDIRECT,301 · 1 hop
/es/author/craigstrongandagile-co-uk/feed/,/rss.xml,vertaald:feed,REDIRECT,301 · 1 hop
/es/author/d-andre-dhondtgmail-com/,/author/andre-dhondt/,vertaald:auteur,REDIRECT,301 · 1 hop
/es/author/d-andre-dhondtgmail-com/feed/,/rss.xml,vertaald:feed,REDIRECT,301 · 1 hop
/es/author/david_kanehouseofyin-com/,/author/david-kane/,vertaald:auteur,REDIRECT,301 · 1 hop
/es/author/davidscrumandkanban-co-uk/,/author/david-lowe/,vertaald:auteur,REDIRECT,301 · 1 hop
/es/author/ddwebgate-ltd-uk/,/author/derek-davidson/,vertaald:auteur,REDIRECT,301 · 1 hop
/es/author/debdeborahpreuss-com/,/author/deborah-hartmann-preuss/,vertaald:auteur,REDIRECT,301 · 1 hop
/es/author/deepakjsfwltd-co-uk/,/author/deepak-joshi/,vertaald:auteur,REDIRECT,301 · 1 hop
/es/author/dennis-somervillegmail-com/,/author/dennis-somerville/,vertaald:auteur,REDIRECT,301 · 1 hop
/es/author/dennis-somervillegmail-com/feed/,/rss.xml,vertaald:feed,REDIRECT,301 · 1 hop
/es/author/dkoontz/,/author/david-koontz/,vertaald:auteur,REDIRECT,301 · 1 hop
/es/author/dkoontz/feed/,/rss.xml,vertaald:feed,REDIRECT,301 · 1 hop
/es/author/docanotherthought-com/,/author/doc-list/,vertaald:auteur,REDIRECT,301 · 1 hop
/es/author/docanotherthought-com/feed/,/rss.xml,vertaald:feed,REDIRECT,301 · 1 hop
/es/author/don/,/author/don-mcgreal/,vertaald:auteur,REDIRECT,301 · 1 hop
/es/author/don/feed/,/rss.xml,vertaald:feed,REDIRECT,301 · 1 hop
/es/author/edbruingmail-com/,/author/e-bruin/,vertaald:auteur,REDIRECT,301 · 1 hop
/es/author/edbruingmail-com/feed/,/rss.xml,vertaald:feed,REDIRECT,301 · 1 hop
/es/author/egrove/,/author/ellen-grove/,vertaald:auteur,REDIRECT,301 · 1 hop
/es/author/egrove/feed/,/rss.xml,vertaald:feed,REDIRECT,301 · 1 hop
/es/author/eloise-pelsergmail-com/,/author/eloise-pelser/,vertaald:auteur,REDIRECT,301 · 1 hop
/es/author/eloise-pelsergmail-com/feed/,/rss.xml,vertaald:feed,REDIRECT,301 · 1 hop
/es/author/erichbuhlerhotmail-com/,/author/erich-buhler/,vertaald:auteur,REDIRECT,301 · 1 hop
/es/author/erichbuhlerhotmail-com/feed/,/rss.xml,vertaald:feed,REDIRECT,301 · 1 hop
/es/author/erwinkoogh-com/,/author/erwin-van-der-koogh/,vertaald:auteur,REDIRECT,301 · 1 hop
/es/author/erwinkoogh-com/feed/,/rss.xml,vertaald:feed,REDIRECT,301 · 1 hop
/es/author/fabrice-aimettigmail-com/,/author/fabrice-aimetti/,vertaald:auteur,REDIRECT,301 · 1 hop
/es/author/fabrice-aimettigmail-com/feed/,/rss.xml,vertaald:feed,REDIRECT,301 · 1 hop
/es/author/fancydevgmail-com/,/author/illya-pavlichenko/,vertaald:auteur,REDIRECT,301 · 1 hop
/es/author/fancydevgmail-com/feed/,/rss.xml,vertaald:feed,REDIRECT,301 · 1 hop
/es/author/fredrikwendt-se/,/author/fredrik-wendt/,vertaald:auteur,REDIRECT,301 · 1 hop
/es/author/geoffwatts/,/author/geoff-watts/,vertaald:auteur,REDIRECT,301 · 1 hop
/es/author/geoffwatts/feed/,/rss.xml,vertaald:feed,REDIRECT,301 · 1 hop
/es/author/heitor/,/author/heitor-filho/,vertaald:auteur,REDIRECT,301 · 1 hop
/es/author/heitor/feed/,/rss.xml,vertaald:feed,REDIRECT,301 · 1 hop
/es/author/hugo-emondgmail-com/,/author/hugo-emond/,vertaald:auteur,REDIRECT,301 · 1 hop
/es/author/hugo-emondgmail-com/feed/,/rss.xml,vertaald:feed,REDIRECT,301 · 1 hop
/es/author/infojesusmendez-ca/,/author/jesus-mendez/,vertaald:auteur,REDIRECT,301 · 1 hop
/es/author/infojesusmendez-ca/feed/,/rss.xml,vertaald:feed,REDIRECT,301 · 1 hop
/es/author/jameshurricanefour-com/,/author/james-scrimshire/,vertaald:auteur,REDIRECT,301 · 1 hop
/es/author/jason-t-knightgmail-com/,/author/jason-knight/,vertaald:auteur,REDIRECT,301 · 1 hop
/es/author/jason-t-knightgmail-com/feed/,/rss.xml,vertaald:feed,REDIRECT,301 · 1 hop
/es/author/javamvgmail-com/,/author/slava-moskalenko/,vertaald:auteur,REDIRECT,301 · 1 hop
/es/author/jeremy-willetsonbase-com/,/author/jeremy-willets/,vertaald:auteur,REDIRECT,301 · 1 hop
/es/author/jonathanbitwix-com/,/author/jonathan-clarke/,vertaald:auteur,REDIRECT,301 · 1 hop
/es/author/jonathanbitwix-com/feed/,/rss.xml,vertaald:feed,REDIRECT,301 · 1 hop
/es/author/jonnorthernshoreconsulting-co-uk/,/author/jon-mcnestrie/,vertaald:auteur,REDIRECT,301 · 1 hop
/es/author/karlscotland/,/author/karl-scotland/,vertaald:auteur,REDIRECT,301 · 1 hop
/es/author/karlscotland/feed/,/rss.xml,vertaald:feed,REDIRECT,301 · 1 hop
/es/author/kosciejewgmail-com/,/author/jeff-kosciejew/,vertaald:auteur,REDIRECT,301 · 1 hop
/es/author/kosciejewgmail-com/feed/,/rss.xml,vertaald:feed,REDIRECT,301 · 1 hop
/es/author/kruse-ralfgooglemail-com/,/author/ralf-kruse/,vertaald:auteur,REDIRECT,301 · 1 hop
/es/author/kruse-ralfgooglemail-com/feed/,/rss.xml,vertaald:feed,REDIRECT,301 · 1 hop
/es/author/lthomasburrislogistics-com/,/author/lauren-thomas/,vertaald:auteur,REDIRECT,301 · 1 hop
/es/author/lthomasburrislogistics-com/feed/,/rss.xml,vertaald:feed,REDIRECT,301 · 1 hop
/es/author/luke-hohmann/,/author/luke-hohmann/,vertaald:auteur,REDIRECT,301 · 1 hop
/es/author/luke-hohmann/feed/,/rss.xml,vertaald:feed,REDIRECT,301 · 1 hop
/es/author/marcin-floryangmail-com/,/author/marcin-floryan/,vertaald:auteur,REDIRECT,301 · 1 hop
/es/author/marcin-floryangmail-com/feed/,/rss.xml,vertaald:feed,REDIRECT,301 · 1 hop
/es/author/marketinguruitgmail-com/,/author/martin-mari/,vertaald:auteur,REDIRECT,301 · 1 hop
/es/author/markus-wittwerweb-de/,/author/markus-wittwer/,vertaald:auteur,REDIRECT,301 · 1 hop
/es/author/markus-wittwerweb-de/feed/,/rss.xml,vertaald:feed,REDIRECT,301 · 1 hop
/es/author/martenscljgmail-com/,/author/christo-martens/,vertaald:auteur,REDIRECT,301 · 1 hop
/es/author/martenscljgmail-com/feed/,/rss.xml,vertaald:feed,REDIRECT,301 · 1 hop
/es/author/matthewrphilipgmail-com/,/author/matt-philip/,vertaald:auteur,REDIRECT,301 · 1 hop
/es/author/matthewrphilipgmail-com/feed/,/rss.xml,vertaald:feed,REDIRECT,301 · 1 hop
/es/author/matthias-jouangmail-com/,/author/matthias-jouan/,vertaald:auteur,REDIRECT,301 · 1 hop
/es/author/matthias-jouangmail-com/feed/,/rss.xml,vertaald:feed,REDIRECT,301 · 1 hop
/es/author/mbowlergargoylesoftware-com/,/author/mike-bowler/,vertaald:auteur,REDIRECT,301 · 1 hop
/es/author/mbowlergargoylesoftware-com/feed/,/rss.xml,vertaald:feed,REDIRECT,301 · 1 hop
/es/author/mburrows/,/author/mike-burrows/,vertaald:auteur,REDIRECT,301 · 1 hop
/es/author/mburrows/feed/,/rss.xml,vertaald:feed,REDIRECT,301 · 1 hop
/es/author/mcjenkinsgmail-com/,/author/marie-claire-dean/,vertaald:auteur,REDIRECT,301 · 1 hop
/es/author/mcjenkinsgmail-com/feed/,/rss.xml,vertaald:feed,REDIRECT,301 · 1 hop
/es/author/michael-sahota/,/author/michael-sahota/,vertaald:auteur,REDIRECT,301 · 1 hop
/es/author/michael-sahota/feed/,/rss.xml,vertaald:feed,REDIRECT,301 · 1 hop
/es/author/mike-burnsalumni-qut-edu-au/,/author/mike-burns/,vertaald:auteur,REDIRECT,301 · 1 hop
/es/author/mike-mccullough/,/author/mike-mccullough/,vertaald:auteur,REDIRECT,301 · 1 hop
/es/author/mike-mccullough/feed/,/rss.xml,vertaald:feed,REDIRECT,301 · 1 hop
/es/author/mikeleanintuit-com/,/author/mike-leanintuit-com/,vertaald:auteur,REDIRECT,301 · 1 hop
/es/author/mikeleanintuit-com/feed/,/rss.xml,vertaald:feed,REDIRECT,301 · 1 hop
/es/author/mozratgmail-com/,/author/simon-morris/,vertaald:auteur,REDIRECT,301 · 1 hop
/es/author/mozratgmail-com/feed/,/rss.xml,vertaald:feed,REDIRECT,301 · 1 hop
/es/author/mtbadgleygmail-com/,/author/matt-badgley/,vertaald:auteur,REDIRECT,301 · 1 hop
/es/author/mtbadgleygmail-com/feed/,/rss.xml,vertaald:feed,REDIRECT,301 · 1 hop
/es/author/n_zdunicyahoo-com-au/,/author/nick-zdunic/,vertaald:auteur,REDIRECT,301 · 1 hop
/es/author/n_zdunicyahoo-com-au/feed/,/rss.xml,vertaald:feed,REDIRECT,301 · 1 hop
/es/author/ntalensgmail-com/,/author/niels-talens/,vertaald:auteur,REDIRECT,301 · 1 hop
/es/author/ntalensgmail-com/feed/,/rss.xml,vertaald:feed,REDIRECT,301 · 1 hop
/es/author/nuno_borgeshotmail-com/,/author/nuno-borges/,vertaald:auteur,REDIRECT,301 · 1 hop
/es/author/ocbermudezgmail-com/,/author/ocbermudez/,vertaald:auteur,REDIRECT,301 · 1 hop
/es/author/ocbermudezgmail-com/feed/,/rss.xml,vertaald:feed,REDIRECT,301 · 1 hop
/es/author/olivier-destradefree-fr/,/author/olivier-destrade/,vertaald:auteur,REDIRECT,301 · 1 hop
/es/author/olivier-destradefree-fr/feed/,/rss.xml,vertaald:feed,REDIRECT,301 · 1 hop
/es/author/paul-osbornpharmacyonesource-com/,/author/paul-osborn/,vertaald:auteur,REDIRECT,301 · 1 hop
/es/author/paulagilify-co-uk/,/author/paul-goddard/,vertaald:auteur,REDIRECT,301 · 1 hop
/es/author/paulagilify-co-uk/feed/,/rss.xml,vertaald:feed,REDIRECT,301 · 1 hop
/es/author/pib-mtgmx-de/,/author/michael-tarnowski/,vertaald:auteur,REDIRECT,301 · 1 hop
/es/author/pierreneisgmail-com/,/author/pierre-e-neis/,vertaald:auteur,REDIRECT,301 · 1 hop
/es/author/pierreneisgmail-com/feed/,/rss.xml,vertaald:feed,REDIRECT,301 · 1 hop
/es/author/rdenisoncaptechconsulting-com/,/author/rob-denison/,vertaald:auteur,REDIRECT,301 · 1 hop
/es/author/renee-troughtongmail-com/,/author/renee-troughton/,vertaald:auteur,REDIRECT,301 · 1 hop
/es/author/renee-troughtongmail-com/feed/,/rss.xml,vertaald:feed,REDIRECT,301 · 1 hop
/es/author/richardkasperowski/,/author/richard-kasperowski/,vertaald:auteur,REDIRECT,301 · 1 hop
/es/author/richardkasperowski/feed/,/rss.xml,vertaald:feed,REDIRECT,301 · 1 hop
/es/author/robert-batusekgmail-com/,/author/robert-batusek/,vertaald:auteur,REDIRECT,301 · 1 hop
/es/author/robert-batusekgmail-com/feed/,/rss.xml,vertaald:feed,REDIRECT,301 · 1 hop
/es/author/romaintrocheriegmail-com/,/author/romain-trocherie/,vertaald:auteur,REDIRECT,301 · 1 hop
/es/author/romaintrocheriegmail-com/feed/,/rss.xml,vertaald:feed,REDIRECT,301 · 1 hop
/es/author/sabbaghgmail-com/,/author/rafael-sabbagh/,vertaald:auteur,REDIRECT,301 · 1 hop
/es/author/sabbaghgmail-com/feed/,/rss.xml,vertaald:feed,REDIRECT,301 · 1 hop
/es/author/samuelnew-bamboo-co-uk/,/author/sam-whiting/,vertaald:auteur,REDIRECT,301 · 1 hop
/es/author/samuelnew-bamboo-co-uk/feed/,/rss.xml,vertaald:feed,REDIRECT,301 · 1 hop
/es/author/seabreezes1iglide-net/,/author/karen-favazza-spencer-2/,vertaald:auteur,REDIRECT,301 · 1 hop
/es/author/seabreezes1iglide-net/feed/,/rss.xml,vertaald:feed,REDIRECT,301 · 1 hop
/es/author/seanseantrobinson-co-uk/,/author/sean-robinson/,vertaald:auteur,REDIRECT,301 · 1 hop
/es/author/seanseantrobinson-co-uk/feed/,/rss.xml,vertaald:feed,REDIRECT,301 · 1 hop
/es/author/sgh-nijenhuisgmail-com/,/author/stefan-nijenhuis/,vertaald:auteur,REDIRECT,301 · 1 hop
/es/author/sgh-nijenhuisgmail-com/feed/,/rss.xml,vertaald:feed,REDIRECT,301 · 1 hop
/es/author/stavrossfmi-uni-sofia-bg/,/author/stavros-stavru/,vertaald:auteur,REDIRECT,301 · 1 hop
/es/author/stavrossfmi-uni-sofia-bg/feed/,/rss.xml,vertaald:feed,REDIRECT,301 · 1 hop
/es/author/steverogalsky-ca/,/author/steve-rogalsky/,vertaald:auteur,REDIRECT,301 · 1 hop
/es/author/stiedlmoccasoft-com/,/author/anja-stiedl/,vertaald:auteur,REDIRECT,301 · 1 hop
/es/author/stiedlmoccasoft-com/feed/,/rss.xml,vertaald:feed,REDIRECT,301 · 1 hop
/es/author/sune-lomholtgmail-com/,/author/sune-lomholt/,vertaald:auteur,REDIRECT,301 · 1 hop
/es/author/sune-lomholtgmail-com/feed/,/rss.xml,vertaald:feed,REDIRECT,301 · 1 hop
/es/author/tatyanayanush/,/author/tatyana-yanush/,vertaald:auteur,REDIRECT,301 · 1 hop
/es/author/tatyanayanush/feed/,/rss.xml,vertaald:feed,REDIRECT,301 · 1 hop
/es/author/tctc-dk/,/author/tc-tc-dk/,vertaald:auteur,REDIRECT,301 · 1 hop
/es/author/tctc-dk/feed/,/rss.xml,vertaald:feed,REDIRECT,301 · 1 hop
/es/author/thomy-kayonline-de/,/author/thomy-kay/,vertaald:auteur,REDIRECT,301 · 1 hop
/es/author/thomy-kayonline-de/feed/,/rss.xml,vertaald:feed,REDIRECT,301 · 1 hop
/es/author/timyevgrashyn/,/author/tim-yevgrashyn/,vertaald:auteur,REDIRECT,301 · 1 hop
/es/author/timyevgrashyn/feed/,/rss.xml,vertaald:feed,REDIRECT,301 · 1 hop
/es/author/toddtoddcharron-com/,/author/todd-charron/,vertaald:auteur,REDIRECT,301 · 1 hop
/es/author/toddtoddcharron-com/feed/,/rss.xml,vertaald:feed,REDIRECT,301 · 1 hop
/es/author/vasan-ramtastycupcakesgmail-com-2/,/author/ram-srinivasan/,vertaald:auteur,REDIRECT,301 · 1 hop
/es/author/vasan-ramtastycupcakesgmail-com-2/feed/,/rss.xml,vertaald:feed,REDIRECT,301 · 1 hop
/es/author/vkbandaruyahoo-com/,/author/vijay-bandaru-2/,vertaald:auteur,REDIRECT,301 · 1 hop
/es/author/vkbandaruyahoo-com/feed/,/rss.xml,vertaald:feed,REDIRECT,301 · 1 hop
/es/author/wasitovayahoo-com/,/author/silvana-wasitova/,vertaald:auteur,REDIRECT,301 · 1 hop
/es/author/wasitovayahoo-com/feed/,/rss.xml,vertaald:feed,REDIRECT,301 · 1 hop
/es/author/zvonimir-krizgmail-com/,,vertaald:auteur,GONE,auteurarchief zonder gemigreerd record
/es/author/zvonimir-krizgmail-com/feed/,/rss.xml,vertaald:feed,REDIRECT,301 · 1 hop
/es/category/agile/,/category/agile/,vertaald:categorie,REDIRECT,301 · 1 hop
/es/category/agile/feed/,/rss.xml,vertaald:feed,REDIRECT,301 · 1 hop
/es/category/agile/page/10/,/category/agile/page/10/,vertaald:categorie-paginering,REDIRECT,301 · 1 hop
/es/category/agile/page/11/,/category/agile/page/11/,vertaald:categorie-paginering,REDIRECT,301 · 1 hop
/es/category/agile/page/12/,/category/agile/page/12/,vertaald:categorie-paginering,REDIRECT,301 · 1 hop
/es/category/agile/page/13/,/category/agile/page/13/,vertaald:categorie-paginering,REDIRECT,301 · 1 hop
/es/category/agile/page/14/,/category/agile/page/14/,vertaald:categorie-paginering,REDIRECT,301 · 1 hop
/es/category/agile/page/15/,/category/agile/page/15/,vertaald:categorie-paginering,REDIRECT,301 · 1 hop
/es/category/agile/page/16/,/category/agile/page/16/,vertaald:categorie-paginering,REDIRECT,301 · 1 hop
/es/category/agile/page/17/,/category/agile/page/17/,vertaald:categorie-paginering,REDIRECT,301 · 1 hop
/es/category/agile/page/2/,/category/agile/page/2/,vertaald:categorie-paginering,REDIRECT,301 · 1 hop
/es/category/agile/page/3/,/category/agile/page/3/,vertaald:categorie-paginering,REDIRECT,301 · 1 hop
/es/category/agile/page/4/,/category/agile/page/4/,vertaald:categorie-paginering,REDIRECT,301 · 1 hop
/es/category/agile/page/5/,/category/agile/page/5/,vertaald:categorie-paginering,REDIRECT,301 · 1 hop
/es/category/agile/page/6/,/category/agile/page/6/,vertaald:categorie-paginering,REDIRECT,301 · 1 hop
/es/category/agile/page/7/,/category/agile/page/7/,vertaald:categorie-paginering,REDIRECT,301 · 1 hop
/es/category/agile/page/8/,/category/agile/page/8/,vertaald:categorie-paginering,REDIRECT,301 · 1 hop
/es/category/agile/page/9/,/category/agile/page/9/,vertaald:categorie-paginering,REDIRECT,301 · 1 hop
/es/category/communication/,/category/communication/,vertaald:categorie,REDIRECT,301 · 1 hop
/es/category/communication/feed/,/rss.xml,vertaald:feed,REDIRECT,301 · 1 hop
/es/category/communication/page/2/,/category/communication/page/2/,vertaald:categorie-paginering,REDIRECT,301 · 1 hop
/es/category/communication/page/3/,/category/communication/page/3/,vertaald:categorie-paginering,REDIRECT,301 · 1 hop
/es/category/communication/page/4/,/category/communication/page/4/,vertaald:categorie-paginering,REDIRECT,301 · 1 hop
/es/category/communication/page/5/,/category/communication/page/5/,vertaald:categorie-paginering,REDIRECT,301 · 1 hop
/es/category/communication/page/6/,/category/communication/page/6/,vertaald:categorie-paginering,REDIRECT,301 · 1 hop
/es/category/communication/page/7/,/category/communication/page/7/,vertaald:categorie-paginering,REDIRECT,301 · 1 hop
/es/category/communication/page/8/,/category/communication/page/8/,vertaald:categorie-paginering,REDIRECT,301 · 1 hop
/es/category/development/,/category/development/,vertaald:categorie,REDIRECT,301 · 1 hop
/es/category/development/feed/,/rss.xml,vertaald:feed,REDIRECT,301 · 1 hop
/es/category/development/page/2/,/category/development/page/2/,vertaald:categorie-paginering,REDIRECT,301 · 1 hop
/es/category/development/page/3/,/category/development/page/3/,vertaald:categorie-paginering,REDIRECT,301 · 1 hop
/es/category/development/page/4/,/category/development/page/4/,vertaald:categorie-paginering,REDIRECT,301 · 1 hop
/es/category/development/page/5/,/category/development/page/5/,vertaald:categorie-paginering,REDIRECT,301 · 1 hop
/es/category/development/page/6/,/category/development/page/6/,vertaald:categorie-paginering,REDIRECT,301 · 1 hop
/es/category/games/,/category/games/,vertaald:categorie,REDIRECT,301 · 1 hop
/es/category/games/feed/,/rss.xml,vertaald:feed,REDIRECT,301 · 1 hop
/es/category/games/page/10/,/category/games/page/10/,vertaald:categorie-paginering,REDIRECT,301 · 1 hop
/es/category/games/page/11/,/category/games/page/11/,vertaald:categorie-paginering,REDIRECT,301 · 1 hop
/es/category/games/page/12/,/category/games/page/12/,vertaald:categorie-paginering,REDIRECT,301 · 1 hop
/es/category/games/page/13/,/category/games/page/13/,vertaald:categorie-paginering,REDIRECT,301 · 1 hop
/es/category/games/page/14/,/category/games/page/14/,vertaald:categorie-paginering,REDIRECT,301 · 1 hop
/es/category/games/page/15/,/category/games/page/15/,vertaald:categorie-paginering,REDIRECT,301 · 1 hop
/es/category/games/page/16/,/category/games/page/16/,vertaald:categorie-paginering,REDIRECT,301 · 1 hop
/es/category/games/page/17/,/category/games/page/17/,vertaald:categorie-paginering,REDIRECT,301 · 1 hop
/es/category/games/page/18/,/category/games/page/18/,vertaald:categorie-paginering,REDIRECT,301 · 1 hop
/es/category/games/page/19/,/category/games/page/19/,vertaald:categorie-paginering,REDIRECT,301 · 1 hop
/es/category/games/page/2/,/category/games/page/2/,vertaald:categorie-paginering,REDIRECT,301 · 1 hop
/es/category/games/page/20/,/category/games/page/20/,vertaald:categorie-paginering,REDIRECT,301 · 1 hop
/es/category/games/page/21/,/category/games/page/21/,vertaald:categorie-paginering,REDIRECT,301 · 1 hop
/es/category/games/page/22/,/category/games/page/22/,vertaald:categorie-paginering,REDIRECT,301 · 1 hop
/es/category/games/page/3/,/category/games/page/3/,vertaald:categorie-paginering,REDIRECT,301 · 1 hop
/es/category/games/page/4/,/category/games/page/4/,vertaald:categorie-paginering,REDIRECT,301 · 1 hop
/es/category/games/page/5/,/category/games/page/5/,vertaald:categorie-paginering,REDIRECT,301 · 1 hop
/es/category/games/page/6/,/category/games/page/6/,vertaald:categorie-paginering,REDIRECT,301 · 1 hop
/es/category/games/page/7/,/category/games/page/7/,vertaald:categorie-paginering,REDIRECT,301 · 1 hop
/es/category/games/page/8/,/category/games/page/8/,vertaald:categorie-paginering,REDIRECT,301 · 1 hop
/es/category/games/page/9/,/category/games/page/9/,vertaald:categorie-paginering,REDIRECT,301 · 1 hop
/es/category/instructing/,/category/instructing/,vertaald:categorie,REDIRECT,301 · 1 hop
/es/category/instructing/feed/,/rss.xml,vertaald:feed,REDIRECT,301 · 1 hop
/es/category/instructing/page/2/,/category/instructing/page/2/,vertaald:categorie-paginering,REDIRECT,301 · 1 hop
/es/category/lean/,/category/lean/,vertaald:categorie,REDIRECT,301 · 1 hop
/es/category/lean/feed/,/rss.xml,vertaald:feed,REDIRECT,301 · 1 hop
/es/category/lean/page/2/,/category/lean/page/2/,vertaald:categorie-paginering,REDIRECT,301 · 1 hop
/es/category/lean/page/3/,/category/lean/page/3/,vertaald:categorie-paginering,REDIRECT,301 · 1 hop
/es/category/lean/page/4/,/category/lean/page/4/,vertaald:categorie-paginering,REDIRECT,301 · 1 hop
/es/category/product/,/category/product/,vertaald:categorie,REDIRECT,301 · 1 hop
/es/category/product/feed/,/rss.xml,vertaald:feed,REDIRECT,301 · 1 hop
/es/category/product/page/2/,/category/product/page/2/,vertaald:categorie-paginering,REDIRECT,301 · 1 hop
/es/category/product/page/3/,/category/product/page/3/,vertaald:categorie-paginering,REDIRECT,301 · 1 hop
/es/category/product/page/4/,/category/product/page/4/,vertaald:categorie-paginering,REDIRECT,301 · 1 hop
/es/category/product/page/5/,/category/product/page/5/,vertaald:categorie-paginering,REDIRECT,301 · 1 hop
/es/category/product/page/6/,/category/product/page/6/,vertaald:categorie-paginering,REDIRECT,301 · 1 hop
/es/category/project-management/,/category/project-management/,vertaald:categorie,REDIRECT,301 · 1 hop
/es/category/project-management/feed/,/rss.xml,vertaald:feed,REDIRECT,301 · 1 hop
/es/category/project-management/page/10/,/category/project-management/page/10/,vertaald:categorie-paginering,REDIRECT,301 · 1 hop
/es/category/project-management/page/2/,/category/project-management/page/2/,vertaald:categorie-paginering,REDIRECT,301 · 1 hop
/es/category/project-management/page/3/,/category/project-management/page/3/,vertaald:categorie-paginering,REDIRECT,301 · 1 hop
/es/category/project-management/page/4/,/category/project-management/page/4/,vertaald:categorie-paginering,REDIRECT,301 · 1 hop
/es/category/project-management/page/5/,/category/project-management/page/5/,vertaald:categorie-paginering,REDIRECT,301 · 1 hop
/es/category/project-management/page/6/,/category/project-management/page/6/,vertaald:categorie-paginering,REDIRECT,301 · 1 hop
/es/category/project-management/page/7/,/category/project-management/page/7/,vertaald:categorie-paginering,REDIRECT,301 · 1 hop
/es/category/project-management/page/8/,/category/project-management/page/8/,vertaald:categorie-paginering,REDIRECT,301 · 1 hop
/es/category/project-management/page/9/,/category/project-management/page/9/,vertaald:categorie-paginering,REDIRECT,301 · 1 hop
/es/category/requirements/,/category/requirements/,vertaald:categorie,REDIRECT,301 · 1 hop
/es/category/requirements/feed/,/rss.xml,vertaald:feed,REDIRECT,301 · 1 hop
/es/category/requirements/page/2/,/category/requirements/page/2/,vertaald:categorie-paginering,REDIRECT,301 · 1 hop
/es/category/requirements/page/3/,/category/requirements/page/3/,vertaald:categorie-paginering,REDIRECT,301 · 1 hop
/es/category/requirements/page/4/,/category/requirements/page/4/,vertaald:categorie-paginering,REDIRECT,301 · 1 hop
/es/category/requirements/page/5/,/category/requirements/page/5/,vertaald:categorie-paginering,REDIRECT,301 · 1 hop
/es/category/team-dynamics/,/category/team-dynamics/,vertaald:categorie,REDIRECT,301 · 1 hop
/es/category/team-dynamics/feed/,/rss.xml,vertaald:feed,REDIRECT,301 · 1 hop
/es/category/team-dynamics/page/10/,/category/team-dynamics/page/10/,vertaald:categorie-paginering,REDIRECT,301 · 1 hop
/es/category/team-dynamics/page/11/,/category/team-dynamics/page/11/,vertaald:categorie-paginering,REDIRECT,301 · 1 hop
/es/category/team-dynamics/page/2/,/category/team-dynamics/page/2/,vertaald:categorie-paginering,REDIRECT,301 · 1 hop
/es/category/team-dynamics/page/3/,/category/team-dynamics/page/3/,vertaald:categorie-paginering,REDIRECT,301 · 1 hop
/es/category/team-dynamics/page/4/,/category/team-dynamics/page/4/,vertaald:categorie-paginering,REDIRECT,301 · 1 hop
/es/category/team-dynamics/page/5/,/category/team-dynamics/page/5/,vertaald:categorie-paginering,REDIRECT,301 · 1 hop
/es/category/team-dynamics/page/6/,/category/team-dynamics/page/6/,vertaald:categorie-paginering,REDIRECT,301 · 1 hop
/es/category/team-dynamics/page/7/,/category/team-dynamics/page/7/,vertaald:categorie-paginering,REDIRECT,301 · 1 hop
/es/category/team-dynamics/page/8/,/category/team-dynamics/page/8/,vertaald:categorie-paginering,REDIRECT,301 · 1 hop
/es/category/team-dynamics/page/9/,/category/team-dynamics/page/9/,vertaald:categorie-paginering,REDIRECT,301 · 1 hop
/es/category/uncategorized/,/category/uncategorized/,vertaald:categorie,REDIRECT,301 · 1 hop
/es/category/uncategorized/feed/,/rss.xml,vertaald:feed,REDIRECT,301 · 1 hop
/es/feed/,/rss.xml,vertaald:feed,REDIRECT,301 · 1 hop
/es/feed/atom/,/rss.xml,vertaald:feed,REDIRECT,301 · 1 hop
/es/game/,,vertaald:pagina,GONE,pagina vervalt volgens CONTENT-MODEL §4
/es/game/comment-page-1/,,vertaald:pagina,GONE,pagina vervalt volgens CONTENT-MODEL §4
/es/game/feed/,/rss.xml,vertaald:feed,REDIRECT,301 · 1 hop
/es/submit-game-reference/,,vertaald:pagina,GONE,pagina vervalt volgens CONTENT-MODEL §4
/es/submit-game-reference/feed/,/rss.xml,vertaald:feed,REDIRECT,301 · 1 hop
/es/tag/acceptance-criteria/,/tag/acceptance-criteria/,vertaald:tag,REDIRECT,301 · 1 hop
/es/tag/acceptance-criteria/feed/,/rss.xml,vertaald:feed,REDIRECT,301 · 1 hop
/es/tag/adoption/,/tag/adoption/,vertaald:tag,REDIRECT,301 · 1 hop
/es/tag/adoption/feed/,/rss.xml,vertaald:feed,REDIRECT,301 · 1 hop
/es/tag/aeroplane/,/tag/aeroplane/,vertaald:tag,REDIRECT,301 · 1 hop
/es/tag/aeroplane/feed/,/rss.xml,vertaald:feed,REDIRECT,301 · 1 hop
/es/tag/agile-manifesto/,/tag/agile-manifesto/,vertaald:tag,REDIRECT,301 · 1 hop
/es/tag/agile-mindset/,/tag/agile-mindset/,vertaald:tag,REDIRECT,301 · 1 hop
/es/tag/agile-project-management/,/tag/agile-project-management/,vertaald:tag,REDIRECT,301 · 1 hop
/es/tag/agile-project-management/feed/,/rss.xml,vertaald:feed,REDIRECT,301 · 1 hop
/es/tag/agile/,/tag/agile/,vertaald:tag,REDIRECT,301 · 1 hop
/es/tag/agile/feed/,/rss.xml,vertaald:feed,REDIRECT,301 · 1 hop
/es/tag/agile/page/2/,/tag/agile/,vertaald:tag-paginering,REDIRECT,301 · 1 hop
/es/tag/agile/page/3/,/tag/agile/,vertaald:tag-paginering,REDIRECT,301 · 1 hop
/es/tag/agile/page/4/,/tag/agile/,vertaald:tag-paginering,REDIRECT,301 · 1 hop
/es/tag/agile/page/5/,/tag/agile/,vertaald:tag-paginering,REDIRECT,301 · 1 hop
/es/tag/agile/page/6/,/tag/agile/,vertaald:tag-paginering,REDIRECT,301 · 1 hop
/es/tag/agilite/,/tag/agilite/,vertaald:tag,REDIRECT,301 · 1 hop
/es/tag/agilite/feed/,/rss.xml,vertaald:feed,REDIRECT,301 · 1 hop
/es/tag/backlog/,/tag/backlog/,vertaald:tag,REDIRECT,301 · 1 hop
/es/tag/backlog/feed/,/rss.xml,vertaald:feed,REDIRECT,301 · 1 hop
/es/tag/ball-game/,/tag/ball-game/,vertaald:tag,REDIRECT,301 · 1 hop
/es/tag/batches/,/tag/batches/,vertaald:tag,REDIRECT,301 · 1 hop
/es/tag/batches/feed/,/rss.xml,vertaald:feed,REDIRECT,301 · 1 hop
/es/tag/behaviours/,/tag/behaviours/,vertaald:tag,REDIRECT,301 · 1 hop
/es/tag/behaviours/feed/,/rss.xml,vertaald:feed,REDIRECT,301 · 1 hop
/es/tag/board-game/,/tag/board-game/,vertaald:tag,REDIRECT,301 · 1 hop
/es/tag/board-game/feed/,/rss.xml,vertaald:feed,REDIRECT,301 · 1 hop
/es/tag/cards/,/tag/cards/,vertaald:tag,REDIRECT,301 · 1 hop
/es/tag/cards/feed/,/rss.xml,vertaald:feed,REDIRECT,301 · 1 hop
/es/tag/cfd/,/tag/cfd/,vertaald:tag,REDIRECT,301 · 1 hop
/es/tag/cfd/feed/,/rss.xml,vertaald:feed,REDIRECT,301 · 1 hop
/es/tag/change/,/tag/change/,vertaald:tag,REDIRECT,301 · 1 hop
/es/tag/change/feed/,/rss.xml,vertaald:feed,REDIRECT,301 · 1 hop
/es/tag/check-in/,/tag/check-in/,vertaald:tag,REDIRECT,301 · 1 hop
/es/tag/check-out/,/tag/check-out/,vertaald:tag,REDIRECT,301 · 1 hop
/es/tag/choice/,/tag/choice/,vertaald:tag,REDIRECT,301 · 1 hop
/es/tag/choice/feed/,/rss.xml,vertaald:feed,REDIRECT,301 · 1 hop
/es/tag/coaching/,/tag/coaching/,vertaald:tag,REDIRECT,301 · 1 hop
/es/tag/coaching/feed/,/rss.xml,vertaald:feed,REDIRECT,301 · 1 hop
/es/tag/collaboration/,/tag/collaboration/,vertaald:tag,REDIRECT,301 · 1 hop
/es/tag/collaboration/feed/,/rss.xml,vertaald:feed,REDIRECT,301 · 1 hop
/es/tag/collaboration/page/2/,/tag/collaboration/,vertaald:tag-paginering,REDIRECT,301 · 1 hop
/es/tag/collaboration/page/3/,/tag/collaboration/,vertaald:tag-paginering,REDIRECT,301 · 1 hop
/es/tag/collaboration/page/4/,/tag/collaboration/,vertaald:tag-paginering,REDIRECT,301 · 1 hop
/es/tag/collaboration/page/5/,/tag/collaboration/,vertaald:tag-paginering,REDIRECT,301 · 1 hop
/es/tag/communication/,/tag/communication/,vertaald:tag,REDIRECT,301 · 1 hop
/es/tag/communication/feed/,/rss.xml,vertaald:feed,REDIRECT,301 · 1 hop
/es/tag/communication/page/2/,/tag/communication/,vertaald:tag-paginering,REDIRECT,301 · 1 hop
/es/tag/companys-profile/,/tag/companys-profile/,vertaald:tag,REDIRECT,301 · 1 hop
/es/tag/connections/,/tag/connections/,vertaald:tag,REDIRECT,301 · 1 hop
/es/tag/connections/feed/,/rss.xml,vertaald:feed,REDIRECT,301 · 1 hop
/es/tag/constraints/,/tag/constraints/,vertaald:tag,REDIRECT,301 · 1 hop
/es/tag/constraints/feed/,/rss.xml,vertaald:feed,REDIRECT,301 · 1 hop
/es/tag/context-switching/,/tag/context-switching/,vertaald:tag,REDIRECT,301 · 1 hop
/es/tag/context-switching/feed/,/rss.xml,vertaald:feed,REDIRECT,301 · 1 hop
/es/tag/continuous-improvement/,/tag/continuous-improvement/,vertaald:tag,REDIRECT,301 · 1 hop
/es/tag/continuous-improvement/feed/,/rss.xml,vertaald:feed,REDIRECT,301 · 1 hop
/es/tag/continuous-partial-attention/,/tag/continuous-partial-attention/,vertaald:tag,REDIRECT,301 · 1 hop
/es/tag/continuous-partial-attention/feed/,/rss.xml,vertaald:feed,REDIRECT,301 · 1 hop
/es/tag/contraints/,/tag/contraints/,vertaald:tag,REDIRECT,301 · 1 hop
/es/tag/contraints/feed/,/rss.xml,vertaald:feed,REDIRECT,301 · 1 hop
/es/tag/courage/,/tag/courage/,vertaald:tag,REDIRECT,301 · 1 hop
/es/tag/courage/feed/,/rss.xml,vertaald:feed,REDIRECT,301 · 1 hop
/es/tag/creativity/,/tag/creativity/,vertaald:tag,REDIRECT,301 · 1 hop
/es/tag/creativity/feed/,/rss.xml,vertaald:feed,REDIRECT,301 · 1 hop
/es/tag/cross-communication/,/tag/cross-communication/,vertaald:tag,REDIRECT,301 · 1 hop
/es/tag/cross-communication/feed/,/rss.xml,vertaald:feed,REDIRECT,301 · 1 hop
/es/tag/cross-functional-teams/,/tag/cross-functional-teams/,vertaald:tag,REDIRECT,301 · 1 hop
/es/tag/cross-functional-teams/feed/,/rss.xml,vertaald:feed,REDIRECT,301 · 1 hop
/es/tag/customer-understanding/,/tag/customer-understanding/,vertaald:tag,REDIRECT,301 · 1 hop
/es/tag/customer-understanding/feed/,/rss.xml,vertaald:feed,REDIRECT,301 · 1 hop
/es/tag/customer/,/tag/customer/,vertaald:tag,REDIRECT,301 · 1 hop
/es/tag/customer/feed/,/rss.xml,vertaald:feed,REDIRECT,301 · 1 hop
/es/tag/daily-scrum/,/tag/daily-scrum/,vertaald:tag,REDIRECT,301 · 1 hop
/es/tag/daily-scrum/feed/,/rss.xml,vertaald:feed,REDIRECT,301 · 1 hop
/es/tag/daily/,/tag/daily/,vertaald:tag,REDIRECT,301 · 1 hop
/es/tag/daily/feed/,/rss.xml,vertaald:feed,REDIRECT,301 · 1 hop
/es/tag/decision-making/,/tag/decision-making/,vertaald:tag,REDIRECT,301 · 1 hop
/es/tag/decision-making/feed/,/rss.xml,vertaald:feed,REDIRECT,301 · 1 hop
/es/tag/decision/,/tag/decision/,vertaald:tag,REDIRECT,301 · 1 hop
/es/tag/decision/feed/,/rss.xml,vertaald:feed,REDIRECT,301 · 1 hop
/es/tag/definition-of-done/,/tag/definition-of-done/,vertaald:tag,REDIRECT,301 · 1 hop
/es/tag/definition-of-done/feed/,/rss.xml,vertaald:feed,REDIRECT,301 · 1 hop
/es/tag/developer/,/tag/developer/,vertaald:tag,REDIRECT,301 · 1 hop
/es/tag/developer/feed/,/rss.xml,vertaald:feed,REDIRECT,301 · 1 hop
/es/tag/development/,/tag/development/,vertaald:tag,REDIRECT,301 · 1 hop
/es/tag/development/feed/,/rss.xml,vertaald:feed,REDIRECT,301 · 1 hop
/es/tag/distributed-teams/,/tag/distributed-teams/,vertaald:tag,REDIRECT,301 · 1 hop
/es/tag/distributed-teams/feed/,/rss.xml,vertaald:feed,REDIRECT,301 · 1 hop
/es/tag/dod/,/tag/dod/,vertaald:tag,REDIRECT,301 · 1 hop
/es/tag/dod/feed/,/rss.xml,vertaald:feed,REDIRECT,301 · 1 hop
/es/tag/done/,/tag/done/,vertaald:tag,REDIRECT,301 · 1 hop
/es/tag/emergence/,/tag/emergence/,vertaald:tag,REDIRECT,301 · 1 hop
/es/tag/emergence/feed/,/rss.xml,vertaald:feed,REDIRECT,301 · 1 hop
/es/tag/emergent-design/,/tag/emergent-design/,vertaald:tag,REDIRECT,301 · 1 hop
/es/tag/emergent-design/feed/,/rss.xml,vertaald:feed,REDIRECT,301 · 1 hop
/es/tag/empathy/,/tag/empathy/,vertaald:tag,REDIRECT,301 · 1 hop
/es/tag/empathy/feed/,/rss.xml,vertaald:feed,REDIRECT,301 · 1 hop
/es/tag/energise/,/tag/energise/,vertaald:tag,REDIRECT,301 · 1 hop
/es/tag/energizer/,/tag/energizer/,vertaald:tag,REDIRECT,301 · 1 hop
/es/tag/energizer/feed/,/rss.xml,vertaald:feed,REDIRECT,301 · 1 hop
/es/tag/engagement/,/tag/engagement/,vertaald:tag,REDIRECT,301 · 1 hop
/es/tag/engagement/feed/,/rss.xml,vertaald:feed,REDIRECT,301 · 1 hop
/es/tag/estimation/,/tag/estimation/,vertaald:tag,REDIRECT,301 · 1 hop
/es/tag/estimation/feed/,/rss.xml,vertaald:feed,REDIRECT,301 · 1 hop
/es/tag/estimation/page/2/,/tag/estimation/,vertaald:tag-paginering,REDIRECT,301 · 1 hop
/es/tag/evolutionary-design/,/tag/evolutionary-design/,vertaald:tag,REDIRECT,301 · 1 hop
/es/tag/evolutionary-design/feed/,/rss.xml,vertaald:feed,REDIRECT,301 · 1 hop
/es/tag/executive/,/tag/executive/,vertaald:tag,REDIRECT,301 · 1 hop
/es/tag/executive/feed/,/rss.xml,vertaald:feed,REDIRECT,301 · 1 hop
/es/tag/extreme-programming/,/tag/extreme-programming/,vertaald:tag,REDIRECT,301 · 1 hop
/es/tag/extreme-programming/feed/,/rss.xml,vertaald:feed,REDIRECT,301 · 1 hop
/es/tag/facilitation/,/tag/facilitation/,vertaald:tag,REDIRECT,301 · 1 hop
/es/tag/facilitation/feed/,/rss.xml,vertaald:feed,REDIRECT,301 · 1 hop
/es/tag/failure-culture/,/tag/failure-culture/,vertaald:tag,REDIRECT,301 · 1 hop
/es/tag/failure-culture/feed/,/rss.xml,vertaald:feed,REDIRECT,301 · 1 hop
/es/tag/feed-back/,/tag/feed-back/,vertaald:tag,REDIRECT,301 · 1 hop
/es/tag/feed-back/feed/,/rss.xml,vertaald:feed,REDIRECT,301 · 1 hop
/es/tag/flow/,/tag/flow/,vertaald:tag,REDIRECT,301 · 1 hop
/es/tag/flow/feed/,/rss.xml,vertaald:feed,REDIRECT,301 · 1 hop
/es/tag/focus/,/tag/focus/,vertaald:tag,REDIRECT,301 · 1 hop
/es/tag/focus/feed/,/rss.xml,vertaald:feed,REDIRECT,301 · 1 hop
/es/tag/forecasting/,/tag/forecasting/,vertaald:tag,REDIRECT,301 · 1 hop
/es/tag/forming-teams/,/tag/forming-teams/,vertaald:tag,REDIRECT,301 · 1 hop
/es/tag/forming-teams/feed/,/rss.xml,vertaald:feed,REDIRECT,301 · 1 hop
/es/tag/fun/,/tag/fun/,vertaald:tag,REDIRECT,301 · 1 hop
/es/tag/fun/feed/,/rss.xml,vertaald:feed,REDIRECT,301 · 1 hop
/es/tag/game-creation/,/tag/game-creation/,vertaald:tag,REDIRECT,301 · 1 hop
/es/tag/game-creation/feed/,/rss.xml,vertaald:feed,REDIRECT,301 · 1 hop
/es/tag/game/,/tag/game/,vertaald:tag,REDIRECT,301 · 1 hop
/es/tag/game/feed/,/rss.xml,vertaald:feed,REDIRECT,301 · 1 hop
/es/tag/games/,/tag/games/,vertaald:tag,REDIRECT,301 · 1 hop
/es/tag/games/feed/,/rss.xml,vertaald:feed,REDIRECT,301 · 1 hop
/es/tag/gamification/,/tag/gamification/,vertaald:tag,REDIRECT,301 · 1 hop
/es/tag/gamification/feed/,/rss.xml,vertaald:feed,REDIRECT,301 · 1 hop
/es/tag/gather-insights/,/tag/gather-insights/,vertaald:tag,REDIRECT,301 · 1 hop
/es/tag/huddle/,/tag/huddle/,vertaald:tag,REDIRECT,301 · 1 hop
/es/tag/huddle/feed/,/rss.xml,vertaald:feed,REDIRECT,301 · 1 hop
/es/tag/icebreaker/,/tag/icebreaker/,vertaald:tag,REDIRECT,301 · 1 hop
/es/tag/icebreaker/feed/,/rss.xml,vertaald:feed,REDIRECT,301 · 1 hop
/es/tag/improv/,/tag/improv/,vertaald:tag,REDIRECT,301 · 1 hop
/es/tag/improv/feed/,/rss.xml,vertaald:feed,REDIRECT,301 · 1 hop
/es/tag/influence/,/tag/influence/,vertaald:tag,REDIRECT,301 · 1 hop
/es/tag/influence/feed/,/rss.xml,vertaald:feed,REDIRECT,301 · 1 hop
/es/tag/innovation-game/,/tag/innovation-game/,vertaald:tag,REDIRECT,301 · 1 hop
/es/tag/innovation-game/feed/,/rss.xml,vertaald:feed,REDIRECT,301 · 1 hop
/es/tag/innovation-games/,/tag/innovation-games/,vertaald:tag,REDIRECT,301 · 1 hop
/es/tag/innovation-games/feed/,/rss.xml,vertaald:feed,REDIRECT,301 · 1 hop
/es/tag/innovation-games/page/2/,/tag/innovation-games/,vertaald:tag-paginering,REDIRECT,301 · 1 hop
/es/tag/innovation-games/page/3/,/tag/innovation-games/,vertaald:tag-paginering,REDIRECT,301 · 1 hop
/es/tag/innovation/,/tag/innovation/,vertaald:tag,REDIRECT,301 · 1 hop
/es/tag/instructing-techniques/,/tag/instructing-techniques/,vertaald:tag,REDIRECT,301 · 1 hop
/es/tag/instructing-techniques/feed/,/rss.xml,vertaald:feed,REDIRECT,301 · 1 hop
/es/tag/introductions/,/tag/introductions/,vertaald:tag,REDIRECT,301 · 1 hop
/es/tag/introductions/feed/,/rss.xml,vertaald:feed,REDIRECT,301 · 1 hop
/es/tag/introspection/,/tag/introspection/,vertaald:tag,REDIRECT,301 · 1 hop
/es/tag/introspection/feed/,/rss.xml,vertaald:feed,REDIRECT,301 · 1 hop
/es/tag/intuition/,/tag/intuition/,vertaald:tag,REDIRECT,301 · 1 hop
/es/tag/intuition/feed/,/rss.xml,vertaald:feed,REDIRECT,301 · 1 hop
/es/tag/invention/,/tag/invention/,vertaald:tag,REDIRECT,301 · 1 hop
/es/tag/invention/feed/,/rss.xml,vertaald:feed,REDIRECT,301 · 1 hop
/es/tag/iteration/,/tag/iteration/,vertaald:tag,REDIRECT,301 · 1 hop
/es/tag/iteration/feed/,/rss.xml,vertaald:feed,REDIRECT,301 · 1 hop
/es/tag/iterations/,/tag/iterations/,vertaald:tag,REDIRECT,301 · 1 hop
/es/tag/iterations/feed/,/rss.xml,vertaald:feed,REDIRECT,301 · 1 hop
/es/tag/kanban/,/tag/kanban/,vertaald:tag,REDIRECT,301 · 1 hop
/es/tag/kanban/feed/,/rss.xml,vertaald:feed,REDIRECT,301 · 1 hop
/es/tag/lead-time/,/tag/lead-time/,vertaald:tag,REDIRECT,301 · 1 hop
/es/tag/lead-time/feed/,/rss.xml,vertaald:feed,REDIRECT,301 · 1 hop
/es/tag/leadership/,/tag/leadership/,vertaald:tag,REDIRECT,301 · 1 hop
/es/tag/leadership/feed/,/rss.xml,vertaald:feed,REDIRECT,301 · 1 hop
/es/tag/lean/,/tag/lean/,vertaald:tag,REDIRECT,301 · 1 hop
/es/tag/lean/feed/,/rss.xml,vertaald:feed,REDIRECT,301 · 1 hop
/es/tag/learning/,/tag/learning/,vertaald:tag,REDIRECT,301 · 1 hop
/es/tag/learning/feed/,/rss.xml,vertaald:feed,REDIRECT,301 · 1 hop
/es/tag/lego-game/,/tag/lego-game/,vertaald:tag,REDIRECT,301 · 1 hop
/es/tag/lego-game/feed/,/rss.xml,vertaald:feed,REDIRECT,301 · 1 hop
/es/tag/limit-work-in-progress/,/tag/limit-work-in-progress/,vertaald:tag,REDIRECT,301 · 1 hop
/es/tag/limit/,/tag/limit/,vertaald:tag,REDIRECT,301 · 1 hop
/es/tag/limit/feed/,/rss.xml,vertaald:feed,REDIRECT,301 · 1 hop
/es/tag/listening/,/tag/listening/,vertaald:tag,REDIRECT,301 · 1 hop
/es/tag/listening/feed/,/rss.xml,vertaald:feed,REDIRECT,301 · 1 hop
/es/tag/management/,/tag/management/,vertaald:tag,REDIRECT,301 · 1 hop
/es/tag/management/feed/,/rss.xml,vertaald:feed,REDIRECT,301 · 1 hop
/es/tag/manifesto/,/tag/manifesto/,vertaald:tag,REDIRECT,301 · 1 hop
/es/tag/manifesto/feed/,/rss.xml,vertaald:feed,REDIRECT,301 · 1 hop
/es/tag/marketing/,/tag/marketing/,vertaald:tag,REDIRECT,301 · 1 hop
/es/tag/marketing/feed/,/rss.xml,vertaald:feed,REDIRECT,301 · 1 hop
/es/tag/may-the-4th-be-with-you/,/tag/may-the-4th-be-with-you/,vertaald:tag,REDIRECT,301 · 1 hop
/es/tag/meeting/,/tag/meeting/,vertaald:tag,REDIRECT,301 · 1 hop
/es/tag/meeting/feed/,/rss.xml,vertaald:feed,REDIRECT,301 · 1 hop
/es/tag/mindset/,/tag/mindset/,vertaald:tag,REDIRECT,301 · 1 hop
/es/tag/minecraft/,/tag/minecraft/,vertaald:tag,REDIRECT,301 · 1 hop
/es/tag/multitasking/,/tag/multitasking/,vertaald:tag,REDIRECT,301 · 1 hop
/es/tag/multitasking/feed/,/rss.xml,vertaald:feed,REDIRECT,301 · 1 hop
/es/tag/news/,/tag/news/,vertaald:tag,REDIRECT,301 · 1 hop
/es/tag/news/feed/,/rss.xml,vertaald:feed,REDIRECT,301 · 1 hop
/es/tag/noise/,/tag/noise/,vertaald:tag,REDIRECT,301 · 1 hop
/es/tag/non-functional-requirements/,/tag/non-functional-requirements/,vertaald:tag,REDIRECT,301 · 1 hop
/es/tag/non-functional-requirements/feed/,/rss.xml,vertaald:feed,REDIRECT,301 · 1 hop
/es/tag/obstacles/,/tag/obstacles/,vertaald:tag,REDIRECT,301 · 1 hop
/es/tag/obstacles/feed/,/rss.xml,vertaald:feed,REDIRECT,301 · 1 hop
/es/tag/openess/,/tag/openess/,vertaald:tag,REDIRECT,301 · 1 hop
/es/tag/openess/feed/,/rss.xml,vertaald:feed,REDIRECT,301 · 1 hop
/es/tag/pair-programing/,/tag/pair-programing/,vertaald:tag,REDIRECT,301 · 1 hop
/es/tag/pair-programing/feed/,/rss.xml,vertaald:feed,REDIRECT,301 · 1 hop
/es/tag/paper-airplane/,/tag/paper-airplane/,vertaald:tag,REDIRECT,301 · 1 hop
/es/tag/paper-airplane/feed/,/rss.xml,vertaald:feed,REDIRECT,301 · 1 hop
/es/tag/parkinsons-law/,/tag/parkinsons-law/,vertaald:tag,REDIRECT,301 · 1 hop
/es/tag/parkinsons-law/feed/,/rss.xml,vertaald:feed,REDIRECT,301 · 1 hop
/es/tag/personas/,/tag/personas/,vertaald:tag,REDIRECT,301 · 1 hop
/es/tag/personas/feed/,/rss.xml,vertaald:feed,REDIRECT,301 · 1 hop
/es/tag/perspective/,/tag/perspective/,vertaald:tag,REDIRECT,301 · 1 hop
/es/tag/perspective/feed/,/rss.xml,vertaald:feed,REDIRECT,301 · 1 hop
/es/tag/persuade/,/tag/persuade/,vertaald:tag,REDIRECT,301 · 1 hop
/es/tag/persuade/feed/,/rss.xml,vertaald:feed,REDIRECT,301 · 1 hop
/es/tag/persuasive/,/tag/persuasive/,vertaald:tag,REDIRECT,301 · 1 hop
/es/tag/persuasive/feed/,/rss.xml,vertaald:feed,REDIRECT,301 · 1 hop
/es/tag/pizza/,/tag/pizza/,vertaald:tag,REDIRECT,301 · 1 hop
/es/tag/planning/,/tag/planning/,vertaald:tag,REDIRECT,301 · 1 hop
/es/tag/planning/feed/,/rss.xml,vertaald:feed,REDIRECT,301 · 1 hop
/es/tag/planning/page/2/,/tag/planning/,vertaald:tag-paginering,REDIRECT,301 · 1 hop
/es/tag/plus-delta/,/tag/plus-delta/,vertaald:tag,REDIRECT,301 · 1 hop
/es/tag/plus-delta/feed/,/rss.xml,vertaald:feed,REDIRECT,301 · 1 hop
/es/tag/practice/,/tag/practice/,vertaald:tag,REDIRECT,301 · 1 hop
/es/tag/practice/feed/,/rss.xml,vertaald:feed,REDIRECT,301 · 1 hop
/es/tag/preference-articulation/,/tag/preference-articulation/,vertaald:tag,REDIRECT,301 · 1 hop
/es/tag/preference-articulation/feed/,/rss.xml,vertaald:feed,REDIRECT,301 · 1 hop
/es/tag/principes-agile/,/tag/principes-agile/,vertaald:tag,REDIRECT,301 · 1 hop
/es/tag/principes-agile/feed/,/rss.xml,vertaald:feed,REDIRECT,301 · 1 hop
/es/tag/principles/,/tag/principles/,vertaald:tag,REDIRECT,301 · 1 hop
/es/tag/prioritisation/,/tag/prioritisation/,vertaald:tag,REDIRECT,301 · 1 hop
/es/tag/prioritisation/feed/,/rss.xml,vertaald:feed,REDIRECT,301 · 1 hop
/es/tag/prioritization/,/tag/prioritization/,vertaald:tag,REDIRECT,301 · 1 hop
/es/tag/prioritization/feed/,/rss.xml,vertaald:feed,REDIRECT,301 · 1 hop
/es/tag/problemsolving/,/tag/problemsolving/,vertaald:tag,REDIRECT,301 · 1 hop
/es/tag/problemsolving/feed/,/rss.xml,vertaald:feed,REDIRECT,301 · 1 hop
/es/tag/process/,/tag/process/,vertaald:tag,REDIRECT,301 · 1 hop
/es/tag/process/feed/,/rss.xml,vertaald:feed,REDIRECT,301 · 1 hop
/es/tag/product-backlog/,/tag/product-backlog/,vertaald:tag,REDIRECT,301 · 1 hop
/es/tag/product-backlog/feed/,/rss.xml,vertaald:feed,REDIRECT,301 · 1 hop
/es/tag/product-management/,/tag/product-management/,vertaald:tag,REDIRECT,301 · 1 hop
/es/tag/product-management/feed/,/rss.xml,vertaald:feed,REDIRECT,301 · 1 hop
/es/tag/product-owner/,/tag/product-owner/,vertaald:tag,REDIRECT,301 · 1 hop
/es/tag/product-owner/feed/,/rss.xml,vertaald:feed,REDIRECT,301 · 1 hop
/es/tag/product-owners/,/tag/product-owners/,vertaald:tag,REDIRECT,301 · 1 hop
/es/tag/product-owners/feed/,/rss.xml,vertaald:feed,REDIRECT,301 · 1 hop
/es/tag/productivity/,/tag/productivity/,vertaald:tag,REDIRECT,301 · 1 hop
/es/tag/productivity/feed/,/rss.xml,vertaald:feed,REDIRECT,301 · 1 hop
/es/tag/profile/,/tag/profile/,vertaald:tag,REDIRECT,301 · 1 hop
/es/tag/project-management-2/,/tag/project-management-2/,vertaald:tag,REDIRECT,301 · 1 hop
/es/tag/project-management-2/feed/,/rss.xml,vertaald:feed,REDIRECT,301 · 1 hop
/es/tag/pull/,/tag/pull/,vertaald:tag,REDIRECT,301 · 1 hop
/es/tag/pull/feed/,/rss.xml,vertaald:feed,REDIRECT,301 · 1 hop
/es/tag/push/,/tag/push/,vertaald:tag,REDIRECT,301 · 1 hop
/es/tag/push/feed/,/rss.xml,vertaald:feed,REDIRECT,301 · 1 hop
/es/tag/quality-assurance/,/tag/quality-assurance/,vertaald:tag,REDIRECT,301 · 1 hop
/es/tag/quality-assurance/feed/,/rss.xml,vertaald:feed,REDIRECT,301 · 1 hop
/es/tag/questioning/,/tag/questioning/,vertaald:tag,REDIRECT,301 · 1 hop
/es/tag/questioning/feed/,/rss.xml,vertaald:feed,REDIRECT,301 · 1 hop
/es/tag/refactoring/,/tag/refactoring/,vertaald:tag,REDIRECT,301 · 1 hop
/es/tag/refactoring/feed/,/rss.xml,vertaald:feed,REDIRECT,301 · 1 hop
/es/tag/reflection/,/tag/reflection/,vertaald:tag,REDIRECT,301 · 1 hop
/es/tag/reflection/feed/,/rss.xml,vertaald:feed,REDIRECT,301 · 1 hop
/es/tag/requirements/,/tag/requirements/,vertaald:tag,REDIRECT,301 · 1 hop
/es/tag/requirements/feed/,/rss.xml,vertaald:feed,REDIRECT,301 · 1 hop
/es/tag/respect/,/tag/respect/,vertaald:tag,REDIRECT,301 · 1 hop
/es/tag/respect/feed/,/rss.xml,vertaald:feed,REDIRECT,301 · 1 hop
/es/tag/responsibilities/,/tag/responsibilities/,vertaald:tag,REDIRECT,301 · 1 hop
/es/tag/responsibilities/feed/,/rss.xml,vertaald:feed,REDIRECT,301 · 1 hop
/es/tag/retrospective-analysis/,/tag/retrospective-analysis/,vertaald:tag,REDIRECT,301 · 1 hop
/es/tag/retrospective-analysis/feed/,/rss.xml,vertaald:feed,REDIRECT,301 · 1 hop
/es/tag/retrospective/,/tag/retrospective/,vertaald:tag,REDIRECT,301 · 1 hop
/es/tag/retrospective/feed/,/rss.xml,vertaald:feed,REDIRECT,301 · 1 hop
/es/tag/retrospective/page/2/,/tag/retrospective/,vertaald:tag-paginering,REDIRECT,301 · 1 hop
/es/tag/retrospectives/,/tag/retrospectives/,vertaald:tag,REDIRECT,301 · 1 hop
/es/tag/retrospectives/feed/,/rss.xml,vertaald:feed,REDIRECT,301 · 1 hop
/es/tag/review/,/tag/review/,vertaald:tag,REDIRECT,301 · 1 hop
/es/tag/review/feed/,/rss.xml,vertaald:feed,REDIRECT,301 · 1 hop
/es/tag/risk/,/tag/risk/,vertaald:tag,REDIRECT,301 · 1 hop
/es/tag/risk/feed/,/rss.xml,vertaald:feed,REDIRECT,301 · 1 hop
/es/tag/roles/,/tag/roles/,vertaald:tag,REDIRECT,301 · 1 hop
/es/tag/roles/feed/,/rss.xml,vertaald:feed,REDIRECT,301 · 1 hop
/es/tag/scaled-agile/,/tag/scaled-agile/,vertaald:tag,REDIRECT,301 · 1 hop
/es/tag/scaled-agile/feed/,/rss.xml,vertaald:feed,REDIRECT,301 · 1 hop
/es/tag/scrum-events/,/tag/scrum-events/,vertaald:tag,REDIRECT,301 · 1 hop
/es/tag/scrum-framework/,/tag/scrum-framework/,vertaald:tag,REDIRECT,301 · 1 hop
/es/tag/scrum-framework/feed/,/rss.xml,vertaald:feed,REDIRECT,301 · 1 hop
/es/tag/scrum-master/,/tag/scrum-master/,vertaald:tag,REDIRECT,301 · 1 hop
/es/tag/scrum-master/feed/,/rss.xml,vertaald:feed,REDIRECT,301 · 1 hop
/es/tag/scrum/,/tag/scrum/,vertaald:tag,REDIRECT,301 · 1 hop
/es/tag/scrum/feed/,/rss.xml,vertaald:feed,REDIRECT,301 · 1 hop
/es/tag/scrum/page/2/,/tag/scrum/,vertaald:tag-paginering,REDIRECT,301 · 1 hop
/es/tag/scrum/page/3/,/tag/scrum/,vertaald:tag-paginering,REDIRECT,301 · 1 hop
/es/tag/scrumble/,/tag/scrumble/,vertaald:tag,REDIRECT,301 · 1 hop
/es/tag/scrumble/feed/,/rss.xml,vertaald:feed,REDIRECT,301 · 1 hop
/es/tag/scrummaster/,/tag/scrummaster/,vertaald:tag,REDIRECT,301 · 1 hop
/es/tag/scrummaster/feed/,/rss.xml,vertaald:feed,REDIRECT,301 · 1 hop
/es/tag/selection/,/tag/selection/,vertaald:tag,REDIRECT,301 · 1 hop
/es/tag/selection/feed/,/rss.xml,vertaald:feed,REDIRECT,301 · 1 hop
/es/tag/self-organization/,/tag/self-organization/,vertaald:tag,REDIRECT,301 · 1 hop
/es/tag/self-organization/feed/,/rss.xml,vertaald:feed,REDIRECT,301 · 1 hop
/es/tag/self-organizing/,/tag/self-organizing/,vertaald:tag,REDIRECT,301 · 1 hop
/es/tag/self-organizing/feed/,/rss.xml,vertaald:feed,REDIRECT,301 · 1 hop
/es/tag/serious-games/,/tag/serious-games/,vertaald:tag,REDIRECT,301 · 1 hop
/es/tag/serious-games/feed/,/rss.xml,vertaald:feed,REDIRECT,301 · 1 hop
/es/tag/serious-games/page/2/,/tag/serious-games/,vertaald:tag-paginering,REDIRECT,301 · 1 hop
/es/tag/serious-games/page/3/,/tag/serious-games/,vertaald:tag-paginering,REDIRECT,301 · 1 hop
/es/tag/shared-goals/,/tag/shared-goals/,vertaald:tag,REDIRECT,301 · 1 hop
/es/tag/shared-goals/feed/,/rss.xml,vertaald:feed,REDIRECT,301 · 1 hop
/es/tag/simplicity/,/tag/simplicity/,vertaald:tag,REDIRECT,301 · 1 hop
/es/tag/simplicity/feed/,/rss.xml,vertaald:feed,REDIRECT,301 · 1 hop
/es/tag/simulation/,/tag/simulation/,vertaald:tag,REDIRECT,301 · 1 hop
/es/tag/simulation/feed/,/rss.xml,vertaald:feed,REDIRECT,301 · 1 hop
/es/tag/situational-awareness/,/tag/situational-awareness/,vertaald:tag,REDIRECT,301 · 1 hop
/es/tag/situational-awareness/feed/,/rss.xml,vertaald:feed,REDIRECT,301 · 1 hop
/es/tag/small-batches/,/tag/small-batches/,vertaald:tag,REDIRECT,301 · 1 hop
/es/tag/small-batches/feed/,/rss.xml,vertaald:feed,REDIRECT,301 · 1 hop
/es/tag/software-craftsmanship/,/tag/software-craftsmanship/,vertaald:tag,REDIRECT,301 · 1 hop
/es/tag/software-craftsmanship/feed/,/rss.xml,vertaald:feed,REDIRECT,301 · 1 hop
/es/tag/sound/,/tag/sound/,vertaald:tag,REDIRECT,301 · 1 hop
/es/tag/sprint/,/tag/sprint/,vertaald:tag,REDIRECT,301 · 1 hop
/es/tag/sprint/feed/,/rss.xml,vertaald:feed,REDIRECT,301 · 1 hop
/es/tag/stakeholder-theory/,/tag/stakeholder-theory/,vertaald:tag,REDIRECT,301 · 1 hop
/es/tag/stakeholder-theory/feed/,/rss.xml,vertaald:feed,REDIRECT,301 · 1 hop
/es/tag/stakeholder/,/tag/stakeholder/,vertaald:tag,REDIRECT,301 · 1 hop
/es/tag/stakeholder/feed/,/rss.xml,vertaald:feed,REDIRECT,301 · 1 hop
/es/tag/stakeholders/,/tag/stakeholders/,vertaald:tag,REDIRECT,301 · 1 hop
/es/tag/stakeholders/feed/,/rss.xml,vertaald:feed,REDIRECT,301 · 1 hop
/es/tag/standup/,/tag/standup/,vertaald:tag,REDIRECT,301 · 1 hop
/es/tag/standup/feed/,/rss.xml,vertaald:feed,REDIRECT,301 · 1 hop
/es/tag/star-wars/,/tag/star-wars/,vertaald:tag,REDIRECT,301 · 1 hop
/es/tag/start-where-you-are/,/tag/start-where-you-are/,vertaald:tag,REDIRECT,301 · 1 hop
/es/tag/stories/,/tag/stories/,vertaald:tag,REDIRECT,301 · 1 hop
/es/tag/stories/feed/,/rss.xml,vertaald:feed,REDIRECT,301 · 1 hop
/es/tag/story/,/tag/story/,vertaald:tag,REDIRECT,301 · 1 hop
/es/tag/story/feed/,/rss.xml,vertaald:feed,REDIRECT,301 · 1 hop
/es/tag/strategy-deployment/,/tag/strategy-deployment/,vertaald:tag,REDIRECT,301 · 1 hop
/es/tag/strategy-deployment/feed/,/rss.xml,vertaald:feed,REDIRECT,301 · 1 hop
/es/tag/sustainable-development/,/tag/sustainable-development/,vertaald:tag,REDIRECT,301 · 1 hop
/es/tag/sustainable-development/feed/,/rss.xml,vertaald:feed,REDIRECT,301 · 1 hop
/es/tag/tasks/,/tag/tasks/,vertaald:tag,REDIRECT,301 · 1 hop
/es/tag/tasks/feed/,/rss.xml,vertaald:feed,REDIRECT,301 · 1 hop
/es/tag/tdd/,/tag/tdd/,vertaald:tag,REDIRECT,301 · 1 hop
/es/tag/tdd/feed/,/rss.xml,vertaald:feed,REDIRECT,301 · 1 hop
/es/tag/team-building/,/tag/team-building/,vertaald:tag,REDIRECT,301 · 1 hop
/es/tag/team-building/feed/,/rss.xml,vertaald:feed,REDIRECT,301 · 1 hop
/es/tag/team-dynamics/,/tag/team-dynamics/,vertaald:tag,REDIRECT,301 · 1 hop
/es/tag/team-dynamics/feed/,/rss.xml,vertaald:feed,REDIRECT,301 · 1 hop
/es/tag/team-dynamics/page/2/,/tag/team-dynamics/,vertaald:tag-paginering,REDIRECT,301 · 1 hop
/es/tag/team-dynamics/page/3/,/tag/team-dynamics/,vertaald:tag-paginering,REDIRECT,301 · 1 hop
/es/tag/team/,/tag/team/,vertaald:tag,REDIRECT,301 · 1 hop
/es/tag/team/feed/,/rss.xml,vertaald:feed,REDIRECT,301 · 1 hop
/es/tag/teamwork/,/tag/teamwork/,vertaald:tag,REDIRECT,301 · 1 hop
/es/tag/teamwork/feed/,/rss.xml,vertaald:feed,REDIRECT,301 · 1 hop
/es/tag/technical-debt/,/tag/technical-debt/,vertaald:tag,REDIRECT,301 · 1 hop
/es/tag/technical-debt/feed/,/rss.xml,vertaald:feed,REDIRECT,301 · 1 hop
/es/tag/technique/,/tag/technique/,vertaald:tag,REDIRECT,301 · 1 hop
/es/tag/technique/feed/,/rss.xml,vertaald:feed,REDIRECT,301 · 1 hop
/es/tag/techniques/,/tag/techniques/,vertaald:tag,REDIRECT,301 · 1 hop
/es/tag/techniques/feed/,/rss.xml,vertaald:feed,REDIRECT,301 · 1 hop
/es/tag/test/,/tag/test/,vertaald:tag,REDIRECT,301 · 1 hop
/es/tag/test/feed/,/rss.xml,vertaald:feed,REDIRECT,301 · 1 hop
/es/tag/throughput/,/tag/throughput/,vertaald:tag,REDIRECT,301 · 1 hop
/es/tag/throughput/feed/,/rss.xml,vertaald:feed,REDIRECT,301 · 1 hop
/es/tag/timeboxing/,/tag/timeboxing/,vertaald:tag,REDIRECT,301 · 1 hop
/es/tag/timeboxing/feed/,/rss.xml,vertaald:feed,REDIRECT,301 · 1 hop
/es/tag/timelines/,/tag/timelines/,vertaald:tag,REDIRECT,301 · 1 hop
/es/tag/timelines/feed/,/rss.xml,vertaald:feed,REDIRECT,301 · 1 hop
/es/tag/transforming-teams/,/tag/transforming-teams/,vertaald:tag,REDIRECT,301 · 1 hop
/es/tag/transforming-teams/feed/,/rss.xml,vertaald:feed,REDIRECT,301 · 1 hop
/es/tag/trust/,/tag/trust/,vertaald:tag,REDIRECT,301 · 1 hop
/es/tag/trust/feed/,/rss.xml,vertaald:feed,REDIRECT,301 · 1 hop
/es/tag/tuckman-model/,/tag/tuckman-model/,vertaald:tag,REDIRECT,301 · 1 hop
/es/tag/tuckman-model/feed/,/rss.xml,vertaald:feed,REDIRECT,301 · 1 hop
/es/tag/understand/,/tag/understand/,vertaald:tag,REDIRECT,301 · 1 hop
/es/tag/understand/feed/,/rss.xml,vertaald:feed,REDIRECT,301 · 1 hop
/es/tag/user-stories/,/tag/user-stories/,vertaald:tag,REDIRECT,301 · 1 hop
/es/tag/utilization/,/tag/utilization/,vertaald:tag,REDIRECT,301 · 1 hop
/es/tag/utilization/feed/,/rss.xml,vertaald:feed,REDIRECT,301 · 1 hop
/es/tag/valeur-agile/,/tag/valeur-agile/,vertaald:tag,REDIRECT,301 · 1 hop
/es/tag/valeur-agile/feed/,/rss.xml,vertaald:feed,REDIRECT,301 · 1 hop
/es/tag/values/,/tag/values/,vertaald:tag,REDIRECT,301 · 1 hop
/es/tag/values/feed/,/rss.xml,vertaald:feed,REDIRECT,301 · 1 hop
/es/tag/video/,/tag/video/,vertaald:tag,REDIRECT,301 · 1 hop
/es/tag/video/feed/,/rss.xml,vertaald:feed,REDIRECT,301 · 1 hop
/es/tag/vision/,/tag/vision/,vertaald:tag,REDIRECT,301 · 1 hop
/es/tag/vision/feed/,/rss.xml,vertaald:feed,REDIRECT,301 · 1 hop
/es/tag/visual-acuity/,/tag/visual-acuity/,vertaald:tag,REDIRECT,301 · 1 hop
/es/tag/visual-acuity/feed/,/rss.xml,vertaald:feed,REDIRECT,301 · 1 hop
/es/tag/visual-art-terminology/,/tag/visual-art-terminology/,vertaald:tag,REDIRECT,301 · 1 hop
/es/tag/visual-art-terminology/feed/,/rss.xml,vertaald:feed,REDIRECT,301 · 1 hop
/es/tag/waste/,/tag/waste/,vertaald:tag,REDIRECT,301 · 1 hop
/es/tag/wip/,/tag/wip/,vertaald:tag,REDIRECT,301 · 1 hop
/es/tag/wip/feed/,/rss.xml,vertaald:feed,REDIRECT,301 · 1 hop
/es/tag/work-in-progress/,/tag/work-in-progress/,vertaald:tag,REDIRECT,301 · 1 hop
/es/tag/work-in-progress/feed/,/rss.xml,vertaald:feed,REDIRECT,301 · 1 hop
/es/tag/working-agreements/,/tag/working-agreements/,vertaald:tag,REDIRECT,301 · 1 hop
/es/tag/working-agreements/feed/,/rss.xml,vertaald:feed,REDIRECT,301 · 1 hop
/es/tag/x-matrix/,/tag/x-matrix/,vertaald:tag,REDIRECT,301 · 1 hop
/es/tag/x-matrix/feed/,/rss.xml,vertaald:feed,REDIRECT,301 · 1 hop
/es/tag/zero-sum-thinking/,/tag/zero-sum-thinking/,vertaald:tag,REDIRECT,301 · 1 hop
/es/tag/zero-sum-thinking/feed/,/rss.xml,vertaald:feed,REDIRECT,301 · 1 hop
/es/tastycupcakes-home/,/,vertaald:pagina,REDIRECT,301 · 2 hops
/es/tastycupcakes-home/feed/,/rss.xml,vertaald:feed,REDIRECT,301 · 1 hop
/es/vision/,,vertaald:pagina,GONE,pagina ontbreekt in de Engelse export
/es/vision/feed/,/rss.xml,vertaald:feed,REDIRECT,301 · 1 hop
/feed.html,/rss.xml,feed,REDIRECT,301 · 1 hop
/feed/,/rss.xml,feed,REDIRECT,301 · 1 hop
/feed/atom/,/rss.xml,feed,REDIRECT,301 · 1 hop
/fr/,/,vertaald:homepage,REDIRECT,301 · 1 hop
/fr/2009/06/60-paces/,/2009/06/60-paces/,vertaald:artikel,REDIRECT,301 · 1 hop
/fr/2009/06/60-paces/feed/,/2009/06/60-paces/,vertaald:feed,REDIRECT,301 · 1 hop
/fr/2009/06/99-test-balloons/,/2009/06/99-test-balloons/,vertaald:artikel,REDIRECT,301 · 1 hop
/fr/2009/06/99-test-balloons/feed/,/2009/06/99-test-balloons/,vertaald:feed,REDIRECT,301 · 1 hop
/fr/2009/06/alaskan-road-trip/,/2009/06/alaskan-road-trip/,vertaald:artikel,REDIRECT,301 · 1 hop
/fr/2009/06/alaskan-road-trip/feed/,/2009/06/alaskan-road-trip/,vertaald:feed,REDIRECT,301 · 1 hop
/fr/2009/06/alphabet-game/,/2009/06/alphabet-game/,vertaald:artikel,REDIRECT,301 · 1 hop
/fr/2009/06/alphabet-game/feed/,/2009/06/alphabet-game/,vertaald:feed,REDIRECT,301 · 1 hop
/fr/2009/06/coin-sorting/,/2009/06/coin-sorting/,vertaald:artikel,REDIRECT,301 · 1 hop
/fr/2009/06/coin-sorting/feed/,/2009/06/coin-sorting/,vertaald:feed,REDIRECT,301 · 1 hop
/fr/2009/06/collaborative-origami/,/2009/06/collaborative-origami/,vertaald:artikel,REDIRECT,301 · 1 hop
/fr/2009/06/collaborative-origami/feed/,/2009/06/collaborative-origami/,vertaald:feed,REDIRECT,301 · 1 hop
/fr/2009/06/doggy-planning/,/2009/06/doggy-planning/,vertaald:artikel,REDIRECT,301 · 1 hop
/fr/2009/06/doggy-planning/feed/,/2009/06/doggy-planning/,vertaald:feed,REDIRECT,301 · 1 hop
/fr/2009/06/football-scrum/,/2009/06/football-scrum/,vertaald:artikel,REDIRECT,301 · 1 hop
/fr/2009/06/football-scrum/feed/,/2009/06/football-scrum/,vertaald:feed,REDIRECT,301 · 1 hop
/fr/2009/06/location-location-location/,/2009/06/location-location-location/,vertaald:artikel,REDIRECT,301 · 1 hop
/fr/2009/06/location-location-location/feed/,/2009/06/location-location-location/,vertaald:feed,REDIRECT,301 · 1 hop
/fr/2009/06/mr-happy-face/,/2009/06/mr-happy-face/,vertaald:artikel,REDIRECT,301 · 1 hop
/fr/2009/06/mr-happy-face/feed/,/2009/06/mr-happy-face/,vertaald:feed,REDIRECT,301 · 1 hop
/fr/2009/06/no-one-listens-to-me/,/2009/06/no-one-listens-to-me/,vertaald:artikel,REDIRECT,301 · 1 hop
/fr/2009/06/no-one-listens-to-me/feed/,/2009/06/no-one-listens-to-me/,vertaald:feed,REDIRECT,301 · 1 hop
/fr/2009/06/pair-programming-game/,/2009/06/pair-programming-game/,vertaald:artikel,REDIRECT,301 · 1 hop
/fr/2009/06/pair-programming-game/feed/,/2009/06/pair-programming-game/,vertaald:feed,REDIRECT,301 · 1 hop
/fr/2009/06/picture-me/,/2009/06/picture-me/,vertaald:artikel,REDIRECT,301 · 1 hop
/fr/2009/06/picture-me/feed/,/2009/06/picture-me/,vertaald:feed,REDIRECT,301 · 1 hop
/fr/2009/06/planning-poker/,/2009/06/planning-poker/,vertaald:artikel,REDIRECT,301 · 1 hop
/fr/2009/06/planning-poker/feed/,/2009/06/planning-poker/,vertaald:feed,REDIRECT,301 · 1 hop
/fr/2009/06/presto-manifesto/,/2009/06/presto-manifesto/,vertaald:artikel,REDIRECT,301 · 1 hop
/fr/2009/06/presto-manifesto/feed/,/2009/06/presto-manifesto/,vertaald:feed,REDIRECT,301 · 1 hop
/fr/2009/06/process-doodle/,/2009/06/process-doodle/,vertaald:artikel,REDIRECT,301 · 1 hop
/fr/2009/06/process-doodle/feed/,/2009/06/process-doodle/,vertaald:feed,REDIRECT,301 · 1 hop
/fr/2009/06/question-game/,/2009/06/question-game/,vertaald:artikel,REDIRECT,301 · 1 hop
/fr/2009/06/question-game/feed/,/2009/06/question-game/,vertaald:feed,REDIRECT,301 · 1 hop
/fr/2009/06/rate-games-at-blog-tastycupcakes-com/,/2009/06/rate-games-at-blog-tastycupcakes-com/,vertaald:artikel,REDIRECT,301 · 1 hop
/fr/2009/06/rate-games-at-blog-tastycupcakes-com/feed/,/2009/06/rate-games-at-blog-tastycupcakes-com/,vertaald:feed,REDIRECT,301 · 1 hop
/fr/2009/06/resort-brochure/,/2009/06/resort-brochure/,vertaald:artikel,REDIRECT,301 · 1 hop
/fr/2009/06/resort-brochure/feed/,/2009/06/resort-brochure/,vertaald:feed,REDIRECT,301 · 1 hop
/fr/2009/06/submit-your-game/,/2009/06/submit-your-game/,vertaald:artikel,REDIRECT,301 · 1 hop
/fr/2009/06/submit-your-game/feed/,/2009/06/submit-your-game/,vertaald:feed,REDIRECT,301 · 1 hop
/fr/2009/06/tangled-mess/,/2009/06/tangled-mess/,vertaald:artikel,REDIRECT,301 · 1 hop
/fr/2009/06/tangled-mess/feed/,/2009/06/tangled-mess/,vertaald:feed,REDIRECT,301 · 1 hop
/fr/2009/06/telephone-game/,/2009/06/telephone-game/,vertaald:artikel,REDIRECT,301 · 1 hop
/fr/2009/06/telephone-game/comment-page-1/,/2009/06/telephone-game/,vertaald:reactiepagina,REDIRECT,301 · 1 hop
/fr/2009/06/telephone-game/feed/,/2009/06/telephone-game/,vertaald:feed,REDIRECT,301 · 1 hop
/fr/2009/06/the-story-of-our-sprints/,/2009/06/the-story-of-our-sprints/,vertaald:artikel,REDIRECT,301 · 1 hop
/fr/2009/06/the-story-of-our-sprints/feed/,/2009/06/the-story-of-our-sprints/,vertaald:feed,REDIRECT,301 · 1 hop
/fr/2009/06/the-train-game/,/2009/06/the-train-game/,vertaald:artikel,REDIRECT,301 · 1 hop
/fr/2009/06/the-train-game/feed/,/2009/06/the-train-game/,vertaald:feed,REDIRECT,301 · 1 hop
/fr/2009/06/theory-of-constraints-dice-game/,/2009/06/theory-of-constraints-dice-game/,vertaald:artikel,REDIRECT,301 · 1 hop
/fr/2009/06/theory-of-constraints-dice-game/feed/,/2009/06/theory-of-constraints-dice-game/,vertaald:feed,REDIRECT,301 · 1 hop
/fr/2009/06/were-having-a-party/,/2009/06/were-having-a-party/,vertaald:artikel,REDIRECT,301 · 1 hop
/fr/2009/06/were-having-a-party/feed/,/2009/06/were-having-a-party/,vertaald:feed,REDIRECT,301 · 1 hop
/fr/2009/06/what-were-they-thinking/,/2009/06/what-were-they-thinking/,vertaald:artikel,REDIRECT,301 · 1 hop
/fr/2009/06/why-agile-games/,/2009/06/why-agile-games/,vertaald:artikel,REDIRECT,301 · 1 hop
/fr/2009/06/why-agile-games/feed/,/2009/06/why-agile-games/,vertaald:feed,REDIRECT,301 · 1 hop
/fr/2009/06/word-at-a-time-letter/,/2009/06/word-at-a-time-letter/,vertaald:artikel,REDIRECT,301 · 1 hop
/fr/2009/06/word-at-a-time-letter/feed/,/2009/06/word-at-a-time-letter/,vertaald:feed,REDIRECT,301 · 1 hop
/fr/2009/06/you-are-not-in-control/,/2009/06/you-are-not-in-control/,vertaald:artikel,REDIRECT,301 · 1 hop
/fr/2009/06/you-are-not-in-control/feed/,/2009/06/you-are-not-in-control/,vertaald:feed,REDIRECT,301 · 1 hop
/fr/2009/07/people-polling/,/2009/07/people-polling/,vertaald:artikel,REDIRECT,301 · 1 hop
/fr/2009/07/people-polling/feed/,/2009/07/people-polling/,vertaald:feed,REDIRECT,301 · 1 hop
/fr/2009/07/the-problem-with-principles/,/2009/07/the-problem-with-principles/,vertaald:artikel,REDIRECT,301 · 1 hop
/fr/2009/07/the-problem-with-principles/feed/,/2009/07/the-problem-with-principles/,vertaald:feed,REDIRECT,301 · 1 hop
/fr/2009/08/example-please/,/2009/08/example-please/,vertaald:artikel,REDIRECT,301 · 1 hop
/fr/2009/08/example-please/feed/,/2009/08/example-please/,vertaald:feed,REDIRECT,301 · 1 hop
/fr/2009/09/sizing-game/,/2009/09/sizing-game/,vertaald:artikel,REDIRECT,301 · 1 hop
/fr/2009/09/sizing-game/feed/,/2009/09/sizing-game/,vertaald:feed,REDIRECT,301 · 1 hop
/fr/2009/10/about/michael-mccullough/,,vertaald:attachment,GONE,attachmentpagina zonder bestaande post
/fr/2009/10/map-flap/,/2009/10/map-flap/,vertaald:artikel,REDIRECT,301 · 1 hop
/fr/2009/10/map-flap/feed/,/2009/10/map-flap/,vertaald:feed,REDIRECT,301 · 1 hop
/fr/2009/11/tastycupcakes-published-in-agile-journal/,/2009/11/tastycupcakes-published-in-agile-journal/,vertaald:artikel,REDIRECT,301 · 1 hop
/fr/2009/11/tastycupcakes-published-in-agile-journal/feed/,/2009/11/tastycupcakes-published-in-agile-journal/,vertaald:feed,REDIRECT,301 · 1 hop
/fr/2009/12/tastycupcakes-agile-games-podcast-with-improving-enterprises/,/2009/12/tastycupcakes-agile-games-podcast-with-improving-enterprises/,vertaald:artikel,REDIRECT,301 · 1 hop
/fr/2010/01/pocket-sized-principles/,/2010/01/pocket-sized-principles/,vertaald:artikel,REDIRECT,301 · 1 hop
/fr/2010/01/pocket-sized-principles/comment-page-1/,/2010/01/pocket-sized-principles/,vertaald:reactiepagina,REDIRECT,301 · 1 hop
/fr/2010/01/pocket-sized-principles/feed/,/2010/01/pocket-sized-principles/,vertaald:feed,REDIRECT,301 · 1 hop
/fr/2010/03/deep-agile-2010-empowering-teams-with-agile-games/,/2010/03/deep-agile-2010-empowering-teams-with-agile-games/,vertaald:artikel,REDIRECT,301 · 1 hop
/fr/2010/03/deep-agile-2010-empowering-teams-with-agile-games/feed/,/2010/03/deep-agile-2010-empowering-teams-with-agile-games/,vertaald:feed,REDIRECT,301 · 1 hop
/fr/2010/05/about/michael-mccullough/,,vertaald:attachment,GONE,attachmentpagina zonder bestaande post
/fr/2010/05/first-agile-games-conference-at-deepagile/,/2010/05/first-agile-games-conference-at-deepagile/,vertaald:artikel,REDIRECT,301 · 1 hop
/fr/2010/05/first-agile-games-conference-at-deepagile/feed/,/2010/05/first-agile-games-conference-at-deepagile/,vertaald:feed,REDIRECT,301 · 1 hop
/fr/2010/07/the-backlog-is-in-the-eye-of-the-beholder/,/2010/07/the-backlog-is-in-the-eye-of-the-beholder/,vertaald:artikel,REDIRECT,301 · 1 hop
/fr/2010/07/the-backlog-is-in-the-eye-of-the-beholder/feed/,/2010/07/the-backlog-is-in-the-eye-of-the-beholder/,vertaald:feed,REDIRECT,301 · 1 hop
/fr/2010/10/agile-games-conference-2011/,/2010/10/agile-games-conference-2011/,vertaald:artikel,REDIRECT,301 · 1 hop
/fr/2010/10/agile-games-conference-2011/feed/,/2010/10/agile-games-conference-2011/,vertaald:feed,REDIRECT,301 · 1 hop
/fr/2010/11/marshmallow-challenge/,/2010/11/marshmallow-challenge/,vertaald:artikel,REDIRECT,301 · 1 hop
/fr/2010/11/marshmallow-challenge/feed/,/2010/11/marshmallow-challenge/,vertaald:feed,REDIRECT,301 · 1 hop
/fr/2011/01/agile-games-2011-conference-super-early-bird-pricing-until-january-24-2011/,/2011/01/agile-games-2011-conference-super-early-bird-pricing-until-january-24-2011/,vertaald:artikel,REDIRECT,301 · 1 hop
/fr/2011/01/agile-games-2011-conference-super-early-bird-pricing-until-january-24-2011/feed/,/2011/01/agile-games-2011-conference-super-early-bird-pricing-until-january-24-2011/,vertaald:feed,REDIRECT,301 · 1 hop
/fr/2011/01/new-for-2011-tastycupcakes-updated-and-expanded-vision/,/2011/01/new-for-2011-tastycupcakes-updated-and-expanded-vision/,vertaald:artikel,REDIRECT,301 · 1 hop
/fr/2011/01/new-for-2011-tastycupcakes-updated-and-expanded-vision/feed/,/2011/01/new-for-2011-tastycupcakes-updated-and-expanded-vision/,vertaald:feed,REDIRECT,301 · 1 hop
/fr/2011/01/your-turn-to-play-get-involved-with-tasty-cupcakes/,/2011/01/your-turn-to-play-get-involved-with-tasty-cupcakes/,vertaald:artikel,REDIRECT,301 · 1 hop
/fr/2011/01/your-turn-to-play-get-involved-with-tasty-cupcakes/feed/,/2011/01/your-turn-to-play-get-involved-with-tasty-cupcakes/,vertaald:feed,REDIRECT,301 · 1 hop
/fr/2011/02/agile-games-2011-early-bird-prices-end-feb-28th/,/2011/02/agile-games-2011-early-bird-prices-end-feb-28th/,vertaald:artikel,REDIRECT,301 · 1 hop
/fr/2011/02/agile-games-2011-early-bird-prices-end-feb-28th/feed/,/2011/02/agile-games-2011-early-bird-prices-end-feb-28th/,vertaald:feed,REDIRECT,301 · 1 hop
/fr/2011/02/tasty-cupcakes-now-in-three-languages/,/2011/02/tasty-cupcakes-now-in-three-languages/,vertaald:artikel,REDIRECT,301 · 1 hop
/fr/2011/02/tasty-cupcakes-now-in-three-languages/feed/,/2011/02/tasty-cupcakes-now-in-three-languages/,vertaald:feed,REDIRECT,301 · 1 hop
/fr/2011/03/bang-for-the-buck-prioritization/,/2011/03/bang-for-the-buck-prioritization/,vertaald:artikel,REDIRECT,301 · 1 hop
/fr/2011/04/coaching-skills-dojo/,/2011/04/coaching-skills-dojo/,vertaald:artikel,REDIRECT,301 · 1 hop
/fr/2011/04/coaching-skills-dojo/feed/,/2011/04/coaching-skills-dojo/,vertaald:feed,REDIRECT,301 · 1 hop
/fr/2011/04/dont-blow-it/,/2011/04/dont-blow-it/,vertaald:artikel,REDIRECT,301 · 1 hop
/fr/2011/04/dont-blow-it/feed/,/2011/04/dont-blow-it/,vertaald:feed,REDIRECT,301 · 1 hop
/fr/2011/04/non-musical-chairs/,/2011/04/non-musical-chairs/,vertaald:artikel,REDIRECT,301 · 1 hop
/fr/2011/04/non-musical-chairs/comment-page-1/,/2011/04/non-musical-chairs/,vertaald:reactiepagina,REDIRECT,301 · 1 hop
/fr/2011/04/non-musical-chairs/feed/,/2011/04/non-musical-chairs/,vertaald:feed,REDIRECT,301 · 1 hop
/fr/2011/04/pair-chess-exercise/,/2011/04/pair-chess-exercise/,vertaald:artikel,REDIRECT,301 · 1 hop
/fr/2011/04/pair-chess-exercise/feed/,/2011/04/pair-chess-exercise/,vertaald:feed,REDIRECT,301 · 1 hop
/fr/2011/04/redesign-the-gift-giving-experience/,/2011/04/redesign-the-gift-giving-experience/,vertaald:artikel,REDIRECT,301 · 1 hop
/fr/2011/04/redesign-the-gift-giving-experience/feed/,/2011/04/redesign-the-gift-giving-experience/,vertaald:feed,REDIRECT,301 · 1 hop
/fr/2011/04/sustaining-agility/,/2011/04/sustaining-agility/,vertaald:artikel,REDIRECT,301 · 1 hop
/fr/2011/04/sustaining-agility/feed/,/2011/04/sustaining-agility/,vertaald:feed,REDIRECT,301 · 1 hop
/fr/2011/04/tastycupcakes-community-update/,/2011/04/tastycupcakes-community-update/,vertaald:artikel,REDIRECT,301 · 1 hop
/fr/2011/04/tastycupcakes-community-update/feed/,/2011/04/tastycupcakes-community-update/,vertaald:feed,REDIRECT,301 · 1 hop
/fr/2011/05/screencast-four-ways-to-search-for-games-on-tastycupcakes/,/2011/05/screencast-four-ways-to-search-for-games-on-tastycupcakes/,vertaald:artikel,REDIRECT,301 · 1 hop
/fr/2011/05/screencast-four-ways-to-search-for-games-on-tastycupcakes/feed/,/2011/05/screencast-four-ways-to-search-for-games-on-tastycupcakes/,vertaald:feed,REDIRECT,301 · 1 hop
/fr/2011/05/we-played-innovationgames-to-plan-tastycupcakes-org/,/2011/05/we-played-innovationgames-to-plan-tastycupcakes-org/,vertaald:artikel,REDIRECT,301 · 1 hop
/fr/2011/05/we-played-innovationgames-to-plan-tastycupcakes-org/feed/,/2011/05/we-played-innovationgames-to-plan-tastycupcakes-org/,vertaald:feed,REDIRECT,301 · 1 hop
/fr/2011/05/we-played-innovationgames-to-plan-tastycupcakes-org/tastygames-printme/,/2011/05/we-played-innovationgames-to-plan-tastycupcakes-org/,vertaald:attachment,REDIRECT,301 · 1 hop
/fr/2011/06/cover-story-2/,/2011/06/cover-story-2/,vertaald:artikel,REDIRECT,301 · 1 hop
/fr/2011/06/cover-story-2/feed/,/2011/06/cover-story-2/,vertaald:feed,REDIRECT,301 · 1 hop
/fr/2011/06/empathy-map/,/2011/06/empathy-map/,vertaald:artikel,REDIRECT,301 · 1 hop
/fr/2011/06/empathy-map/feed/,/2011/06/empathy-map/,vertaald:feed,REDIRECT,301 · 1 hop
/fr/2011/06/online-plusdelta-game/,/2011/06/online-plusdelta-game/,vertaald:artikel,REDIRECT,301 · 1 hop
/fr/2011/06/online-plusdelta-game/feed/,/2011/06/online-plusdelta-game/,vertaald:feed,REDIRECT,301 · 1 hop
/fr/2011/06/prune-the-product-tree/,/2011/06/prune-the-product-tree/,vertaald:artikel,REDIRECT,301 · 1 hop
/fr/2011/06/prune-the-product-tree/feed/,/2011/06/prune-the-product-tree/,vertaald:feed,REDIRECT,301 · 1 hop
/fr/2011/06/rock-paper-scissors-happiness/,/2011/06/rock-paper-scissors-happiness/,vertaald:artikel,REDIRECT,301 · 1 hop
/fr/2011/06/rock-paper-scissors-happiness/feed/,/2011/06/rock-paper-scissors-happiness/,vertaald:feed,REDIRECT,301 · 1 hop
/fr/2011/06/speed-boat/,/2011/06/speed-boat/,vertaald:artikel,REDIRECT,301 · 1 hop
/fr/2011/06/speed-boat/feed/,/2011/06/speed-boat/,vertaald:feed,REDIRECT,301 · 1 hop
/fr/2011/06/the-whole-product-game/,/2011/06/the-whole-product-game/,vertaald:artikel,REDIRECT,301 · 1 hop
/fr/2011/06/the-whole-product-game/feed/,/2011/06/the-whole-product-game/,vertaald:feed,REDIRECT,301 · 1 hop
/fr/2011/07/actions-for-retrospectives-2/,/2011/07/actions-for-retrospectives-2/,vertaald:artikel,REDIRECT,301 · 1 hop
/fr/2011/07/actions-for-retrospectives-2/feed/,/2011/07/actions-for-retrospectives-2/,vertaald:feed,REDIRECT,301 · 1 hop
/fr/2011/07/agile-airplanes/,/2011/07/agile-airplanes/,vertaald:artikel,REDIRECT,301 · 1 hop
/fr/2011/07/agile-airplanes/agile_airplane/,/2011/07/agile-airplanes/,vertaald:attachment,REDIRECT,301 · 1 hop
/fr/2011/07/agile-airplanes/agile_airplane/feed/,/2011/07/agile-airplanes/,vertaald:feed,REDIRECT,301 · 1 hop
/fr/2011/07/agile-airplanes/comment-page-1/,/2011/07/agile-airplanes/,vertaald:reactiepagina,REDIRECT,301 · 1 hop
/fr/2011/07/agile-airplanes/feed/,/2011/07/agile-airplanes/,vertaald:feed,REDIRECT,301 · 1 hop
/fr/2011/07/agile-game-incubator-agile-games-2011/,/2011/07/agile-game-incubator-agile-games-2011/,vertaald:artikel,REDIRECT,301 · 1 hop
/fr/2011/07/agile-game-incubator-agile-games-2011/feed/,/2011/07/agile-game-incubator-agile-games-2011/,vertaald:feed,REDIRECT,301 · 1 hop
/fr/2011/07/agile-game-incubator-online/,/2011/07/agile-game-incubator-online/,vertaald:artikel,REDIRECT,301 · 1 hop
/fr/2011/07/agile-game-incubator-online/feed/,/2011/07/agile-game-incubator-online/,vertaald:feed,REDIRECT,301 · 1 hop
/fr/2011/07/dodontisisnt/,/2011/07/dodontisisnt/,vertaald:artikel,REDIRECT,301 · 1 hop
/fr/2011/07/dodontisisnt/dodontisisnt/,/2011/07/dodontisisnt/,vertaald:attachment,REDIRECT,301 · 1 hop
/fr/2011/07/dodontisisnt/dodontisisnt/feed/,/2011/07/dodontisisnt/,vertaald:feed,REDIRECT,301 · 1 hop
/fr/2011/07/dodontisisnt/feed/,/2011/07/dodontisisnt/,vertaald:feed,REDIRECT,301 · 1 hop
/fr/2011/07/how-now-wow-matrix/,/2011/07/how-now-wow-matrix/,vertaald:artikel,REDIRECT,301 · 1 hop
/fr/2011/07/how-now-wow-matrix/feed/,/2011/07/how-now-wow-matrix/,vertaald:feed,REDIRECT,301 · 1 hop
/fr/2011/07/impact-effort-matrix/,/2011/07/impact-effort-matrix/,vertaald:artikel,REDIRECT,301 · 1 hop
/fr/2011/07/impact-effort-matrix/feed/,/2011/07/impact-effort-matrix/,vertaald:feed,REDIRECT,301 · 1 hop
/fr/2011/07/proscons-game/,/2011/07/proscons-game/,vertaald:artikel,REDIRECT,301 · 1 hop
/fr/2011/07/proscons-game/feed/,/2011/07/proscons-game/,vertaald:feed,REDIRECT,301 · 1 hop
/fr/2011/07/swot-analysis-game/,/2011/07/swot-analysis-game/,vertaald:artikel,REDIRECT,301 · 1 hop
/fr/2011/07/swot-analysis-game/feed/,/2011/07/swot-analysis-game/,vertaald:feed,REDIRECT,301 · 1 hop
/fr/2011/07/the-big-payoff/,/2011/07/the-big-payoff/,vertaald:artikel,REDIRECT,301 · 1 hop
/fr/2011/07/the-big-payoff/feed/,/2011/07/the-big-payoff/,vertaald:feed,REDIRECT,301 · 1 hop
/fr/2011/08/circles-and-soup/,/2011/08/circles-and-soup/,vertaald:artikel,REDIRECT,301 · 1 hop
/fr/2011/08/circles-and-soup/comment-page-1/,/2011/08/circles-and-soup/,vertaald:reactiepagina,REDIRECT,301 · 1 hop
/fr/2011/08/circles-and-soup/feed/,/2011/08/circles-and-soup/,vertaald:feed,REDIRECT,301 · 1 hop
/fr/2011/08/learning-matrix/,/2011/08/learning-matrix/,vertaald:artikel,REDIRECT,301 · 1 hop
/fr/2011/08/learning-matrix/feed/,/2011/08/learning-matrix/,vertaald:feed,REDIRECT,301 · 1 hop
/fr/2011/08/merrill-covey-matrix/,/2011/08/merrill-covey-matrix/,vertaald:artikel,REDIRECT,301 · 1 hop
/fr/2011/08/merrill-covey-matrix/feed/,/2011/08/merrill-covey-matrix/,vertaald:feed,REDIRECT,301 · 1 hop
/fr/2011/08/zhong-zhi-a-one-handed-agile-game-for-illustrating-problems-and-finding-solutions/,/2011/08/zhong-zhi-a-one-handed-agile-game-for-illustrating-problems-and-finding-solutions/,vertaald:artikel,REDIRECT,301 · 1 hop
/fr/2011/08/zhong-zhi-a-one-handed-agile-game-for-illustrating-problems-and-finding-solutions/feed/,/2011/08/zhong-zhi-a-one-handed-agile-game-for-illustrating-problems-and-finding-solutions/,vertaald:feed,REDIRECT,301 · 1 hop
/fr/2011/10/continuous-integration-with-lego/,/2011/10/continuous-integration-with-lego/,vertaald:artikel,REDIRECT,301 · 1 hop
/fr/2011/10/continuous-integration-with-lego/comment-page-1/,/2011/10/continuous-integration-with-lego/,vertaald:reactiepagina,REDIRECT,301 · 1 hop
/fr/2011/10/continuous-integration-with-lego/finished-cube-real-1/,/2011/10/continuous-integration-with-lego/,vertaald:attachment,REDIRECT,301 · 1 hop
/fr/2011/10/continuous-integration-with-lego/finished-cube-real-1/feed/,/2011/10/continuous-integration-with-lego/,vertaald:feed,REDIRECT,301 · 1 hop
/fr/2011/10/continuous-integration-with-lego/finished-cube-real-2/,/2011/10/continuous-integration-with-lego/,vertaald:attachment,REDIRECT,301 · 1 hop
/fr/2011/10/continuous-integration-with-lego/finished-cube-real-2/feed/,/2011/10/continuous-integration-with-lego/,vertaald:feed,REDIRECT,301 · 1 hop
/fr/2011/10/continuous-integration-with-lego/finished-cube-real-3/,/2011/10/continuous-integration-with-lego/,vertaald:attachment,REDIRECT,301 · 1 hop
/fr/2011/10/continuous-integration-with-lego/finished-cube-real-3/feed/,/2011/10/continuous-integration-with-lego/,vertaald:feed,REDIRECT,301 · 1 hop
/fr/2011/10/continuous-integration-with-lego/finished-cube-real-4/,/2011/10/continuous-integration-with-lego/,vertaald:attachment,REDIRECT,301 · 1 hop
/fr/2011/10/continuous-integration-with-lego/finished-cube-real-4/feed/,/2011/10/continuous-integration-with-lego/,vertaald:feed,REDIRECT,301 · 1 hop
/fr/2011/10/mitch-lacey-team-prioritization/,/2011/10/mitch-lacey-team-prioritization/,vertaald:artikel,REDIRECT,301 · 1 hop
/fr/2011/10/mitch-lacey-team-prioritization/feed/,/2011/10/mitch-lacey-team-prioritization/,vertaald:feed,REDIRECT,301 · 1 hop
/fr/2011/10/pairing-for-non-programmers/,/2011/10/pairing-for-non-programmers/,vertaald:artikel,REDIRECT,301 · 1 hop
/fr/2011/10/pairing-for-non-programmers/comment-page-1/,/2011/10/pairing-for-non-programmers/,vertaald:reactiepagina,REDIRECT,301 · 1 hop
/fr/2011/10/pairing-for-non-programmers/feed/,/2011/10/pairing-for-non-programmers/,vertaald:feed,REDIRECT,301 · 1 hop
/fr/2011/11/human-knot/,/2011/11/human-knot/,vertaald:artikel,REDIRECT,301 · 1 hop
/fr/2011/11/human-knot/feed/,/2011/11/human-knot/,vertaald:feed,REDIRECT,301 · 1 hop
/fr/2011/12/circles-of-influence/,/2011/12/circles-of-influence/,vertaald:artikel,REDIRECT,301 · 1 hop
/fr/2011/12/circles-of-influence/feed/,/2011/12/circles-of-influence/,vertaald:feed,REDIRECT,301 · 1 hop
/fr/2011/12/values-driven-retrospective-game/,/2011/12/values-driven-retrospective-game/,vertaald:artikel,REDIRECT,301 · 1 hop
/fr/2011/12/values-driven-retrospective-game/feed/,/2011/12/values-driven-retrospective-game/,vertaald:feed,REDIRECT,301 · 1 hop
/fr/2012/01/agile-games-2012-call-for-games/,/2012/01/agile-games-2012-call-for-games/,vertaald:artikel,REDIRECT,301 · 1 hop
/fr/2012/01/agile-games-2012-call-for-games/feed/,/2012/01/agile-games-2012-call-for-games/,vertaald:feed,REDIRECT,301 · 1 hop
/fr/2012/02/is-it-ragu-or-bolognese/,/2012/02/is-it-ragu-or-bolognese/,vertaald:artikel,REDIRECT,301 · 1 hop
/fr/2012/02/is-it-ragu-or-bolognese/feed/,/2012/02/is-it-ragu-or-bolognese/,vertaald:feed,REDIRECT,301 · 1 hop
/fr/2012/02/multitasking-game-handsnumberssong/,/2012/02/multitasking-game-handsnumberssong/,vertaald:artikel,REDIRECT,301 · 1 hop
/fr/2012/02/multitasking-game-handsnumberssong/feed/,/2012/02/multitasking-game-handsnumberssong/,vertaald:feed,REDIRECT,301 · 1 hop
/fr/2012/02/nobodys-perfct/,/2012/02/nobodys-perfct/,vertaald:artikel,REDIRECT,301 · 1 hop
/fr/2012/02/nobodys-perfct/feed/,/2012/02/nobodys-perfct/,vertaald:feed,REDIRECT,301 · 1 hop
/fr/2012/02/you-sunk-my-methodology/,/2012/02/you-sunk-my-methodology/,vertaald:artikel,REDIRECT,301 · 1 hop
/fr/2012/02/you-sunk-my-methodology/feed/,/2012/02/you-sunk-my-methodology/,vertaald:feed,REDIRECT,301 · 1 hop
/fr/2012/03/fearless-journey-the-game-that-gets-your-team-unstuck/,/2012/03/fearless-journey-the-game-that-gets-your-team-unstuck/,vertaald:artikel,REDIRECT,301 · 1 hop
/fr/2012/03/fearless-journey-the-game-that-gets-your-team-unstuck/feed/,/2012/03/fearless-journey-the-game-that-gets-your-team-unstuck/,vertaald:feed,REDIRECT,301 · 1 hop
/fr/2012/03/job-or-joy/,/2012/03/job-or-joy/,vertaald:artikel,REDIRECT,301 · 1 hop
/fr/2012/03/job-or-joy/feed/,/2012/03/job-or-joy/,vertaald:feed,REDIRECT,301 · 1 hop
/fr/2012/03/one-word-storytelling/,/2012/03/one-word-storytelling/,vertaald:artikel,REDIRECT,301 · 1 hop
/fr/2012/03/one-word-storytelling/feed/,/2012/03/one-word-storytelling/,vertaald:feed,REDIRECT,301 · 1 hop
/fr/2012/03/ouija-board-estimation/,/2012/03/ouija-board-estimation/,vertaald:artikel,REDIRECT,301 · 1 hop
/fr/2012/03/ouija-board-estimation/comment-page-1/,/2012/03/ouija-board-estimation/,vertaald:reactiepagina,REDIRECT,301 · 1 hop
/fr/2012/03/ouija-board-estimation/feed/,/2012/03/ouija-board-estimation/,vertaald:feed,REDIRECT,301 · 1 hop
/fr/2012/04/scrum-simulation-with-lego-bricks/,/fr/2012/04/scrum-simulation-with-lego-bricks/,vertaald:artikel,EXACT,
/fr/2012/04/scrum-simulation-with-lego-bricks/feed/,/fr/2012/04/scrum-simulation-with-lego-bricks/,vertaald:feed,REDIRECT,301 · 1 hop
/fr/2012/04/tasty-estimation/,/2012/04/tasty-estimation/,vertaald:artikel,REDIRECT,301 · 1 hop
/fr/2012/04/tasty-estimation/feed/,/2012/04/tasty-estimation/,vertaald:feed,REDIRECT,301 · 1 hop
/fr/2012/05/lean-startup-snowflakes/,/fr/2012/05/lean-startup-snowflakes/,vertaald:artikel,EXACT,
/fr/2012/05/lean-startup-snowflakes/comment-page-1/,/fr/2012/05/lean-startup-snowflakes/,vertaald:reactiepagina,REDIRECT,301 · 1 hop
/fr/2012/05/lean-startup-snowflakes/feed/,/fr/2012/05/lean-startup-snowflakes/,vertaald:feed,REDIRECT,301 · 1 hop
/fr/2012/05/ultimate-battle/,,vertaald:artikel,GONE,vertaalde fallback zonder EN-origineel
/fr/2012/05/ultimate-battle/feed/,,vertaald:feed,GONE,attachmentpagina zonder bestaande post
/fr/2012/06/2-brains-tell-it-sell-it/,/2012/06/2-brains-tell-it-sell-it/,vertaald:artikel,REDIRECT,301 · 1 hop
/fr/2012/06/2-brains-tell-it-sell-it/feed/,/2012/06/2-brains-tell-it-sell-it/,vertaald:feed,REDIRECT,301 · 1 hop
/fr/2012/07/challenger-selling-model/,/2012/07/challenger-selling-model/,vertaald:artikel,REDIRECT,301 · 1 hop
/fr/2012/07/challenger-selling-model/feed/,/2012/07/challenger-selling-model/,vertaald:feed,REDIRECT,301 · 1 hop
/fr/2012/07/gone-fishing-game/,/2012/07/gone-fishing-game/,vertaald:artikel,REDIRECT,301 · 1 hop
/fr/2012/07/gone-fishing-game/feed/,/2012/07/gone-fishing-game/,vertaald:feed,REDIRECT,301 · 1 hop
/fr/2012/07/innovation-ambition-matrix/,/fr/2012/07/innovation-ambition-matrix/,vertaald:artikel,EXACT,
/fr/2012/07/innovation-ambition-matrix/feed/,/fr/2012/07/innovation-ambition-matrix/,vertaald:feed,REDIRECT,301 · 1 hop
/fr/2012/08/customer-centric/,/2012/08/customer-centric/,vertaald:artikel,REDIRECT,301 · 1 hop
/fr/2012/08/customer-centric/feed/,/2012/08/customer-centric/,vertaald:feed,REDIRECT,301 · 1 hop
/fr/2012/08/die-card-die-the-interruption-game/,/2012/08/die-card-die-the-interruption-game/,vertaald:artikel,REDIRECT,301 · 1 hop
/fr/2012/08/die-card-die-the-interruption-game/die_card_die-2/,/2012/08/die-card-die-the-interruption-game/,vertaald:attachment,REDIRECT,301 · 1 hop
/fr/2012/08/die-card-die-the-interruption-game/die_card_die-2/feed/,/2012/08/die-card-die-the-interruption-game/,vertaald:feed,REDIRECT,301 · 1 hop
/fr/2012/08/die-card-die-the-interruption-game/feed/,/2012/08/die-card-die-the-interruption-game/,vertaald:feed,REDIRECT,301 · 1 hop
/fr/2012/08/innovation-generator/,/2012/08/innovation-generator/,vertaald:artikel,REDIRECT,301 · 1 hop
/fr/2012/08/innovation-generator/feed/,/2012/08/innovation-generator/,vertaald:feed,REDIRECT,301 · 1 hop
/fr/2012/08/kanban-tetris/,/2012/08/kanban-tetris/,vertaald:artikel,REDIRECT,301 · 1 hop
/fr/2012/08/kanban-tetris/feed/,/2012/08/kanban-tetris/,vertaald:feed,REDIRECT,301 · 1 hop
/fr/2012/08/safe-bold-framework/,/2012/08/safe-bold-framework/,vertaald:artikel,REDIRECT,301 · 1 hop
/fr/2012/08/safe-bold-framework/feed/,/2012/08/safe-bold-framework/,vertaald:feed,REDIRECT,301 · 1 hop
/fr/2012/08/wellbeing-north-star/,/2012/08/wellbeing-north-star/,vertaald:artikel,REDIRECT,301 · 1 hop
/fr/2012/08/wellbeing-north-star/feed/,/2012/08/wellbeing-north-star/,vertaald:feed,REDIRECT,301 · 1 hop
/fr/2012/09/the-domino-effect/,/2012/09/the-domino-effect/,vertaald:artikel,REDIRECT,301 · 1 hop
/fr/2012/09/the-domino-effect/feed/,/2012/09/the-domino-effect/,vertaald:feed,REDIRECT,301 · 1 hop
/fr/2012/09/the-project-managers-nightmare/,/2012/09/the-project-managers-nightmare/,vertaald:artikel,REDIRECT,301 · 1 hop
/fr/2012/09/the-project-managers-nightmare/feed/,/2012/09/the-project-managers-nightmare/,vertaald:feed,REDIRECT,301 · 1 hop
/fr/2012/09/we-want-a-city-scrum-simulation-with-lego-extension/,/2012/09/we-want-a-city-scrum-simulation-with-lego-extension/,vertaald:artikel,REDIRECT,301 · 1 hop
/fr/2012/09/we-want-a-city-scrum-simulation-with-lego-extension/feed/,/2012/09/we-want-a-city-scrum-simulation-with-lego-extension/,vertaald:feed,REDIRECT,301 · 1 hop
/fr/2012/10/balloon-animals/,/2012/10/balloon-animals/,vertaald:artikel,REDIRECT,301 · 1 hop
/fr/2012/10/balloon-animals/feed/,/2012/10/balloon-animals/,vertaald:feed,REDIRECT,301 · 1 hop
/fr/2012/10/celebrity-prioritisation/,/2012/10/celebrity-prioritisation/,vertaald:artikel,REDIRECT,301 · 1 hop
/fr/2012/10/celebrity-prioritisation/comment-page-1/,/2012/10/celebrity-prioritisation/,vertaald:reactiepagina,REDIRECT,301 · 1 hop
/fr/2012/10/celebrity-prioritisation/feed/,/2012/10/celebrity-prioritisation/,vertaald:feed,REDIRECT,301 · 1 hop
/fr/2012/10/destroy/,/2012/10/destroy/,vertaald:artikel,REDIRECT,301 · 1 hop
/fr/2012/10/destroy/feed/,/2012/10/destroy/,vertaald:feed,REDIRECT,301 · 1 hop
/fr/2012/10/first-letter-last-letter/,/2012/10/first-letter-last-letter/,vertaald:artikel,REDIRECT,301 · 1 hop
/fr/2012/10/first-letter-last-letter/feed/,/2012/10/first-letter-last-letter/,vertaald:feed,REDIRECT,301 · 1 hop
/fr/2012/10/free-market-prioritisation/,/2012/10/free-market-prioritisation/,vertaald:artikel,REDIRECT,301 · 1 hop
/fr/2012/10/free-market-prioritisation/feed/,/2012/10/free-market-prioritisation/,vertaald:feed,REDIRECT,301 · 1 hop
/fr/2012/10/intuitions/,/2012/10/intuitions/,vertaald:artikel,REDIRECT,301 · 1 hop
/fr/2012/10/intuitions/feed/,/2012/10/intuitions/,vertaald:feed,REDIRECT,301 · 1 hop
/fr/2012/10/movements-of-a-hypnotic-nature/,/2012/10/movements-of-a-hypnotic-nature/,vertaald:artikel,REDIRECT,301 · 1 hop
/fr/2012/10/movements-of-a-hypnotic-nature/feed/,/2012/10/movements-of-a-hypnotic-nature/,vertaald:feed,REDIRECT,301 · 1 hop
/fr/2012/10/musical-bells/,/2012/10/musical-bells/,vertaald:artikel,REDIRECT,301 · 1 hop
/fr/2012/10/musical-bells/feed/,/2012/10/musical-bells/,vertaald:feed,REDIRECT,301 · 1 hop
/fr/2012/10/once-upon-a-time-in-legoland/,/2012/10/once-upon-a-time-in-legoland/,vertaald:artikel,REDIRECT,301 · 1 hop
/fr/2012/10/once-upon-a-time-in-legoland/feed/,/2012/10/once-upon-a-time-in-legoland/,vertaald:feed,REDIRECT,301 · 1 hop
/fr/2012/10/story-spines/,/2012/10/story-spines/,vertaald:artikel,REDIRECT,301 · 1 hop
/fr/2012/10/swedish-stories/,/2012/10/swedish-stories/,vertaald:artikel,REDIRECT,301 · 1 hop
/fr/2012/10/swedish-stories/feed/,/2012/10/swedish-stories/,vertaald:feed,REDIRECT,301 · 1 hop
/fr/2012/10/the-blame-game/,/fr/2012/10/the-blame-game/,vertaald:artikel,EXACT,
/fr/2012/10/the-blame-game/feed/,/fr/2012/10/the-blame-game/,vertaald:feed,REDIRECT,301 · 1 hop
/fr/2012/10/the-sprint-limerick/,/2012/10/the-sprint-limerick/,vertaald:artikel,REDIRECT,301 · 1 hop
/fr/2012/10/the-sprint-limerick/feed/,/2012/10/the-sprint-limerick/,vertaald:feed,REDIRECT,301 · 1 hop
/fr/2012/10/the-sprint-mural/,/2012/10/the-sprint-mural/,vertaald:artikel,REDIRECT,301 · 1 hop
/fr/2012/10/the-sprint-mural/feed/,/2012/10/the-sprint-mural/,vertaald:feed,REDIRECT,301 · 1 hop
/fr/2012/10/thirty-five/,/2012/10/thirty-five/,vertaald:artikel,REDIRECT,301 · 1 hop
/fr/2012/10/thirty-five/comment-page-1/,/2012/10/thirty-five/,vertaald:reactiepagina,REDIRECT,301 · 1 hop
/fr/2012/10/thirty-five/feed/,/2012/10/thirty-five/,vertaald:feed,REDIRECT,301 · 1 hop
/fr/2012/10/top-traits/,/2012/10/top-traits/,vertaald:artikel,REDIRECT,301 · 1 hop
/fr/2012/10/top-traits/feed/,/2012/10/top-traits/,vertaald:feed,REDIRECT,301 · 1 hop
/fr/2012/10/upside-downside/,/2012/10/upside-downside/,vertaald:artikel,REDIRECT,301 · 1 hop
/fr/2012/10/upside-downside/feed/,/2012/10/upside-downside/,vertaald:feed,REDIRECT,301 · 1 hop
/fr/2012/10/video-reframing/,/2012/10/video-reframing/,vertaald:artikel,REDIRECT,301 · 1 hop
/fr/2012/10/video-reframing/feed/,/2012/10/video-reframing/,vertaald:feed,REDIRECT,301 · 1 hop
/fr/2012/11/delight/,/2012/11/delight/,vertaald:artikel,REDIRECT,301 · 1 hop
/fr/2012/11/delight/feed/,/2012/11/delight/,vertaald:feed,REDIRECT,301 · 1 hop
/fr/2012/11/gift-box/,/2012/11/gift-box/,vertaald:artikel,REDIRECT,301 · 1 hop
/fr/2012/11/gift-box/feed/,/2012/11/gift-box/,vertaald:feed,REDIRECT,301 · 1 hop
/fr/2012/11/questions-only/,/2012/11/questions-only/,vertaald:artikel,REDIRECT,301 · 1 hop
/fr/2012/11/questions-only/feed/,/2012/11/questions-only/,vertaald:feed,REDIRECT,301 · 1 hop
/fr/2012/11/tdd-test-driven-drawing/,/2012/11/tdd-test-driven-drawing/,vertaald:artikel,REDIRECT,301 · 1 hop
/fr/2012/11/tdd-test-driven-drawing/2012-11-06-10-23-07/,/2012/11/tdd-test-driven-drawing/,vertaald:attachment,REDIRECT,301 · 1 hop
/fr/2012/11/tdd-test-driven-drawing/2012-11-06-10-23-07/feed/,/2012/11/tdd-test-driven-drawing/,vertaald:feed,REDIRECT,301 · 1 hop
/fr/2012/11/tdd-test-driven-drawing/2012-11-06-10-23-14/,/2012/11/tdd-test-driven-drawing/,vertaald:attachment,REDIRECT,301 · 1 hop
/fr/2012/11/tdd-test-driven-drawing/2012-11-06-10-23-14/feed/,/2012/11/tdd-test-driven-drawing/,vertaald:feed,REDIRECT,301 · 1 hop
/fr/2012/11/tdd-test-driven-drawing/2012-11-06-10-40-29/,/2012/11/tdd-test-driven-drawing/,vertaald:attachment,REDIRECT,301 · 1 hop
/fr/2012/11/tdd-test-driven-drawing/2012-11-06-10-40-29/feed/,/2012/11/tdd-test-driven-drawing/,vertaald:feed,REDIRECT,301 · 1 hop
/fr/2012/11/tdd-test-driven-drawing/feed/,/2012/11/tdd-test-driven-drawing/,vertaald:feed,REDIRECT,301 · 1 hop
/fr/2012/11/tdd-test-driven-drawing/screen-shot-2012-11-07-at-22-01-41/,/2012/11/tdd-test-driven-drawing/,vertaald:attachment,REDIRECT,301 · 1 hop
/fr/2012/11/tdd-test-driven-drawing/screen-shot-2012-11-07-at-22-01-41/feed/,/2012/11/tdd-test-driven-drawing/,vertaald:feed,REDIRECT,301 · 1 hop
/fr/2012/11/three-headed-expert/,/2012/11/three-headed-expert/,vertaald:artikel,REDIRECT,301 · 1 hop
/fr/2012/11/three-headed-expert/comment-page-1/,/2012/11/three-headed-expert/,vertaald:reactiepagina,REDIRECT,301 · 1 hop
/fr/2012/11/three-headed-expert/feed/,/2012/11/three-headed-expert/,vertaald:feed,REDIRECT,301 · 1 hop
/fr/2012/11/werewolf-facilitation/,/2012/11/werewolf-facilitation/,vertaald:artikel,REDIRECT,301 · 1 hop
/fr/2012/11/werewolf-facilitation/feed/,/2012/11/werewolf-facilitation/,vertaald:feed,REDIRECT,301 · 1 hop
/fr/2012/12/take-the-win-win-wave/,/2012/12/take-the-win-win-wave/,vertaald:artikel,REDIRECT,301 · 1 hop
/fr/2012/12/take-the-win-win-wave/feed/,/2012/12/take-the-win-win-wave/,vertaald:feed,REDIRECT,301 · 1 hop
/fr/2013/02/52-card-pickup/,/2013/02/52-card-pickup/,vertaald:artikel,REDIRECT,301 · 1 hop
/fr/2013/02/52-card-pickup/feed/,/2013/02/52-card-pickup/,vertaald:feed,REDIRECT,301 · 1 hop
/fr/2013/02/copycats-2/,/2013/02/copycats-2/,vertaald:artikel,REDIRECT,301 · 1 hop
/fr/2013/02/copycats-2/feed/,/2013/02/copycats-2/,vertaald:feed,REDIRECT,301 · 1 hop
/fr/2013/02/the-herculean-doughnut/,/2013/02/the-herculean-doughnut/,vertaald:artikel,REDIRECT,301 · 1 hop
/fr/2013/02/the-herculean-doughnut/comment-page-1/,/2013/02/the-herculean-doughnut/,vertaald:reactiepagina,REDIRECT,301 · 1 hop
/fr/2013/02/the-herculean-doughnut/feed/,/2013/02/the-herculean-doughnut/,vertaald:feed,REDIRECT,301 · 1 hop
/fr/2013/03/8-monkeys-in-a-cage-–-a-mura-learning-game/,/2013/03/8-monkeys-in-a-cage-–-a-mura-learning-game/,vertaald:artikel,REDIRECT,301 · 1 hop
/fr/2013/03/8-monkeys-in-a-cage-–-a-mura-learning-game/feed/,/2013/03/8-monkeys-in-a-cage-–-a-mura-learning-game/,vertaald:feed,REDIRECT,301 · 1 hop
/fr/2013/03/play-doh-zoo-agile-ux-unleashed/,/2013/03/play-doh-zoo-agile-ux-unleashed/,vertaald:artikel,REDIRECT,301 · 1 hop
/fr/2013/03/play-doh-zoo-agile-ux-unleashed/feed/,/2013/03/play-doh-zoo-agile-ux-unleashed/,vertaald:feed,REDIRECT,301 · 1 hop
/fr/2013/03/the-high-risk-airplane-factory/,/2013/03/the-high-risk-airplane-factory/,vertaald:artikel,REDIRECT,301 · 1 hop
/fr/2013/03/the-high-risk-airplane-factory/feed/,/2013/03/the-high-risk-airplane-factory/,vertaald:feed,REDIRECT,301 · 1 hop
/fr/2013/04/communication-race/,/2013/04/communication-race/,vertaald:artikel,REDIRECT,301 · 1 hop
/fr/2013/04/communication-race/feed/,/2013/04/communication-race/,vertaald:feed,REDIRECT,301 · 1 hop
/fr/2013/04/e-w-a-n-mcgregor/,/2013/04/e-w-a-n-mcgregor/,vertaald:artikel,REDIRECT,301 · 1 hop
/fr/2013/04/e-w-a-n-mcgregor/feed/,/2013/04/e-w-a-n-mcgregor/,vertaald:feed,REDIRECT,301 · 1 hop
/fr/2013/04/the-risk-is-in-the-blocks/,/2013/04/the-risk-is-in-the-blocks/,vertaald:artikel,REDIRECT,301 · 1 hop
/fr/2013/04/the-risk-is-in-the-blocks/comment-page-1/,/2013/04/the-risk-is-in-the-blocks/,vertaald:reactiepagina,REDIRECT,301 · 1 hop
/fr/2013/04/the-risk-is-in-the-blocks/feed/,/2013/04/the-risk-is-in-the-blocks/,vertaald:feed,REDIRECT,301 · 1 hop
/fr/2013/05/the-penny-game/,/2013/05/the-penny-game/,vertaald:artikel,REDIRECT,301 · 1 hop
/fr/2013/05/the-penny-game/comment-page-1/,/2013/05/the-penny-game/,vertaald:reactiepagina,REDIRECT,301 · 1 hop
/fr/2013/05/the-penny-game/feed/,/2013/05/the-penny-game/,vertaald:feed,REDIRECT,301 · 1 hop
/fr/2013/07/francais-99-ballons-de-test/,/fr/2013/07/francais-99-ballons-de-test/,vertaald:artikel,EXACT,
/fr/2013/07/francais-99-ballons-de-test/feed/,/fr/2013/07/francais-99-ballons-de-test/,vertaald:feed,REDIRECT,301 · 1 hop
/fr/2013/07/moodgraph/,/2013/07/moodgraph/,vertaald:artikel,REDIRECT,301 · 1 hop
/fr/2013/07/moodgraph/feed/,/2013/07/moodgraph/,vertaald:feed,REDIRECT,301 · 1 hop
/fr/2013/08/software-kanban-games/,/2013/08/software-kanban-games/,vertaald:artikel,REDIRECT,301 · 1 hop
/fr/2013/08/software-kanban-games/event-cards/,/2013/08/software-kanban-games/,vertaald:attachment,REDIRECT,301 · 1 hop
/fr/2013/08/software-kanban-games/event-cards/feed/,/2013/08/software-kanban-games/,vertaald:feed,REDIRECT,301 · 1 hop
/fr/2013/08/software-kanban-games/expedite-story-cards/,/2013/08/software-kanban-games/,vertaald:attachment,REDIRECT,301 · 1 hop
/fr/2013/08/software-kanban-games/expedite-story-cards/feed/,/2013/08/software-kanban-games/,vertaald:feed,REDIRECT,301 · 1 hop
/fr/2013/08/software-kanban-games/feed/,/2013/08/software-kanban-games/,vertaald:feed,REDIRECT,301 · 1 hop
/fr/2013/08/software-kanban-games/fixed-date-story-cards/,/2013/08/software-kanban-games/,vertaald:attachment,REDIRECT,301 · 1 hop
/fr/2013/08/software-kanban-games/fixed-date-story-cards/feed/,/2013/08/software-kanban-games/,vertaald:feed,REDIRECT,301 · 1 hop
/fr/2013/08/software-kanban-games/standard-story-cards/,/2013/08/software-kanban-games/,vertaald:attachment,REDIRECT,301 · 1 hop
/fr/2013/08/software-kanban-games/standard-story-cards/feed/,/2013/08/software-kanban-games/,vertaald:feed,REDIRECT,301 · 1 hop
/fr/2013/09/leadership-magic-trick/,/fr/2013/09/leadership-magic-trick/,vertaald:artikel,EXACT,
/fr/2013/09/leadership-magic-trick/feed/,/fr/2013/09/leadership-magic-trick/,vertaald:feed,REDIRECT,301 · 1 hop
/fr/2013/09/line-up/,/2013/09/line-up/,vertaald:artikel,REDIRECT,301 · 1 hop
/fr/2013/09/line-up/feed/,/2013/09/line-up/,vertaald:feed,REDIRECT,301 · 1 hop
/fr/2013/09/mind-reading/,/2013/09/mind-reading/,vertaald:artikel,REDIRECT,301 · 1 hop
/fr/2013/09/mind-reading/feed/,/2013/09/mind-reading/,vertaald:feed,REDIRECT,301 · 1 hop
/fr/2013/09/mind-reading/mind-reader-game-elinor-slomba-with-independent-software-team/,/2013/09/mind-reading/,vertaald:attachment,REDIRECT,301 · 1 hop
/fr/2013/09/mind-reading/mind-reader-game-elinor-slomba-with-independent-software-team/feed/,/2013/09/mind-reading/,vertaald:feed,REDIRECT,301 · 1 hop
/fr/2013/10/a-day-in-the-perfect-company-movie/,/2013/10/a-day-in-the-perfect-company-movie/,vertaald:artikel,REDIRECT,301 · 1 hop
/fr/2013/10/a-day-in-the-perfect-company-movie/feed/,/2013/10/a-day-in-the-perfect-company-movie/,vertaald:feed,REDIRECT,301 · 1 hop
/fr/2013/11/mobile-introspection-aka-opening-your-curatorial-eye/,/2013/11/mobile-introspection-aka-opening-your-curatorial-eye/,vertaald:artikel,REDIRECT,301 · 1 hop
/fr/2013/11/mobile-introspection-aka-opening-your-curatorial-eye/feed/,/2013/11/mobile-introspection-aka-opening-your-curatorial-eye/,vertaald:feed,REDIRECT,301 · 1 hop
/fr/2013/11/three-projects-three-experiments/,/2013/11/three-projects-three-experiments/,vertaald:artikel,REDIRECT,301 · 1 hop
/fr/2013/11/three-projects-three-experiments/feed/,/2013/11/three-projects-three-experiments/,vertaald:feed,REDIRECT,301 · 1 hop
/fr/2013/12/2014-san-jose-budget-games/,/2013/12/2014-san-jose-budget-games/,vertaald:artikel,REDIRECT,301 · 1 hop
/fr/2013/12/2014-san-jose-budget-games/feed/,/2013/12/2014-san-jose-budget-games/,vertaald:feed,REDIRECT,301 · 1 hop
/fr/2013/12/values-advocacy/,/2013/12/values-advocacy/,vertaald:artikel,REDIRECT,301 · 1 hop
/fr/2013/12/values-advocacy/feed/,/2013/12/values-advocacy/,vertaald:feed,REDIRECT,301 · 1 hop
/fr/2014/01/christmas-lucky-dip-game-with-a-twist-energise-your-christmas-party/,/2014/01/christmas-lucky-dip-game-with-a-twist-energise-your-christmas-party/,vertaald:artikel,REDIRECT,301 · 1 hop
/fr/2014/01/christmas-lucky-dip-game-with-a-twist-energise-your-christmas-party/comment-page-1/,/2014/01/christmas-lucky-dip-game-with-a-twist-energise-your-christmas-party/,vertaald:reactiepagina,REDIRECT,301 · 1 hop
/fr/2014/01/christmas-lucky-dip-game-with-a-twist-energise-your-christmas-party/feed/,/2014/01/christmas-lucky-dip-game-with-a-twist-energise-your-christmas-party/,vertaald:feed,REDIRECT,301 · 1 hop
/fr/2014/01/scrum-roles-and-responsibilities-game/,/2014/01/scrum-roles-and-responsibilities-game/,vertaald:artikel,REDIRECT,301 · 1 hop
/fr/2014/01/scrum-roles-and-responsibilities-game/comment-page-1/,/2014/01/scrum-roles-and-responsibilities-game/,vertaald:reactiepagina,REDIRECT,301 · 1 hop
/fr/2014/01/scrum-roles-and-responsibilities-game/feed/,/2014/01/scrum-roles-and-responsibilities-game/,vertaald:feed,REDIRECT,301 · 1 hop
/fr/2014/02/card-in-a-sealed-envelope/,/2014/02/card-in-a-sealed-envelope/,vertaald:artikel,REDIRECT,301 · 1 hop
/fr/2014/02/card-in-a-sealed-envelope/feed/,/2014/02/card-in-a-sealed-envelope/,vertaald:feed,REDIRECT,301 · 1 hop
/fr/2014/02/matching-values/,/2014/02/matching-values/,vertaald:artikel,REDIRECT,301 · 1 hop
/fr/2014/02/matching-values/feed/,/2014/02/matching-values/,vertaald:feed,REDIRECT,301 · 1 hop
/fr/2014/02/means-first-then-states/,/fr/2014/02/means-first-then-states/,vertaald:artikel,EXACT,
/fr/2014/02/means-first-then-states/feed/,/fr/2014/02/means-first-then-states/,vertaald:feed,REDIRECT,301 · 1 hop
/fr/2014/03/the-sandwich-retrospective/,/2014/03/the-sandwich-retrospective/,vertaald:artikel,REDIRECT,301 · 1 hop
/fr/2014/03/the-sandwich-retrospective/feed/,/2014/03/the-sandwich-retrospective/,vertaald:feed,REDIRECT,301 · 1 hop
/fr/2014/05/ball-flow-game/,/2014/05/ball-flow-game/,vertaald:artikel,REDIRECT,301 · 1 hop
/fr/2014/05/ball-flow-game/feed/,/2014/05/ball-flow-game/,vertaald:feed,REDIRECT,301 · 1 hop
/fr/2014/05/lego-flow-game/,/2014/05/lego-flow-game/,vertaald:artikel,REDIRECT,301 · 1 hop
/fr/2014/05/lego-flow-game/feed/,/2014/05/lego-flow-game/,vertaald:feed,REDIRECT,301 · 1 hop
/fr/2014/05/the-product-owner-role/,/2014/05/the-product-owner-role/,vertaald:artikel,REDIRECT,301 · 1 hop
/fr/2014/05/the-product-owner-role/feed/,/2014/05/the-product-owner-role/,vertaald:feed,REDIRECT,301 · 1 hop
/fr/2014/06/defining-done/,/2014/06/defining-done/,vertaald:artikel,REDIRECT,301 · 1 hop
/fr/2014/06/defining-done/comment-page-1/,/2014/06/defining-done/,vertaald:reactiepagina,REDIRECT,301 · 1 hop
/fr/2014/06/defining-done/feed/,/2014/06/defining-done/,vertaald:feed,REDIRECT,301 · 1 hop
/fr/2014/06/epic-bedtime-story/,/2014/06/epic-bedtime-story/,vertaald:artikel,REDIRECT,301 · 1 hop
/fr/2014/06/epic-bedtime-story/feed/,/2014/06/epic-bedtime-story/,vertaald:feed,REDIRECT,301 · 1 hop
/fr/2014/06/the-rocket-retrospective/,/2014/06/the-rocket-retrospective/,vertaald:artikel,REDIRECT,301 · 1 hop
/fr/2014/06/the-rocket-retrospective/comment-page-1/,/2014/06/the-rocket-retrospective/,vertaald:reactiepagina,REDIRECT,301 · 1 hop
/fr/2014/06/the-rocket-retrospective/feed/,/2014/06/the-rocket-retrospective/,vertaald:feed,REDIRECT,301 · 1 hop
/fr/2014/07/project-snapper-an-inception-value-realisation-game/,/2014/07/project-snapper-an-inception-value-realisation-game/,vertaald:artikel,REDIRECT,301 · 1 hop
/fr/2014/07/project-snapper-an-inception-value-realisation-game/feed/,/2014/07/project-snapper-an-inception-value-realisation-game/,vertaald:feed,REDIRECT,301 · 1 hop
/fr/2014/07/scrumheads-the-daily-scrum-game/,/2014/07/scrumheads-the-daily-scrum-game/,vertaald:artikel,REDIRECT,301 · 1 hop
/fr/2014/07/scrumheads-the-daily-scrum-game/feed/,/2014/07/scrumheads-the-daily-scrum-game/,vertaald:feed,REDIRECT,301 · 1 hop
/fr/2014/07/sudokuban-a-kanban-in-action-game-in-puzzles/,/2014/07/sudokuban-a-kanban-in-action-game-in-puzzles/,vertaald:artikel,REDIRECT,301 · 1 hop
/fr/2014/07/sudokuban-a-kanban-in-action-game-in-puzzles/feed/,/2014/07/sudokuban-a-kanban-in-action-game-in-puzzles/,vertaald:feed,REDIRECT,301 · 1 hop
/fr/2014/07/the-cultural-radars/,/2014/07/the-cultural-radars/,vertaald:artikel,REDIRECT,301 · 1 hop
/fr/2014/07/the-cultural-radars/feed/,/2014/07/the-cultural-radars/,vertaald:feed,REDIRECT,301 · 1 hop
/fr/2014/08/cynefin-with-the-team-drawer/,/2014/08/cynefin-with-the-team-drawer/,vertaald:artikel,REDIRECT,301 · 1 hop
/fr/2014/08/cynefin-with-the-team-drawer/feed/,/2014/08/cynefin-with-the-team-drawer/,vertaald:feed,REDIRECT,301 · 1 hop
/fr/2014/08/the-newlywed-game/,/2014/08/the-newlywed-game/,vertaald:artikel,REDIRECT,301 · 1 hop
/fr/2014/08/the-newlywed-game/feed/,/2014/08/the-newlywed-game/,vertaald:feed,REDIRECT,301 · 1 hop
/fr/2014/09/new-kanban-simulation-game-featureban/,/2014/09/new-kanban-simulation-game-featureban/,vertaald:artikel,REDIRECT,301 · 1 hop
/fr/2014/09/new-kanban-simulation-game-featureban/feed/,/2014/09/new-kanban-simulation-game-featureban/,vertaald:feed,REDIRECT,301 · 1 hop
/fr/2014/09/the-estimation-quest/,/2014/09/the-estimation-quest/,vertaald:artikel,REDIRECT,301 · 1 hop
/fr/2014/09/the-estimation-quest/feed/,/2014/09/the-estimation-quest/,vertaald:feed,REDIRECT,301 · 1 hop
/fr/2014/10/fellowship-of-the-goal-gamify-the-cardwall/,/2014/10/fellowship-of-the-goal-gamify-the-cardwall/,vertaald:artikel,REDIRECT,301 · 1 hop
/fr/2014/10/fellowship-of-the-goal-gamify-the-cardwall/feed/,/2014/10/fellowship-of-the-goal-gamify-the-cardwall/,vertaald:feed,REDIRECT,301 · 1 hop
/fr/2014/10/team-responsibility-game/,/2014/10/team-responsibility-game/,vertaald:artikel,REDIRECT,301 · 1 hop
/fr/2014/10/team-responsibility-game/comment-page-1/,/2014/10/team-responsibility-game/,vertaald:reactiepagina,REDIRECT,301 · 1 hop
/fr/2014/10/team-responsibility-game/feed/,/2014/10/team-responsibility-game/,vertaald:feed,REDIRECT,301 · 1 hop
/fr/2014/10/the-planning-quest/,/2014/10/the-planning-quest/,vertaald:artikel,REDIRECT,301 · 1 hop
/fr/2014/10/the-planning-quest/feed/,/2014/10/the-planning-quest/,vertaald:feed,REDIRECT,301 · 1 hop
/fr/2014/11/the-zmey-planning/,/2014/11/the-zmey-planning/,vertaald:artikel,REDIRECT,301 · 1 hop
/fr/2014/11/the-zmey-planning/feed/,/2014/11/the-zmey-planning/,vertaald:feed,REDIRECT,301 · 1 hop
/fr/2014/11/user-stories-vs-requirements/,/2014/11/user-stories-vs-requirements/,vertaald:artikel,REDIRECT,301 · 1 hop
/fr/2014/11/user-stories-vs-requirements/comment-page-1/,/2014/11/user-stories-vs-requirements/,vertaald:reactiepagina,REDIRECT,301 · 1 hop
/fr/2014/11/user-stories-vs-requirements/feed/,/2014/11/user-stories-vs-requirements/,vertaald:feed,REDIRECT,301 · 1 hop
/fr/2014/12/team-trust-canvas/,/2014/12/team-trust-canvas/,vertaald:artikel,REDIRECT,301 · 1 hop
/fr/2014/12/team-trust-canvas/feed/,/2014/12/team-trust-canvas/,vertaald:feed,REDIRECT,301 · 1 hop
/fr/2014/12/team-trust-canvas/team-trust-canvas-eng/,/2014/12/team-trust-canvas/,vertaald:attachment,REDIRECT,301 · 1 hop
/fr/2014/12/team-trust-canvas/team-trust-canvas-eng/feed/,/2014/12/team-trust-canvas/,vertaald:feed,REDIRECT,301 · 1 hop
/fr/2014/12/the-fatware-matrix/,/2014/12/the-fatware-matrix/,vertaald:artikel,REDIRECT,301 · 1 hop
/fr/2014/12/the-fatware-matrix/feed/,/2014/12/the-fatware-matrix/,vertaald:feed,REDIRECT,301 · 1 hop
/fr/2015/01/hold-the-ball-longer-stronger-together/,/2015/01/hold-the-ball-longer-stronger-together/,vertaald:artikel,REDIRECT,301 · 1 hop
/fr/2015/01/hold-the-ball-longer-stronger-together/comment-page-1/,/2015/01/hold-the-ball-longer-stronger-together/,vertaald:reactiepagina,REDIRECT,301 · 1 hop
/fr/2015/01/hold-the-ball-longer-stronger-together/feed/,/2015/01/hold-the-ball-longer-stronger-together/,vertaald:feed,REDIRECT,301 · 1 hop
/fr/2015/01/hold-the-ball-longer-stronger-together/image-for-3-2-section/,/2015/01/hold-the-ball-longer-stronger-together/,vertaald:attachment,REDIRECT,301 · 1 hop
/fr/2015/01/hold-the-ball-longer-stronger-together/image-for-3-2-section/feed/,/2015/01/hold-the-ball-longer-stronger-together/,vertaald:feed,REDIRECT,301 · 1 hop
/fr/2015/01/hold-the-ball-longer-stronger-together/image-for-5-2-section/,/2015/01/hold-the-ball-longer-stronger-together/,vertaald:attachment,REDIRECT,301 · 1 hop
/fr/2015/01/hold-the-ball-longer-stronger-together/image-for-5-2-section/feed/,/2015/01/hold-the-ball-longer-stronger-together/,vertaald:feed,REDIRECT,301 · 1 hop
/fr/2015/01/hold-the-ball-longer-stronger-together/image-for-6-3-section/,/2015/01/hold-the-ball-longer-stronger-together/,vertaald:attachment,REDIRECT,301 · 1 hop
/fr/2015/01/hold-the-ball-longer-stronger-together/image-for-6-3-section/feed/,/2015/01/hold-the-ball-longer-stronger-together/,vertaald:feed,REDIRECT,301 · 1 hop
/fr/2015/01/product-owner-challenge/,/2015/01/product-owner-challenge/,vertaald:artikel,REDIRECT,301 · 1 hop
/fr/2015/01/product-owner-challenge/feed/,/2015/01/product-owner-challenge/,vertaald:feed,REDIRECT,301 · 1 hop
/fr/2015/01/story-cube-time-line/,/2015/01/story-cube-time-line/,vertaald:artikel,REDIRECT,301 · 1 hop
/fr/2015/01/story-cube-time-line/feed/,/2015/01/story-cube-time-line/,vertaald:feed,REDIRECT,301 · 1 hop
/fr/2015/01/the-battle-of-the-retrospectives/,/2015/01/the-battle-of-the-retrospectives/,vertaald:artikel,REDIRECT,301 · 1 hop
/fr/2015/01/the-battle-of-the-retrospectives/feed/,/2015/01/the-battle-of-the-retrospectives/,vertaald:feed,REDIRECT,301 · 1 hop
/fr/2015/02/face-facts/,/2015/02/face-facts/,vertaald:artikel,REDIRECT,301 · 1 hop
/fr/2015/02/face-facts/feed/,/2015/02/face-facts/,vertaald:feed,REDIRECT,301 · 1 hop
/fr/2015/02/scrumble-an-agile-board-game/,/fr/2015/02/scrumble-an-agile-board-game/,vertaald:artikel,EXACT,
/fr/2015/02/scrumble-an-agile-board-game/feed/,/fr/2015/02/scrumble-an-agile-board-game/,vertaald:feed,REDIRECT,301 · 1 hop
/fr/2015/02/the-workplace-equations/,/2015/02/the-workplace-equations/,vertaald:artikel,REDIRECT,301 · 1 hop
/fr/2015/02/the-workplace-equations/feed/,/2015/02/the-workplace-equations/,vertaald:feed,REDIRECT,301 · 1 hop
/fr/2015/02/video-scrum/,/2015/02/video-scrum/,vertaald:artikel,REDIRECT,301 · 1 hop
/fr/2015/02/video-scrum/comment-page-1/,/2015/02/video-scrum/,vertaald:reactiepagina,REDIRECT,301 · 1 hop
/fr/2015/02/video-scrum/feed/,/2015/02/video-scrum/,vertaald:feed,REDIRECT,301 · 1 hop
/fr/2015/03/a-day-at-the-movies/,/2015/03/a-day-at-the-movies/,vertaald:artikel,REDIRECT,301 · 1 hop
/fr/2015/03/a-day-at-the-movies/feed/,/2015/03/a-day-at-the-movies/,vertaald:feed,REDIRECT,301 · 1 hop
/fr/2015/03/the-teamwork-oscars/,/2015/03/the-teamwork-oscars/,vertaald:artikel,REDIRECT,301 · 1 hop
/fr/2015/03/the-teamwork-oscars/feed/,/2015/03/the-teamwork-oscars/,vertaald:feed,REDIRECT,301 · 1 hop
/fr/2015/04/mytoy-agile-product-development-game/,/2015/04/mytoy-agile-product-development-game/,vertaald:artikel,REDIRECT,301 · 1 hop
/fr/2015/04/mytoy-agile-product-development-game/feed/,/2015/04/mytoy-agile-product-development-game/,vertaald:feed,REDIRECT,301 · 1 hop
/fr/2015/04/play4agile-north-america-sept-11-13-2015/,/2015/04/play4agile-north-america-sept-11-13-2015/,vertaald:artikel,REDIRECT,301 · 1 hop
/fr/2015/04/play4agile-north-america-sept-11-13-2015/feed/,/2015/04/play4agile-north-america-sept-11-13-2015/,vertaald:feed,REDIRECT,301 · 1 hop
/fr/2015/05/4729/,/2015/05/4729/,vertaald:artikel,REDIRECT,301 · 1 hop
/fr/2015/05/4729/feed/,/2015/05/4729/,vertaald:feed,REDIRECT,301 · 1 hop
/fr/2015/05/4729/telestrations-2/,/2015/05/4729/,vertaald:attachment,REDIRECT,301 · 1 hop
/fr/2015/05/4729/telestrations-2/feed/,/2015/05/4729/,vertaald:feed,REDIRECT,301 · 1 hop
/fr/2015/05/agile-clock/,/2015/05/agile-clock/,vertaald:artikel,REDIRECT,301 · 1 hop
/fr/2015/05/agile-clock/comment-page-1/,/2015/05/agile-clock/,vertaald:reactiepagina,REDIRECT,301 · 1 hop
/fr/2015/05/agile-clock/feed/,/2015/05/agile-clock/,vertaald:feed,REDIRECT,301 · 1 hop
/fr/2015/05/weekend-escape/,/2015/05/weekend-escape/,vertaald:artikel,REDIRECT,301 · 1 hop
/fr/2015/05/weekend-escape/feed/,/2015/05/weekend-escape/,vertaald:feed,REDIRECT,301 · 1 hop
/fr/2015/07/agile-scrum-framework-at-glance/,/2015/07/agile-scrum-framework-at-glance/,vertaald:artikel,REDIRECT,301 · 1 hop
/fr/2015/07/more-meaningful-stories/,/2015/07/more-meaningful-stories/,vertaald:artikel,REDIRECT,301 · 1 hop
/fr/2015/07/more-meaningful-stories/comment-page-1/,/2015/07/more-meaningful-stories/,vertaald:reactiepagina,REDIRECT,301 · 1 hop
/fr/2015/07/more-meaningful-stories/feed/,/2015/07/more-meaningful-stories/,vertaald:feed,REDIRECT,301 · 1 hop
/fr/2015/07/penny-flow/,/2015/07/penny-flow/,vertaald:artikel,REDIRECT,301 · 1 hop
/fr/2015/07/penny-flow/comment-page-1/,/2015/07/penny-flow/,vertaald:reactiepagina,REDIRECT,301 · 1 hop
/fr/2015/07/penny-flow/feed/,/2015/07/penny-flow/,vertaald:feed,REDIRECT,301 · 1 hop
/fr/2015/08/kanban-pizza-game/,/2015/08/kanban-pizza-game/,vertaald:artikel,REDIRECT,301 · 1 hop
/fr/2015/08/kanban-pizza-game/feed/,/2015/08/kanban-pizza-game/,vertaald:feed,REDIRECT,301 · 1 hop
/fr/2015/08/one-word-retrospective-game/,/2015/08/one-word-retrospective-game/,vertaald:artikel,REDIRECT,301 · 1 hop
/fr/2015/08/one-word-retrospective-game/comment-page-1/,/2015/08/one-word-retrospective-game/,vertaald:reactiepagina,REDIRECT,301 · 1 hop
/fr/2015/08/one-word-retrospective-game/feed/,/2015/08/one-word-retrospective-game/,vertaald:feed,REDIRECT,301 · 1 hop
/fr/2015/08/retrospective-darts/,/2015/08/retrospective-darts/,vertaald:artikel,REDIRECT,301 · 1 hop
/fr/2015/08/retrospective-darts/feed/,/2015/08/retrospective-darts/,vertaald:feed,REDIRECT,301 · 1 hop
/fr/2015/08/the-bicycle-game/,/2015/08/the-bicycle-game/,vertaald:artikel,REDIRECT,301 · 1 hop
/fr/2015/08/the-bicycle-game/feed/,/2015/08/the-bicycle-game/,vertaald:feed,REDIRECT,301 · 1 hop
/fr/2015/09/scrumgauntlet/,/2015/09/scrumgauntlet/,vertaald:artikel,REDIRECT,301 · 1 hop
/fr/2015/09/scrumgauntlet/feed/,/2015/09/scrumgauntlet/,vertaald:feed,REDIRECT,301 · 1 hop
/fr/2015/09/scrumgauntlet/gauntletreqs/,/2015/09/scrumgauntlet/,vertaald:attachment,REDIRECT,301 · 1 hop
/fr/2015/09/scrumgauntlet/gauntletreqs/feed/,/2015/09/scrumgauntlet/,vertaald:feed,REDIRECT,301 · 1 hop
/fr/2015/09/scrumgauntlet/positioning-2/,/2015/09/scrumgauntlet/,vertaald:attachment,REDIRECT,301 · 1 hop
/fr/2015/09/scrumgauntlet/positioning-2/feed/,/2015/09/scrumgauntlet/,vertaald:feed,REDIRECT,301 · 1 hop
/fr/2015/09/scrumgauntlet/todototest/,/2015/09/scrumgauntlet/,vertaald:attachment,REDIRECT,301 · 1 hop
/fr/2015/09/scrumgauntlet/todototest/feed/,/2015/09/scrumgauntlet/,vertaald:feed,REDIRECT,301 · 1 hop
/fr/2015/09/spreadsheet-craftsmanship/,/2015/09/spreadsheet-craftsmanship/,vertaald:artikel,REDIRECT,301 · 1 hop
/fr/2015/09/spreadsheet-craftsmanship/feed/,/2015/09/spreadsheet-craftsmanship/,vertaald:feed,REDIRECT,301 · 1 hop
/fr/2015/10/4-ls/,/fr/2015/10/4-ls/,vertaald:artikel,EXACT,
/fr/2015/10/4-ls/4ls/,/fr/2015/10/4-ls/,vertaald:attachment,REDIRECT,301 · 1 hop
/fr/2015/10/jargonbust/,/2015/10/jargonbust/,vertaald:artikel,REDIRECT,301 · 1 hop
/fr/2015/10/jargonbust/feed/,/2015/10/jargonbust/,vertaald:feed,REDIRECT,301 · 1 hop
/fr/2015/11/silent-collaboration/,/2015/11/silent-collaboration/,vertaald:artikel,REDIRECT,301 · 1 hop
/fr/2015/11/silent-collaboration/feed/,/2015/11/silent-collaboration/,vertaald:feed,REDIRECT,301 · 1 hop
/fr/2015/12/this-sprint-future-o-spective-with-santa-claus/,/2015/12/this-sprint-future-o-spective-with-santa-claus/,vertaald:artikel,REDIRECT,301 · 1 hop
/fr/2015/12/this-sprint-future-o-spective-with-santa-claus/feed/,/2015/12/this-sprint-future-o-spective-with-santa-claus/,vertaald:feed,REDIRECT,301 · 1 hop
/fr/2015/12/this-sprint-future-o-spective-with-santa-claus/wp_20151216_003/,/2015/12/this-sprint-future-o-spective-with-santa-claus/,vertaald:attachment,REDIRECT,301 · 1 hop
/fr/2016/01/daily-stand-up-simulation/,/2016/01/daily-stand-up-simulation/,vertaald:artikel,REDIRECT,301 · 1 hop
/fr/2016/01/daily-stand-up-simulation/comment-page-1/,/2016/01/daily-stand-up-simulation/,vertaald:reactiepagina,REDIRECT,301 · 1 hop
/fr/2016/01/daily-stand-up-simulation/feed/,/2016/01/daily-stand-up-simulation/,vertaald:feed,REDIRECT,301 · 1 hop
/fr/2016/01/hitting-the-target-business-value-in-mission-focused-organizations/,/2016/01/hitting-the-target-business-value-in-mission-focused-organizations/,vertaald:artikel,REDIRECT,301 · 1 hop
/fr/2016/01/hitting-the-target-business-value-in-mission-focused-organizations/feed/,/2016/01/hitting-the-target-business-value-in-mission-focused-organizations/,vertaald:feed,REDIRECT,301 · 1 hop
/fr/2016/01/the-job-title-game/,/2016/01/the-job-title-game/,vertaald:artikel,REDIRECT,301 · 1 hop
/fr/2016/01/the-job-title-game/feed/,/2016/01/the-job-title-game/,vertaald:feed,REDIRECT,301 · 1 hop
/fr/2016/02/iterative-incremental-big-bang-2/,/2016/02/iterative-incremental-big-bang-2/,vertaald:artikel,REDIRECT,301 · 1 hop
/fr/2016/02/iterative-incremental-big-bang-2/comment-page-1/,/2016/02/iterative-incremental-big-bang-2/,vertaald:reactiepagina,REDIRECT,301 · 1 hop
/fr/2016/02/iterative-incremental-big-bang-2/feed/,/2016/02/iterative-incremental-big-bang-2/,vertaald:feed,REDIRECT,301 · 1 hop
/fr/2016/02/the-misemotions-game/,/2016/02/the-misemotions-game/,vertaald:artikel,REDIRECT,301 · 1 hop
/fr/2016/02/the-misemotions-game/feed/,/2016/02/the-misemotions-game/,vertaald:feed,REDIRECT,301 · 1 hop
/fr/2016/02/the-roast/,/2016/02/the-roast/,vertaald:artikel,REDIRECT,301 · 1 hop
/fr/2016/02/the-roast/feed/,/2016/02/the-roast/,vertaald:feed,REDIRECT,301 · 1 hop
/fr/2016/02/try-or-die-the-x-periment/,/2016/02/try-or-die-the-x-periment/,vertaald:artikel,REDIRECT,301 · 1 hop
/fr/2016/02/try-or-die-the-x-periment/comment-page-1/,/2016/02/try-or-die-the-x-periment/,vertaald:reactiepagina,REDIRECT,301 · 1 hop
/fr/2016/02/try-or-die-the-x-periment/feed/,/2016/02/try-or-die-the-x-periment/,vertaald:feed,REDIRECT,301 · 1 hop
/fr/2016/03/agile-jenga-testing-game/,/2016/03/agile-jenga-testing-game/,vertaald:artikel,REDIRECT,301 · 1 hop
/fr/2016/03/agile-jenga-testing-game/feed/,/2016/03/agile-jenga-testing-game/,vertaald:feed,REDIRECT,301 · 1 hop
/fr/2016/04/play4agile-north-america-2016-sept-9-11/,/2016/04/play4agile-north-america-2016-sept-9-11/,vertaald:artikel,REDIRECT,301 · 1 hop
/fr/2016/04/play4agile-north-america-2016-sept-9-11/feed/,/2016/04/play4agile-north-america-2016-sept-9-11/,vertaald:feed,REDIRECT,301 · 1 hop
/fr/2016/05/5668/,/2016/05/5668/,vertaald:artikel,REDIRECT,301 · 1 hop
/fr/2016/05/5668/comment-page-1/,/2016/05/5668/,vertaald:reactiepagina,REDIRECT,301 · 1 hop
/fr/2016/05/5668/feed/,/2016/05/5668/,vertaald:feed,REDIRECT,301 · 1 hop
/fr/2016/05/n-listen/,/2016/05/n-listen/,vertaald:artikel,REDIRECT,301 · 1 hop
/fr/2016/05/n-listen/feed/,/2016/05/n-listen/,vertaald:feed,REDIRECT,301 · 1 hop
/fr/2016/05/personal-space-workshop/,/2016/05/personal-space-workshop/,vertaald:artikel,REDIRECT,301 · 1 hop
/fr/2016/05/personal-space-workshop/feed/,/2016/05/personal-space-workshop/,vertaald:feed,REDIRECT,301 · 1 hop
/fr/2016/05/throw-the-cat-and-other-objects/,/2016/05/throw-the-cat-and-other-objects/,vertaald:artikel,REDIRECT,301 · 1 hop
/fr/2016/05/throw-the-cat-and-other-objects/feed/,/2016/05/throw-the-cat-and-other-objects/,vertaald:feed,REDIRECT,301 · 1 hop
/fr/2016/06/first-things-first/,/2016/06/first-things-first/,vertaald:artikel,REDIRECT,301 · 1 hop
/fr/2016/06/first-things-first/feed/,/2016/06/first-things-first/,vertaald:feed,REDIRECT,301 · 1 hop
/fr/2016/06/judgement-juggler/,/2016/06/judgement-juggler/,vertaald:artikel,REDIRECT,301 · 1 hop
/fr/2016/06/judgement-juggler/feed/,/2016/06/judgement-juggler/,vertaald:feed,REDIRECT,301 · 1 hop
/fr/2016/06/paint-the-story-point/,/2016/06/paint-the-story-point/,vertaald:artikel,REDIRECT,301 · 1 hop
/fr/2016/06/paint-the-story-point/comment-page-1/,/2016/06/paint-the-story-point/,vertaald:reactiepagina,REDIRECT,301 · 1 hop
/fr/2016/06/paint-the-story-point/feed/,/2016/06/paint-the-story-point/,vertaald:feed,REDIRECT,301 · 1 hop
/fr/2016/06/scrum-card-game/,/2016/06/scrum-card-game/,vertaald:artikel,REDIRECT,301 · 1 hop
/fr/2016/06/scrum-card-game/feed/,/2016/06/scrum-card-game/,vertaald:feed,REDIRECT,301 · 1 hop
/fr/2016/06/scrum-values-roles-card-game/,/2016/06/scrum-values-roles-card-game/,vertaald:artikel,REDIRECT,301 · 1 hop
/fr/2016/06/scrum-values-roles-card-game/cardset/,/2016/06/scrum-values-roles-card-game/,vertaald:attachment,REDIRECT,301 · 1 hop
/fr/2016/06/the-agile-mindset-workshop/,/2016/06/the-agile-mindset-workshop/,vertaald:artikel,REDIRECT,301 · 1 hop
/fr/2016/07/nexus-zoo-a-scaling-simulator/,/2016/07/nexus-zoo-a-scaling-simulator/,vertaald:artikel,REDIRECT,301 · 1 hop
/fr/2016/07/nexus-zoo-a-scaling-simulator/feed/,/2016/07/nexus-zoo-a-scaling-simulator/,vertaald:feed,REDIRECT,301 · 1 hop
/fr/2016/07/nexus-zoo-a-scaling-simulator/nexuszoo/,/2016/07/nexus-zoo-a-scaling-simulator/,vertaald:attachment,REDIRECT,301 · 1 hop
/fr/2016/07/scrum-simulation-with-minecraft/,/2016/07/scrum-simulation-with-minecraft/,vertaald:artikel,REDIRECT,301 · 1 hop
/fr/2016/08/pitfalls-possibilities/,/2016/08/pitfalls-possibilities/,vertaald:artikel,REDIRECT,301 · 1 hop
/fr/2016/08/pitfalls-possibilities/feed/,/2016/08/pitfalls-possibilities/,vertaald:feed,REDIRECT,301 · 1 hop
/fr/2016/08/story-cubes-retrospective/,/2016/08/story-cubes-retrospective/,vertaald:artikel,REDIRECT,301 · 1 hop
/fr/2016/08/story-cubes-retrospective/feed/,/2016/08/story-cubes-retrospective/,vertaald:feed,REDIRECT,301 · 1 hop
/fr/2016/09/to-plan-or-not-to-plan/,/2016/09/to-plan-or-not-to-plan/,vertaald:artikel,REDIRECT,301 · 1 hop
/fr/2016/09/to-plan-or-not-to-plan/comment-page-1/,/2016/09/to-plan-or-not-to-plan/,vertaald:reactiepagina,REDIRECT,301 · 1 hop
/fr/2016/09/to-plan-or-not-to-plan/feed/,/2016/09/to-plan-or-not-to-plan/,vertaald:feed,REDIRECT,301 · 1 hop
/fr/2016/10/the-coffee-game/,/2016/10/the-coffee-game/,vertaald:artikel,REDIRECT,301 · 1 hop
/fr/2016/10/the-coffee-game/feed/,/2016/10/the-coffee-game/,vertaald:feed,REDIRECT,301 · 1 hop
/fr/2016/12/lego-team-building/,/2016/12/lego-team-building/,vertaald:artikel,REDIRECT,301 · 1 hop
/fr/2017/01/francais-jeu-des-roles-et-des-responsabilites-de-scrum/,/fr/2017/01/francais-jeu-des-roles-et-des-responsabilites-de-scrum/,vertaald:artikel,EXACT,
/fr/2017/01/logo-maze-why-we-test-first/,/2017/01/logo-maze-why-we-test-first/,vertaald:artikel,REDIRECT,301 · 1 hop
/fr/2017/02/cards-against-agility/,/2017/02/cards-against-agility/,vertaald:artikel,REDIRECT,301 · 1 hop
/fr/2017/02/failure-memory-game/,/2017/02/failure-memory-game/,vertaald:artikel,REDIRECT,301 · 1 hop
/fr/2017/02/failure-memory-game/cc-sa4-0-2/,/2017/02/failure-memory-game/,vertaald:attachment,REDIRECT,301 · 1 hop
/fr/2017/02/failure-memory-game/feed/,/2017/02/failure-memory-game/,vertaald:feed,REDIRECT,301 · 1 hop
/fr/2017/02/simplicity-in-lego-technical-practices/,/2017/02/simplicity-in-lego-technical-practices/,vertaald:artikel,REDIRECT,301 · 1 hop
/fr/2017/02/simplicity-in-lego-technical-practices/feed/,/2017/02/simplicity-in-lego-technical-practices/,vertaald:feed,REDIRECT,301 · 1 hop
/fr/2017/03/x-matrix-jigsaw-puzzle/,/2017/03/x-matrix-jigsaw-puzzle/,vertaald:artikel,REDIRECT,301 · 1 hop
/fr/2017/04/company-profile/,/2017/04/company-profile/,vertaald:artikel,REDIRECT,301 · 1 hop
/fr/2017/04/company-profile/feed/,/2017/04/company-profile/,vertaald:feed,REDIRECT,301 · 1 hop
/fr/2017/04/the-lean-star-game/,/2017/04/the-lean-star-game/,vertaald:artikel,REDIRECT,301 · 1 hop
/fr/2017/04/the-lean-star-game/comment-page-1/,/2017/04/the-lean-star-game/,vertaald:reactiepagina,REDIRECT,301 · 1 hop
/fr/2017/04/the-lean-star-game/feed/,/2017/04/the-lean-star-game/,vertaald:feed,REDIRECT,301 · 1 hop
/fr/2017/05/gameception-–-the-team-game-that-creates-itself/,/2017/05/gameception-–-the-team-game-that-creates-itself/,vertaald:artikel,REDIRECT,301 · 1 hop
/fr/2017/05/gameception-–-the-team-game-that-creates-itself/feed/,/2017/05/gameception-–-the-team-game-that-creates-itself/,vertaald:feed,REDIRECT,301 · 1 hop
/fr/2017/05/may-the-4th-force-be-with-you-retrospective/,/2017/05/may-the-4th-force-be-with-you-retrospective/,vertaald:artikel,REDIRECT,301 · 1 hop
/fr/2017/05/may-the-4th-force-be-with-you-retrospective/feed/,/2017/05/may-the-4th-force-be-with-you-retrospective/,vertaald:feed,REDIRECT,301 · 1 hop
/fr/2017/06/lets-take-a-journey-retrospective/,/2017/06/lets-take-a-journey-retrospective/,vertaald:artikel,REDIRECT,301 · 1 hop
/fr/2017/06/the-kanban-silly-tasks-game/,/2017/06/the-kanban-silly-tasks-game/,vertaald:artikel,REDIRECT,301 · 1 hop
/fr/2017/06/the-league-of-extraordinarily-shortsighted-agile-superleaders-retrospective/,/2017/06/the-league-of-extraordinarily-shortsighted-agile-superleaders-retrospective/,vertaald:artikel,REDIRECT,301 · 1 hop
/fr/2017/07/decoration-kanban/,/2017/07/decoration-kanban/,vertaald:artikel,REDIRECT,301 · 1 hop
/fr/2017/07/time-tree-fertilizer-retro/,/2017/07/time-tree-fertilizer-retro/,vertaald:artikel,REDIRECT,301 · 1 hop
/fr/2017/07/time-tree-fertilizer-retro/comment-page-1/,/2017/07/time-tree-fertilizer-retro/,vertaald:reactiepagina,REDIRECT,301 · 1 hop
/fr/2017/07/time-tree-fertilizer-retro/feed/,/2017/07/time-tree-fertilizer-retro/,vertaald:feed,REDIRECT,301 · 1 hop
/fr/2017/09/cardunit-a-unit-testing-simulation/,/2017/09/cardunit-a-unit-testing-simulation/,vertaald:artikel,REDIRECT,301 · 1 hop
/fr/2017/09/positive-change-canvas/,/2017/09/positive-change-canvas/,vertaald:artikel,REDIRECT,301 · 1 hop
/fr/2017/09/positive-change-canvas/feed/,/2017/09/positive-change-canvas/,vertaald:feed,REDIRECT,301 · 1 hop
/fr/2017/09/the-large-scale-scrum-less-dynamics-game/,/2017/09/the-large-scale-scrum-less-dynamics-game/,vertaald:artikel,REDIRECT,301 · 1 hop
/fr/2017/10/deep-dive-into-kanban-essentials-using-donut-making/,/2017/10/deep-dive-into-kanban-essentials-using-donut-making/,vertaald:artikel,REDIRECT,301 · 1 hop
/fr/2017/10/sinking-islands/,/2017/10/sinking-islands/,vertaald:artikel,REDIRECT,301 · 1 hop
/fr/2017/10/the-core-beliefs-of-waterfall-agile-and-lean/,/2017/10/the-core-beliefs-of-waterfall-agile-and-lean/,vertaald:artikel,REDIRECT,301 · 1 hop
/fr/2017/10/the-core-beliefs-of-waterfall-agile-and-lean/comment-page-1/,/2017/10/the-core-beliefs-of-waterfall-agile-and-lean/,vertaald:reactiepagina,REDIRECT,301 · 1 hop
/fr/2017/10/the-core-beliefs-of-waterfall-agile-and-lean/feed/,/2017/10/the-core-beliefs-of-waterfall-agile-and-lean/,vertaald:feed,REDIRECT,301 · 1 hop
/fr/2017/12/core-scrum-game/,/2017/12/core-scrum-game/,vertaald:artikel,REDIRECT,301 · 1 hop
/fr/2018/01/the-fast-and-the-furious-and-other-fs-retrospective-activity/,/2018/01/the-fast-and-the-furious-and-other-fs-retrospective-activity/,vertaald:artikel,REDIRECT,301 · 1 hop
/fr/2018/02/kitchen-prioritization/,/fr/2018/02/kitchen-prioritization/,vertaald:artikel,EXACT,
/fr/2018/03/dice-of-debt/,/fr/2018/03/dice-of-debt/,vertaald:artikel,EXACT,
/fr/2018/04/pass-the-perfection/,/2018/04/pass-the-perfection/,vertaald:artikel,REDIRECT,301 · 1 hop
/fr/2018/05/sprint-simulation-scrum-practice-game/,/2018/05/sprint-simulation-scrum-practice-game/,vertaald:artikel,REDIRECT,301 · 1 hop
/fr/2018/06/sequence-an-agile-integration-game/,/2018/06/sequence-an-agile-integration-game/,vertaald:artikel,REDIRECT,301 · 1 hop
/fr/2018/07/a-non-it-scrum-simulation-game-learn-scrum-and-self-organizing-through-a-game/,/2018/07/a-non-it-scrum-simulation-game-learn-scrum-and-self-organizing-through-a-game/,vertaald:artikel,REDIRECT,301 · 1 hop
/fr/2018/07/check-your-mindset/,/2018/07/check-your-mindset/,vertaald:artikel,REDIRECT,301 · 1 hop
/fr/2018/07/check-your-mindset/feed/,/2018/07/check-your-mindset/,vertaald:feed,REDIRECT,301 · 1 hop
/fr/2018/07/the-feedback-game/,/2018/07/the-feedback-game/,vertaald:artikel,REDIRECT,301 · 1 hop
/fr/2018/07/the-feedback-game/feed/,/2018/07/the-feedback-game/,vertaald:feed,REDIRECT,301 · 1 hop
/fr/2018/08/the-matchup-canvas/,/2018/08/the-matchup-canvas/,vertaald:artikel,REDIRECT,301 · 1 hop
/fr/2018/08/the-spark-engine/,/2018/08/the-spark-engine/,vertaald:artikel,REDIRECT,301 · 1 hop
/fr/2018/08/the-spark-engine/comment-page-1/,/2018/08/the-spark-engine/,vertaald:reactiepagina,REDIRECT,301 · 1 hop
/fr/2018/08/the-spark-engine/feed/,/2018/08/the-spark-engine/,vertaald:feed,REDIRECT,301 · 1 hop
/fr/2018/09/heart-of-agile-psychic-handshake/,/2018/09/heart-of-agile-psychic-handshake/,vertaald:artikel,REDIRECT,301 · 1 hop
/fr/2018/11/core-less-game/,/2018/11/core-less-game/,vertaald:artikel,REDIRECT,301 · 1 hop
/fr/2018/12/valuable-paper-airplanes/,/2018/12/valuable-paper-airplanes/,vertaald:artikel,REDIRECT,301 · 1 hop
/fr/2019/01/witches-cooking-reunion/,/2019/01/witches-cooking-reunion/,vertaald:artikel,REDIRECT,301 · 1 hop
/fr/about/,/about/,vertaald:pagina,REDIRECT,301 · 1 hop
/fr/about/don-mcgreal/,/about/don-mcgreal/,vertaald:pagina,REDIRECT,301 · 1 hop
/fr/about/don-mcgreal/feed/,/rss.xml,vertaald:feed,REDIRECT,301 · 1 hop
/fr/about/feed/,/rss.xml,vertaald:feed,REDIRECT,301 · 1 hop
/fr/about/get-involved/,/about/get-involved/,vertaald:pagina,REDIRECT,301 · 1 hop
/fr/about/get-involved/feed/,/rss.xml,vertaald:feed,REDIRECT,301 · 1 hop
/fr/about/michael-mccullough/,/about/michael-mccullough/,vertaald:pagina,REDIRECT,301 · 1 hop
/fr/about/michael-mccullough/feed/,/rss.xml,vertaald:feed,REDIRECT,301 · 1 hop
/fr/about/michael-mccullough/michael-mccullough/,/about/michael-mccullough/,vertaald:pagina,REDIRECT,301 · 2 hops
/fr/about/michael-mccullough/michael-mccullough/feed/,/rss.xml,vertaald:feed,REDIRECT,301 · 1 hop
/fr/about/michael-sahota/,/about/michael-sahota/,vertaald:pagina,REDIRECT,301 · 1 hop
/fr/about/michael-sahota/feed/,/rss.xml,vertaald:feed,REDIRECT,301 · 1 hop
/fr/about/translation-project/,/about/translation-project/,vertaald:pagina,REDIRECT,301 · 1 hop
/fr/about/translation-project/feed/,/rss.xml,vertaald:feed,REDIRECT,301 · 1 hop
/fr/agile-games-conference-2011/,/agile-games-conference-2011/,vertaald:pagina,REDIRECT,301 · 1 hop
/fr/agile-games-conference-2011/feed/,/rss.xml,vertaald:feed,REDIRECT,301 · 1 hop
/fr/all-games/,,vertaald:pagina,GONE,pagina ontbreekt in de Engelse export
/fr/all-games/feed/,/rss.xml,vertaald:feed,REDIRECT,301 · 1 hop
/fr/author/aaturuit-com/,/author/uruit-agile-adoption-team/,vertaald:auteur,REDIRECT,301 · 1 hop
/fr/author/aaturuit-com/feed/,/rss.xml,vertaald:feed,REDIRECT,301 · 1 hop
/fr/author/abi-bellgmail-com/,/author/abi-bellamkonda/,vertaald:auteur,REDIRECT,301 · 1 hop
/fr/author/about/michael-mccullough/,,vertaald:auteur,GONE,author-nested
/fr/author/admin/,/author/michael-mccullough/,vertaald:auteur,REDIRECT,301 · 1 hop
/fr/author/admin/feed/,/rss.xml,vertaald:feed,REDIRECT,301 · 1 hop
/fr/author/agiledoodgmail-com/,/author/jason-little/,vertaald:auteur,REDIRECT,301 · 1 hop
/fr/author/agiledoodgmail-com/feed/,/rss.xml,vertaald:feed,REDIRECT,301 · 1 hop
/fr/author/agileinitiativesgmail-com/,/author/gretchen-knode/,vertaald:auteur,REDIRECT,301 · 1 hop
/fr/author/agileschoolsgmail-com/,/author/john-miller/,vertaald:auteur,REDIRECT,301 · 1 hop
/fr/author/agileschoolsgmail-com/feed/,/rss.xml,vertaald:feed,REDIRECT,301 · 1 hop
/fr/author/agilityteamduo-nl/,/author/duo-agilityteam/,vertaald:auteur,REDIRECT,301 · 1 hop
/fr/author/ahilesblueyonder-co-uk/,/author/andy-hiles/,vertaald:auteur,REDIRECT,301 · 1 hop
/fr/author/ahilesblueyonder-co-uk/feed/,/rss.xml,vertaald:feed,REDIRECT,301 · 1 hop
/fr/author/aleem-khan360pmo-com/,/author/aleem-khan/,vertaald:auteur,REDIRECT,301 · 1 hop
/fr/author/aleem-khan360pmo-com/feed/,/rss.xml,vertaald:feed,REDIRECT,301 · 1 hop
/fr/author/alexb/,/author/alex-boutin/,vertaald:auteur,REDIRECT,301 · 1 hop
/fr/author/alexb/feed/,/rss.xml,vertaald:feed,REDIRECT,301 · 1 hop
/fr/author/alexey-pikulevagiletech-ru/,/author/alexey-pikulev/,vertaald:auteur,REDIRECT,301 · 1 hop
/fr/author/alexey-pikulevagiletech-ru/feed/,/rss.xml,vertaald:feed,REDIRECT,301 · 1 hop
/fr/author/alexeykrivitskygmail-com/,/author/alexey-krivitsky/,vertaald:auteur,REDIRECT,301 · 1 hop
/fr/author/amr-noamangmail-com/,/author/amr-noaman/,vertaald:auteur,REDIRECT,301 · 1 hop
/fr/author/andrewjcharltonhotmail-com/,/author/andrew-charlton/,vertaald:auteur,REDIRECT,301 · 1 hop
/fr/author/andrewjcharltonhotmail-com/feed/,/rss.xml,vertaald:feed,REDIRECT,301 · 1 hop
/fr/author/andrewruslinghotmail-com/,/author/andrew-rusling/,vertaald:auteur,REDIRECT,301 · 1 hop
/fr/author/andrewruslinghotmail-com/feed/,/rss.xml,vertaald:feed,REDIRECT,301 · 1 hop
/fr/author/b-scharlauabdn-ac-uk/,/author/b-scharlau-abdn-ac-uk/,vertaald:auteur,REDIRECT,301 · 1 hop
/fr/author/bencarey/,/author/ben-carey/,vertaald:auteur,REDIRECT,301 · 1 hop
/fr/author/bencarey/feed/,/rss.xml,vertaald:feed,REDIRECT,301 · 1 hop
/fr/author/brunot-nicolasgmail-com/,/author/nicolas-brunot/,vertaald:auteur,REDIRECT,301 · 1 hop
/fr/author/brunot-nicolasgmail-com/feed/,/rss.xml,vertaald:feed,REDIRECT,301 · 1 hop
/fr/author/carolina-gorositogmail-com/,/author/carolina-gorosito/,vertaald:auteur,REDIRECT,301 · 1 hop
/fr/author/carolina-gorositogmail-com/feed/,/rss.xml,vertaald:feed,REDIRECT,301 · 1 hop
/fr/author/cetidata-pl/,/author/adam-cetnerowski/,vertaald:auteur,REDIRECT,301 · 1 hop
/fr/author/chrisdeniaud-eu/,/author/chris-deniaud/,vertaald:auteur,REDIRECT,301 · 1 hop
/fr/author/chrisdeniaud-eu/feed/,/rss.xml,vertaald:feed,REDIRECT,301 · 1 hop
/fr/author/craig-browncraigwbrown-net/,,vertaald:auteur,GONE,auteurarchief zonder gemigreerd record
/fr/author/craig-browncraigwbrown-net/feed/,/rss.xml,vertaald:feed,REDIRECT,301 · 1 hop
/fr/author/d-andre-dhondtgmail-com/,/author/andre-dhondt/,vertaald:auteur,REDIRECT,301 · 1 hop
/fr/author/d-andre-dhondtgmail-com/feed/,/rss.xml,vertaald:feed,REDIRECT,301 · 1 hop
/fr/author/ddwebgate-ltd-uk/,/author/derek-davidson/,vertaald:auteur,REDIRECT,301 · 1 hop
/fr/author/ddwebgate-ltd-uk/feed/,/rss.xml,vertaald:feed,REDIRECT,301 · 1 hop
/fr/author/debdeborahpreuss-com/,/author/deborah-hartmann-preuss/,vertaald:auteur,REDIRECT,301 · 1 hop
/fr/author/debdeborahpreuss-com/feed/,/rss.xml,vertaald:feed,REDIRECT,301 · 1 hop
/fr/author/deepakjsfwltd-co-uk/,/author/deepak-joshi/,vertaald:auteur,REDIRECT,301 · 1 hop
/fr/author/dennis-somervillegmail-com/,/author/dennis-somerville/,vertaald:auteur,REDIRECT,301 · 1 hop
/fr/author/dennis-somervillegmail-com/feed/,/rss.xml,vertaald:feed,REDIRECT,301 · 1 hop
/fr/author/dkoontz/,/author/david-koontz/,vertaald:auteur,REDIRECT,301 · 1 hop
/fr/author/dkoontz/feed/,/rss.xml,vertaald:feed,REDIRECT,301 · 1 hop
/fr/author/don/,/author/don-mcgreal/,vertaald:auteur,REDIRECT,301 · 1 hop
/fr/author/egrove/,/author/ellen-grove/,vertaald:auteur,REDIRECT,301 · 1 hop
/fr/author/egrove/feed/,/rss.xml,vertaald:feed,REDIRECT,301 · 1 hop
/fr/author/eloise-pelsergmail-com/,/author/eloise-pelser/,vertaald:auteur,REDIRECT,301 · 1 hop
/fr/author/eloise-pelsergmail-com/feed/,/rss.xml,vertaald:feed,REDIRECT,301 · 1 hop
/fr/author/erichbuhlerhotmail-com/,/author/erich-buhler/,vertaald:auteur,REDIRECT,301 · 1 hop
/fr/author/erichbuhlerhotmail-com/feed/,/rss.xml,vertaald:feed,REDIRECT,301 · 1 hop
/fr/author/fancydevgmail-com/,/author/illya-pavlichenko/,vertaald:auteur,REDIRECT,301 · 1 hop
/fr/author/fancydevgmail-com/feed/,/rss.xml,vertaald:feed,REDIRECT,301 · 1 hop
/fr/author/fredrikwendt-se/,/author/fredrik-wendt/,vertaald:auteur,REDIRECT,301 · 1 hop
/fr/author/geoffwatts/,/author/geoff-watts/,vertaald:auteur,REDIRECT,301 · 1 hop
/fr/author/heitor/,/author/heitor-filho/,vertaald:auteur,REDIRECT,301 · 1 hop
/fr/author/heitor/feed/,/rss.xml,vertaald:feed,REDIRECT,301 · 1 hop
/fr/author/hugo-emondgmail-com/,/author/hugo-emond/,vertaald:auteur,REDIRECT,301 · 1 hop
/fr/author/hugo-emondgmail-com/feed/,/rss.xml,vertaald:feed,REDIRECT,301 · 1 hop
/fr/author/jameshurricanefour-com/,/author/james-scrimshire/,vertaald:auteur,REDIRECT,301 · 1 hop
/fr/author/jameshurricanefour-com/feed/,/rss.xml,vertaald:feed,REDIRECT,301 · 1 hop
/fr/author/jason-t-knightgmail-com/,/author/jason-knight/,vertaald:auteur,REDIRECT,301 · 1 hop
/fr/author/jason-t-knightgmail-com/feed/,/rss.xml,vertaald:feed,REDIRECT,301 · 1 hop
/fr/author/jeremy-willetsonbase-com/,/author/jeremy-willets/,vertaald:auteur,REDIRECT,301 · 1 hop
/fr/author/jonathanbitwix-com/,/author/jonathan-clarke/,vertaald:auteur,REDIRECT,301 · 1 hop
/fr/author/jonathanbitwix-com/feed/,/rss.xml,vertaald:feed,REDIRECT,301 · 1 hop
/fr/author/jonnorthernshoreconsulting-co-uk/,/author/jon-mcnestrie/,vertaald:auteur,REDIRECT,301 · 1 hop
/fr/author/jonnorthernshoreconsulting-co-uk/feed/,/rss.xml,vertaald:feed,REDIRECT,301 · 1 hop
/fr/author/karlscotland/,/author/karl-scotland/,vertaald:auteur,REDIRECT,301 · 1 hop
/fr/author/karlscotland/feed/,/rss.xml,vertaald:feed,REDIRECT,301 · 1 hop
/fr/author/kosciejewgmail-com/,/author/jeff-kosciejew/,vertaald:auteur,REDIRECT,301 · 1 hop
/fr/author/kosciejewgmail-com/feed/,/rss.xml,vertaald:feed,REDIRECT,301 · 1 hop
/fr/author/kruse-ralfgooglemail-com/,/author/ralf-kruse/,vertaald:auteur,REDIRECT,301 · 1 hop
/fr/author/kruse-ralfgooglemail-com/feed/,/rss.xml,vertaald:feed,REDIRECT,301 · 1 hop
/fr/author/lthomasburrislogistics-com/,/author/lauren-thomas/,vertaald:auteur,REDIRECT,301 · 1 hop
/fr/author/lthomasburrislogistics-com/feed/,/rss.xml,vertaald:feed,REDIRECT,301 · 1 hop
/fr/author/luke-hohmann/,/author/luke-hohmann/,vertaald:auteur,REDIRECT,301 · 1 hop
/fr/author/marcin-floryangmail-com/,/author/marcin-floryan/,vertaald:auteur,REDIRECT,301 · 1 hop
/fr/author/marcin-floryangmail-com/feed/,/rss.xml,vertaald:feed,REDIRECT,301 · 1 hop
/fr/author/markus-wittwerweb-de/,/author/markus-wittwer/,vertaald:auteur,REDIRECT,301 · 1 hop
/fr/author/markus-wittwerweb-de/feed/,/rss.xml,vertaald:feed,REDIRECT,301 · 1 hop
/fr/author/matthewrphilipgmail-com/,/author/matt-philip/,vertaald:auteur,REDIRECT,301 · 1 hop
/fr/author/matthewrphilipgmail-com/feed/,/rss.xml,vertaald:feed,REDIRECT,301 · 1 hop
/fr/author/matthias-jouangmail-com/,/author/matthias-jouan/,vertaald:auteur,REDIRECT,301 · 1 hop
/fr/author/matthias-jouangmail-com/feed/,/rss.xml,vertaald:feed,REDIRECT,301 · 1 hop
/fr/author/mbowlergargoylesoftware-com/,/author/mike-bowler/,vertaald:auteur,REDIRECT,301 · 1 hop
/fr/author/mburrows/,/author/mike-burrows/,vertaald:auteur,REDIRECT,301 · 1 hop
/fr/author/mcjenkinsgmail-com/,/author/marie-claire-dean/,vertaald:auteur,REDIRECT,301 · 1 hop
/fr/author/mcjenkinsgmail-com/feed/,/rss.xml,vertaald:feed,REDIRECT,301 · 1 hop
/fr/author/michael-sahota/,/author/michael-sahota/,vertaald:auteur,REDIRECT,301 · 1 hop
/fr/author/michael-sahota/feed/,/rss.xml,vertaald:feed,REDIRECT,301 · 1 hop
/fr/author/mike-mccullough/,/author/mike-mccullough/,vertaald:auteur,REDIRECT,301 · 1 hop
/fr/author/mike-mccullough/feed/,/rss.xml,vertaald:feed,REDIRECT,301 · 1 hop
/fr/author/mikeleanintuit-com/,/author/mike-leanintuit-com/,vertaald:auteur,REDIRECT,301 · 1 hop
/fr/author/mikeleanintuit-com/feed/,/rss.xml,vertaald:feed,REDIRECT,301 · 1 hop
/fr/author/mozratgmail-com/,/author/simon-morris/,vertaald:auteur,REDIRECT,301 · 1 hop
/fr/author/mozratgmail-com/feed/,/rss.xml,vertaald:feed,REDIRECT,301 · 1 hop
/fr/author/mtbadgleygmail-com/,/author/matt-badgley/,vertaald:auteur,REDIRECT,301 · 1 hop
/fr/author/mtbadgleygmail-com/feed/,/rss.xml,vertaald:feed,REDIRECT,301 · 1 hop
/fr/author/n_zdunicyahoo-com-au/,/author/nick-zdunic/,vertaald:auteur,REDIRECT,301 · 1 hop
/fr/author/n_zdunicyahoo-com-au/feed/,/rss.xml,vertaald:feed,REDIRECT,301 · 1 hop
/fr/author/ntalensgmail-com/,/author/niels-talens/,vertaald:auteur,REDIRECT,301 · 1 hop
/fr/author/ocbermudezgmail-com/,/author/ocbermudez/,vertaald:auteur,REDIRECT,301 · 1 hop
/fr/author/ocbermudezgmail-com/feed/,/rss.xml,vertaald:feed,REDIRECT,301 · 1 hop
/fr/author/olivier-destradefree-fr/,/author/olivier-destrade/,vertaald:auteur,REDIRECT,301 · 1 hop
/fr/author/olivier-destradefree-fr/feed/,/rss.xml,vertaald:feed,REDIRECT,301 · 1 hop
/fr/author/paul-osbornpharmacyonesource-com/,/author/paul-osborn/,vertaald:auteur,REDIRECT,301 · 1 hop
/fr/author/paul-osbornpharmacyonesource-com/feed/,/rss.xml,vertaald:feed,REDIRECT,301 · 1 hop
/fr/author/paulagilify-co-uk/,/author/paul-goddard/,vertaald:auteur,REDIRECT,301 · 1 hop
/fr/author/paulagilify-co-uk/feed/,/rss.xml,vertaald:feed,REDIRECT,301 · 1 hop
/fr/author/pierreneisgmail-com/,/author/pierre-e-neis/,vertaald:auteur,REDIRECT,301 · 1 hop
/fr/author/pierreneisgmail-com/feed/,/rss.xml,vertaald:feed,REDIRECT,301 · 1 hop
/fr/author/renee-troughtongmail-com/,/author/renee-troughton/,vertaald:auteur,REDIRECT,301 · 1 hop
/fr/author/renee-troughtongmail-com/feed/,/rss.xml,vertaald:feed,REDIRECT,301 · 1 hop
/fr/author/richardkasperowski/,/author/richard-kasperowski/,vertaald:auteur,REDIRECT,301 · 1 hop
/fr/author/richardkasperowski/feed/,/rss.xml,vertaald:feed,REDIRECT,301 · 1 hop
/fr/author/robert-batusekgmail-com/,/author/robert-batusek/,vertaald:auteur,REDIRECT,301 · 1 hop
/fr/author/robert-batusekgmail-com/feed/,/rss.xml,vertaald:feed,REDIRECT,301 · 1 hop
/fr/author/sabbaghgmail-com/,/author/rafael-sabbagh/,vertaald:auteur,REDIRECT,301 · 1 hop
/fr/author/sabbaghgmail-com/feed/,/rss.xml,vertaald:feed,REDIRECT,301 · 1 hop
/fr/author/seabreezes1iglide-net/,/author/karen-favazza-spencer-2/,vertaald:auteur,REDIRECT,301 · 1 hop
/fr/author/sgh-nijenhuisgmail-com/,/author/stefan-nijenhuis/,vertaald:auteur,REDIRECT,301 · 1 hop
/fr/author/sgh-nijenhuisgmail-com/feed/,/rss.xml,vertaald:feed,REDIRECT,301 · 1 hop
/fr/author/stavrossfmi-uni-sofia-bg/,/author/stavros-stavru/,vertaald:auteur,REDIRECT,301 · 1 hop
/fr/author/stavrossfmi-uni-sofia-bg/feed/,/rss.xml,vertaald:feed,REDIRECT,301 · 1 hop
/fr/author/steverogalsky-ca/,/author/steve-rogalsky/,vertaald:auteur,REDIRECT,301 · 1 hop
/fr/author/steverogalsky-ca/feed/,/rss.xml,vertaald:feed,REDIRECT,301 · 1 hop
/fr/author/stiedlmoccasoft-com/,/author/anja-stiedl/,vertaald:auteur,REDIRECT,301 · 1 hop
/fr/author/sune-lomholtgmail-com/,/author/sune-lomholt/,vertaald:auteur,REDIRECT,301 · 1 hop
/fr/author/sune-lomholtgmail-com/feed/,/rss.xml,vertaald:feed,REDIRECT,301 · 1 hop
/fr/author/tatyanayanush/,/author/tatyana-yanush/,vertaald:auteur,REDIRECT,301 · 1 hop
/fr/author/tatyanayanush/feed/,/rss.xml,vertaald:feed,REDIRECT,301 · 1 hop
/fr/author/tctc-dk/,/author/tc-tc-dk/,vertaald:auteur,REDIRECT,301 · 1 hop
/fr/author/tctc-dk/feed/,/rss.xml,vertaald:feed,REDIRECT,301 · 1 hop
/fr/author/thomy-kayonline-de/,/author/thomy-kay/,vertaald:auteur,REDIRECT,301 · 1 hop
/fr/author/thomy-kayonline-de/feed/,/rss.xml,vertaald:feed,REDIRECT,301 · 1 hop
/fr/author/timyevgrashyn/,/author/tim-yevgrashyn/,vertaald:auteur,REDIRECT,301 · 1 hop
/fr/author/toddtoddcharron-com/,/author/todd-charron/,vertaald:auteur,REDIRECT,301 · 1 hop
/fr/author/toddtoddcharron-com/feed/,/rss.xml,vertaald:feed,REDIRECT,301 · 1 hop
/fr/author/vkbandaruyahoo-com/,/author/vijay-bandaru-2/,vertaald:auteur,REDIRECT,301 · 1 hop
/fr/author/vkbandaruyahoo-com/feed/,/rss.xml,vertaald:feed,REDIRECT,301 · 1 hop
/fr/author/wasitovayahoo-com/,/author/silvana-wasitova/,vertaald:auteur,REDIRECT,301 · 1 hop
/fr/author/wasitovayahoo-com/feed/,/rss.xml,vertaald:feed,REDIRECT,301 · 1 hop
/fr/author/zvonimir-krizgmail-com/,,vertaald:auteur,GONE,auteurarchief zonder gemigreerd record
/fr/author/zvonimir-krizgmail-com/feed/,/rss.xml,vertaald:feed,REDIRECT,301 · 1 hop
/fr/category/agile/,/category/agile/,vertaald:categorie,REDIRECT,301 · 1 hop
/fr/category/agile/feed/,/rss.xml,vertaald:feed,REDIRECT,301 · 1 hop
/fr/category/agile/page/10/,/category/agile/page/10/,vertaald:categorie-paginering,REDIRECT,301 · 1 hop
/fr/category/agile/page/11/,/category/agile/page/11/,vertaald:categorie-paginering,REDIRECT,301 · 1 hop
/fr/category/agile/page/12/,/category/agile/page/12/,vertaald:categorie-paginering,REDIRECT,301 · 1 hop
/fr/category/agile/page/13/,/category/agile/page/13/,vertaald:categorie-paginering,REDIRECT,301 · 1 hop
/fr/category/agile/page/14/,/category/agile/page/14/,vertaald:categorie-paginering,REDIRECT,301 · 1 hop
/fr/category/agile/page/15/,/category/agile/page/15/,vertaald:categorie-paginering,REDIRECT,301 · 1 hop
/fr/category/agile/page/16/,/category/agile/page/16/,vertaald:categorie-paginering,REDIRECT,301 · 1 hop
/fr/category/agile/page/17/,/category/agile/page/17/,vertaald:categorie-paginering,REDIRECT,301 · 1 hop
/fr/category/agile/page/2/,/category/agile/page/2/,vertaald:categorie-paginering,REDIRECT,301 · 1 hop
/fr/category/agile/page/3/,/category/agile/page/3/,vertaald:categorie-paginering,REDIRECT,301 · 1 hop
/fr/category/agile/page/4/,/category/agile/page/4/,vertaald:categorie-paginering,REDIRECT,301 · 1 hop
/fr/category/agile/page/5/,/category/agile/page/5/,vertaald:categorie-paginering,REDIRECT,301 · 1 hop
/fr/category/agile/page/6/,/category/agile/page/6/,vertaald:categorie-paginering,REDIRECT,301 · 1 hop
/fr/category/communication/,/category/communication/,vertaald:categorie,REDIRECT,301 · 1 hop
/fr/category/communication/feed/,/rss.xml,vertaald:feed,REDIRECT,301 · 1 hop
/fr/category/communication/page/2/,/category/communication/page/2/,vertaald:categorie-paginering,REDIRECT,301 · 1 hop
/fr/category/communication/page/3/,/category/communication/page/3/,vertaald:categorie-paginering,REDIRECT,301 · 1 hop
/fr/category/communication/page/4/,/category/communication/page/4/,vertaald:categorie-paginering,REDIRECT,301 · 1 hop
/fr/category/communication/page/5/,/category/communication/page/5/,vertaald:categorie-paginering,REDIRECT,301 · 1 hop
/fr/category/communication/page/7/,/category/communication/page/7/,vertaald:categorie-paginering,REDIRECT,301 · 1 hop
/fr/category/communication/page/8/,/category/communication/page/8/,vertaald:categorie-paginering,REDIRECT,301 · 1 hop
/fr/category/development/,/category/development/,vertaald:categorie,REDIRECT,301 · 1 hop
/fr/category/development/feed/,/rss.xml,vertaald:feed,REDIRECT,301 · 1 hop
/fr/category/development/page/2/,/category/development/page/2/,vertaald:categorie-paginering,REDIRECT,301 · 1 hop
/fr/category/development/page/3/,/category/development/page/3/,vertaald:categorie-paginering,REDIRECT,301 · 1 hop
/fr/category/development/page/4/,/category/development/page/4/,vertaald:categorie-paginering,REDIRECT,301 · 1 hop
/fr/category/development/page/5/,/category/development/page/5/,vertaald:categorie-paginering,REDIRECT,301 · 1 hop
/fr/category/development/page/6/,/category/development/page/6/,vertaald:categorie-paginering,REDIRECT,301 · 1 hop
/fr/category/games/,/category/games/,vertaald:categorie,REDIRECT,301 · 1 hop
/fr/category/games/feed/,/rss.xml,vertaald:feed,REDIRECT,301 · 1 hop
/fr/category/games/page/10/,/category/games/page/10/,vertaald:categorie-paginering,REDIRECT,301 · 1 hop
/fr/category/games/page/11/,/category/games/page/11/,vertaald:categorie-paginering,REDIRECT,301 · 1 hop
/fr/category/games/page/12/,/category/games/page/12/,vertaald:categorie-paginering,REDIRECT,301 · 1 hop
/fr/category/games/page/13/,/category/games/page/13/,vertaald:categorie-paginering,REDIRECT,301 · 1 hop
/fr/category/games/page/14/,/category/games/page/14/,vertaald:categorie-paginering,REDIRECT,301 · 1 hop
/fr/category/games/page/15/,/category/games/page/15/,vertaald:categorie-paginering,REDIRECT,301 · 1 hop
/fr/category/games/page/16/,/category/games/page/16/,vertaald:categorie-paginering,REDIRECT,301 · 1 hop
/fr/category/games/page/17/,/category/games/page/17/,vertaald:categorie-paginering,REDIRECT,301 · 1 hop
/fr/category/games/page/18/,/category/games/page/18/,vertaald:categorie-paginering,REDIRECT,301 · 1 hop
/fr/category/games/page/19/,/category/games/page/19/,vertaald:categorie-paginering,REDIRECT,301 · 1 hop
/fr/category/games/page/2/,/category/games/page/2/,vertaald:categorie-paginering,REDIRECT,301 · 1 hop
/fr/category/games/page/20/,/category/games/page/20/,vertaald:categorie-paginering,REDIRECT,301 · 1 hop
/fr/category/games/page/21/,/category/games/page/21/,vertaald:categorie-paginering,REDIRECT,301 · 1 hop
/fr/category/games/page/22/,/category/games/page/22/,vertaald:categorie-paginering,REDIRECT,301 · 1 hop
/fr/category/games/page/3/,/category/games/page/3/,vertaald:categorie-paginering,REDIRECT,301 · 1 hop
/fr/category/games/page/4/,/category/games/page/4/,vertaald:categorie-paginering,REDIRECT,301 · 1 hop
/fr/category/games/page/5/,/category/games/page/5/,vertaald:categorie-paginering,REDIRECT,301 · 1 hop
/fr/category/games/page/6/,/category/games/page/6/,vertaald:categorie-paginering,REDIRECT,301 · 1 hop
/fr/category/games/page/7/,/category/games/page/7/,vertaald:categorie-paginering,REDIRECT,301 · 1 hop
/fr/category/games/page/8/,/category/games/page/8/,vertaald:categorie-paginering,REDIRECT,301 · 1 hop
/fr/category/games/page/9/,/category/games/page/9/,vertaald:categorie-paginering,REDIRECT,301 · 1 hop
/fr/category/instructing/,/category/instructing/,vertaald:categorie,REDIRECT,301 · 1 hop
/fr/category/instructing/feed/,/rss.xml,vertaald:feed,REDIRECT,301 · 1 hop
/fr/category/instructing/page/2/,/category/instructing/page/2/,vertaald:categorie-paginering,REDIRECT,301 · 1 hop
/fr/category/lean/,/category/lean/,vertaald:categorie,REDIRECT,301 · 1 hop
/fr/category/lean/feed/,/rss.xml,vertaald:feed,REDIRECT,301 · 1 hop
/fr/category/lean/page/2/,/category/lean/page/2/,vertaald:categorie-paginering,REDIRECT,301 · 1 hop
/fr/category/lean/page/3/,/category/lean/page/3/,vertaald:categorie-paginering,REDIRECT,301 · 1 hop
/fr/category/lean/page/4/,/category/lean/page/4/,vertaald:categorie-paginering,REDIRECT,301 · 1 hop
/fr/category/product/,/category/product/,vertaald:categorie,REDIRECT,301 · 1 hop
/fr/category/product/feed/,/rss.xml,vertaald:feed,REDIRECT,301 · 1 hop
/fr/category/product/page/2/,/category/product/page/2/,vertaald:categorie-paginering,REDIRECT,301 · 1 hop
/fr/category/product/page/3/,/category/product/page/3/,vertaald:categorie-paginering,REDIRECT,301 · 1 hop
/fr/category/product/page/4/,/category/product/page/4/,vertaald:categorie-paginering,REDIRECT,301 · 1 hop
/fr/category/product/page/5/,/category/product/page/5/,vertaald:categorie-paginering,REDIRECT,301 · 1 hop
/fr/category/product/page/6/,/category/product/page/6/,vertaald:categorie-paginering,REDIRECT,301 · 1 hop
/fr/category/project-management/,/category/project-management/,vertaald:categorie,REDIRECT,301 · 1 hop
/fr/category/project-management/feed/,/rss.xml,vertaald:feed,REDIRECT,301 · 1 hop
/fr/category/project-management/page/10/,/category/project-management/page/10/,vertaald:categorie-paginering,REDIRECT,301 · 1 hop
/fr/category/project-management/page/2/,/category/project-management/page/2/,vertaald:categorie-paginering,REDIRECT,301 · 1 hop
/fr/category/project-management/page/3/,/category/project-management/page/3/,vertaald:categorie-paginering,REDIRECT,301 · 1 hop
/fr/category/project-management/page/4/,/category/project-management/page/4/,vertaald:categorie-paginering,REDIRECT,301 · 1 hop
/fr/category/project-management/page/5/,/category/project-management/page/5/,vertaald:categorie-paginering,REDIRECT,301 · 1 hop
/fr/category/project-management/page/8/,/category/project-management/page/8/,vertaald:categorie-paginering,REDIRECT,301 · 1 hop
/fr/category/requirements/,/category/requirements/,vertaald:categorie,REDIRECT,301 · 1 hop
/fr/category/requirements/feed/,/rss.xml,vertaald:feed,REDIRECT,301 · 1 hop
/fr/category/requirements/page/2/,/category/requirements/page/2/,vertaald:categorie-paginering,REDIRECT,301 · 1 hop
/fr/category/requirements/page/3/,/category/requirements/page/3/,vertaald:categorie-paginering,REDIRECT,301 · 1 hop
/fr/category/requirements/page/4/,/category/requirements/page/4/,vertaald:categorie-paginering,REDIRECT,301 · 1 hop
/fr/category/requirements/page/5/,/category/requirements/page/5/,vertaald:categorie-paginering,REDIRECT,301 · 1 hop
/fr/category/team-dynamics/,/category/team-dynamics/,vertaald:categorie,REDIRECT,301 · 1 hop
/fr/category/team-dynamics/feed/,/rss.xml,vertaald:feed,REDIRECT,301 · 1 hop
/fr/category/team-dynamics/page/10/,/category/team-dynamics/page/10/,vertaald:categorie-paginering,REDIRECT,301 · 1 hop
/fr/category/team-dynamics/page/11/,/category/team-dynamics/page/11/,vertaald:categorie-paginering,REDIRECT,301 · 1 hop
/fr/category/team-dynamics/page/2/,/category/team-dynamics/page/2/,vertaald:categorie-paginering,REDIRECT,301 · 1 hop
/fr/category/team-dynamics/page/3/,/category/team-dynamics/page/3/,vertaald:categorie-paginering,REDIRECT,301 · 1 hop
/fr/category/team-dynamics/page/4/,/category/team-dynamics/page/4/,vertaald:categorie-paginering,REDIRECT,301 · 1 hop
/fr/category/team-dynamics/page/5/,/category/team-dynamics/page/5/,vertaald:categorie-paginering,REDIRECT,301 · 1 hop
/fr/category/team-dynamics/page/6/,/category/team-dynamics/page/6/,vertaald:categorie-paginering,REDIRECT,301 · 1 hop
/fr/category/team-dynamics/page/8/,/category/team-dynamics/page/8/,vertaald:categorie-paginering,REDIRECT,301 · 1 hop
/fr/category/uncategorized/,/category/uncategorized/,vertaald:categorie,REDIRECT,301 · 1 hop
/fr/category/uncategorized/feed/,/rss.xml,vertaald:feed,REDIRECT,301 · 1 hop
/fr/feed/,/rss.xml,vertaald:feed,REDIRECT,301 · 1 hop
/fr/feed/atom/,/rss.xml,vertaald:feed,REDIRECT,301 · 1 hop
/fr/game/,,vertaald:pagina,GONE,pagina vervalt volgens CONTENT-MODEL §4
/fr/game/comment-page-1/,,vertaald:pagina,GONE,pagina vervalt volgens CONTENT-MODEL §4
/fr/game/feed/,/rss.xml,vertaald:feed,REDIRECT,301 · 1 hop
/fr/submit-game-reference/,,vertaald:pagina,GONE,pagina vervalt volgens CONTENT-MODEL §4
/fr/submit-game-reference/feed/,/rss.xml,vertaald:feed,REDIRECT,301 · 1 hop
/fr/tag/acceptance-criteria/,/tag/acceptance-criteria/,vertaald:tag,REDIRECT,301 · 1 hop
/fr/tag/acceptance-criteria/feed/,/rss.xml,vertaald:feed,REDIRECT,301 · 1 hop
/fr/tag/adoption/,/tag/adoption/,vertaald:tag,REDIRECT,301 · 1 hop
/fr/tag/aeroplane/,/tag/aeroplane/,vertaald:tag,REDIRECT,301 · 1 hop
/fr/tag/aeroplane/feed/,/rss.xml,vertaald:feed,REDIRECT,301 · 1 hop
/fr/tag/agile-project-management/,/tag/agile-project-management/,vertaald:tag,REDIRECT,301 · 1 hop
/fr/tag/agile-project-management/feed/,/rss.xml,vertaald:feed,REDIRECT,301 · 1 hop
/fr/tag/agile/,/tag/agile/,vertaald:tag,REDIRECT,301 · 1 hop
/fr/tag/agile/feed/,/rss.xml,vertaald:feed,REDIRECT,301 · 1 hop
/fr/tag/agile/page/2/,/tag/agile/,vertaald:tag-paginering,REDIRECT,301 · 1 hop
/fr/tag/agile/page/3/,/tag/agile/,vertaald:tag-paginering,REDIRECT,301 · 1 hop
/fr/tag/agile/page/4/,/tag/agile/,vertaald:tag-paginering,REDIRECT,301 · 1 hop
/fr/tag/agile/page/5/,/tag/agile/,vertaald:tag-paginering,REDIRECT,301 · 1 hop
/fr/tag/agile/page/6/,/tag/agile/,vertaald:tag-paginering,REDIRECT,301 · 1 hop
/fr/tag/agilite/,/tag/agilite/,vertaald:tag,REDIRECT,301 · 1 hop
/fr/tag/agilite/feed/,/rss.xml,vertaald:feed,REDIRECT,301 · 1 hop
/fr/tag/batches/,/tag/batches/,vertaald:tag,REDIRECT,301 · 1 hop
/fr/tag/batches/feed/,/rss.xml,vertaald:feed,REDIRECT,301 · 1 hop
/fr/tag/behaviours/,/tag/behaviours/,vertaald:tag,REDIRECT,301 · 1 hop
/fr/tag/behaviours/feed/,/rss.xml,vertaald:feed,REDIRECT,301 · 1 hop
/fr/tag/cfd/,/tag/cfd/,vertaald:tag,REDIRECT,301 · 1 hop
/fr/tag/cfd/feed/,/rss.xml,vertaald:feed,REDIRECT,301 · 1 hop
/fr/tag/change/,/tag/change/,vertaald:tag,REDIRECT,301 · 1 hop
/fr/tag/change/feed/,/rss.xml,vertaald:feed,REDIRECT,301 · 1 hop
/fr/tag/check-in/,/tag/check-in/,vertaald:tag,REDIRECT,301 · 1 hop
/fr/tag/check-out/,/tag/check-out/,vertaald:tag,REDIRECT,301 · 1 hop
/fr/tag/coaching/,/tag/coaching/,vertaald:tag,REDIRECT,301 · 1 hop
/fr/tag/collaboration/,/tag/collaboration/,vertaald:tag,REDIRECT,301 · 1 hop
/fr/tag/collaboration/feed/,/rss.xml,vertaald:feed,REDIRECT,301 · 1 hop
/fr/tag/collaboration/page/2/,/tag/collaboration/,vertaald:tag-paginering,REDIRECT,301 · 1 hop
/fr/tag/collaboration/page/3/,/tag/collaboration/,vertaald:tag-paginering,REDIRECT,301 · 1 hop
/fr/tag/collaboration/page/4/,/tag/collaboration/,vertaald:tag-paginering,REDIRECT,301 · 1 hop
/fr/tag/collaboration/page/5/,/tag/collaboration/,vertaald:tag-paginering,REDIRECT,301 · 1 hop
/fr/tag/communication/,/tag/communication/,vertaald:tag,REDIRECT,301 · 1 hop
/fr/tag/communication/feed/,/rss.xml,vertaald:feed,REDIRECT,301 · 1 hop
/fr/tag/communication/page/2/,/tag/communication/,vertaald:tag-paginering,REDIRECT,301 · 1 hop
/fr/tag/connections/,/tag/connections/,vertaald:tag,REDIRECT,301 · 1 hop
/fr/tag/connections/feed/,/rss.xml,vertaald:feed,REDIRECT,301 · 1 hop
/fr/tag/constraints/,/tag/constraints/,vertaald:tag,REDIRECT,301 · 1 hop
/fr/tag/constraints/feed/,/rss.xml,vertaald:feed,REDIRECT,301 · 1 hop
/fr/tag/continuous-improvement/,/tag/continuous-improvement/,vertaald:tag,REDIRECT,301 · 1 hop
/fr/tag/continuous-improvement/feed/,/rss.xml,vertaald:feed,REDIRECT,301 · 1 hop
/fr/tag/contraints/,/tag/contraints/,vertaald:tag,REDIRECT,301 · 1 hop
/fr/tag/contraints/feed/,/rss.xml,vertaald:feed,REDIRECT,301 · 1 hop
/fr/tag/creativity/,/tag/creativity/,vertaald:tag,REDIRECT,301 · 1 hop
/fr/tag/creativity/feed/,/rss.xml,vertaald:feed,REDIRECT,301 · 1 hop
/fr/tag/cross-communication/,/tag/cross-communication/,vertaald:tag,REDIRECT,301 · 1 hop
/fr/tag/cross-communication/feed/,/rss.xml,vertaald:feed,REDIRECT,301 · 1 hop
/fr/tag/cross-functional-teams/,/tag/cross-functional-teams/,vertaald:tag,REDIRECT,301 · 1 hop
/fr/tag/cross-functional-teams/feed/,/rss.xml,vertaald:feed,REDIRECT,301 · 1 hop
/fr/tag/customer-understanding/,/tag/customer-understanding/,vertaald:tag,REDIRECT,301 · 1 hop
/fr/tag/customer/,/tag/customer/,vertaald:tag,REDIRECT,301 · 1 hop
/fr/tag/customer/feed/,/rss.xml,vertaald:feed,REDIRECT,301 · 1 hop
/fr/tag/daily-scrum/,/tag/daily-scrum/,vertaald:tag,REDIRECT,301 · 1 hop
/fr/tag/daily-scrum/feed/,/rss.xml,vertaald:feed,REDIRECT,301 · 1 hop
/fr/tag/decision-making/,/tag/decision-making/,vertaald:tag,REDIRECT,301 · 1 hop
/fr/tag/definition-of-done/,/tag/definition-of-done/,vertaald:tag,REDIRECT,301 · 1 hop
/fr/tag/definition-of-done/feed/,/rss.xml,vertaald:feed,REDIRECT,301 · 1 hop
/fr/tag/developer/,/tag/developer/,vertaald:tag,REDIRECT,301 · 1 hop
/fr/tag/developer/feed/,/rss.xml,vertaald:feed,REDIRECT,301 · 1 hop
/fr/tag/development/,/tag/development/,vertaald:tag,REDIRECT,301 · 1 hop
/fr/tag/distributed-teams/,/tag/distributed-teams/,vertaald:tag,REDIRECT,301 · 1 hop
/fr/tag/distributed-teams/feed/,/rss.xml,vertaald:feed,REDIRECT,301 · 1 hop
/fr/tag/done/,/tag/done/,vertaald:tag,REDIRECT,301 · 1 hop
/fr/tag/done/feed/,/rss.xml,vertaald:feed,REDIRECT,301 · 1 hop
/fr/tag/emergent-design/,/tag/emergent-design/,vertaald:tag,REDIRECT,301 · 1 hop
/fr/tag/emergent-design/feed/,/rss.xml,vertaald:feed,REDIRECT,301 · 1 hop
/fr/tag/empathy/,/tag/empathy/,vertaald:tag,REDIRECT,301 · 1 hop
/fr/tag/empathy/feed/,/rss.xml,vertaald:feed,REDIRECT,301 · 1 hop
/fr/tag/energise/,/tag/energise/,vertaald:tag,REDIRECT,301 · 1 hop
/fr/tag/energizer/,/tag/energizer/,vertaald:tag,REDIRECT,301 · 1 hop
/fr/tag/energizer/feed/,/rss.xml,vertaald:feed,REDIRECT,301 · 1 hop
/fr/tag/estimation/,/tag/estimation/,vertaald:tag,REDIRECT,301 · 1 hop
/fr/tag/evolutionary-design/,/tag/evolutionary-design/,vertaald:tag,REDIRECT,301 · 1 hop
/fr/tag/executive/,/tag/executive/,vertaald:tag,REDIRECT,301 · 1 hop
/fr/tag/executive/feed/,/rss.xml,vertaald:feed,REDIRECT,301 · 1 hop
/fr/tag/extreme-programming/,/tag/extreme-programming/,vertaald:tag,REDIRECT,301 · 1 hop
/fr/tag/facilitation/,/tag/facilitation/,vertaald:tag,REDIRECT,301 · 1 hop
/fr/tag/facilitation/feed/,/rss.xml,vertaald:feed,REDIRECT,301 · 1 hop
/fr/tag/feed-back/,/tag/feed-back/,vertaald:tag,REDIRECT,301 · 1 hop
/fr/tag/feed-back/feed/,/rss.xml,vertaald:feed,REDIRECT,301 · 1 hop
/fr/tag/flow/,/tag/flow/,vertaald:tag,REDIRECT,301 · 1 hop
/fr/tag/flow/feed/,/rss.xml,vertaald:feed,REDIRECT,301 · 1 hop
/fr/tag/forecasting/,/tag/forecasting/,vertaald:tag,REDIRECT,301 · 1 hop
/fr/tag/fun/,/tag/fun/,vertaald:tag,REDIRECT,301 · 1 hop
/fr/tag/fun/feed/,/rss.xml,vertaald:feed,REDIRECT,301 · 1 hop
/fr/tag/game-creation/,/tag/game-creation/,vertaald:tag,REDIRECT,301 · 1 hop
/fr/tag/games/,/tag/games/,vertaald:tag,REDIRECT,301 · 1 hop
/fr/tag/games/feed/,/rss.xml,vertaald:feed,REDIRECT,301 · 1 hop
/fr/tag/gather-insights/,/tag/gather-insights/,vertaald:tag,REDIRECT,301 · 1 hop
/fr/tag/huddle/,/tag/huddle/,vertaald:tag,REDIRECT,301 · 1 hop
/fr/tag/huddle/feed/,/rss.xml,vertaald:feed,REDIRECT,301 · 1 hop
/fr/tag/icebreaker/,/tag/icebreaker/,vertaald:tag,REDIRECT,301 · 1 hop
/fr/tag/icebreaker/feed/,/rss.xml,vertaald:feed,REDIRECT,301 · 1 hop
/fr/tag/improvement/,/tag/improvement/,vertaald:tag,REDIRECT,301 · 1 hop
/fr/tag/innovation-game/,/tag/innovation-game/,vertaald:tag,REDIRECT,301 · 1 hop
/fr/tag/innovation-game/feed/,/rss.xml,vertaald:feed,REDIRECT,301 · 1 hop
/fr/tag/innovation-games/,/tag/innovation-games/,vertaald:tag,REDIRECT,301 · 1 hop
/fr/tag/innovation-games/feed/,/rss.xml,vertaald:feed,REDIRECT,301 · 1 hop
/fr/tag/innovation-games/page/2/,/tag/innovation-games/,vertaald:tag-paginering,REDIRECT,301 · 1 hop
/fr/tag/innovation-games/page/3/,/tag/innovation-games/,vertaald:tag-paginering,REDIRECT,301 · 1 hop
/fr/tag/innovation/,/tag/innovation/,vertaald:tag,REDIRECT,301 · 1 hop
/fr/tag/innovation/feed/,/rss.xml,vertaald:feed,REDIRECT,301 · 1 hop
/fr/tag/instructing-techniques/,/tag/instructing-techniques/,vertaald:tag,REDIRECT,301 · 1 hop
/fr/tag/introductions/,/tag/introductions/,vertaald:tag,REDIRECT,301 · 1 hop
/fr/tag/introductions/feed/,/rss.xml,vertaald:feed,REDIRECT,301 · 1 hop
/fr/tag/introspection/,/tag/introspection/,vertaald:tag,REDIRECT,301 · 1 hop
/fr/tag/introspection/feed/,/rss.xml,vertaald:feed,REDIRECT,301 · 1 hop
/fr/tag/intuition/,/tag/intuition/,vertaald:tag,REDIRECT,301 · 1 hop
/fr/tag/intuition/feed/,/rss.xml,vertaald:feed,REDIRECT,301 · 1 hop
/fr/tag/invention/,/tag/invention/,vertaald:tag,REDIRECT,301 · 1 hop
/fr/tag/invention/feed/,/rss.xml,vertaald:feed,REDIRECT,301 · 1 hop
/fr/tag/iteration/,/tag/iteration/,vertaald:tag,REDIRECT,301 · 1 hop
/fr/tag/iteration/feed/,/rss.xml,vertaald:feed,REDIRECT,301 · 1 hop
/fr/tag/iterations/,/tag/iterations/,vertaald:tag,REDIRECT,301 · 1 hop
/fr/tag/iterations/feed/,/rss.xml,vertaald:feed,REDIRECT,301 · 1 hop
/fr/tag/kanban/,/tag/kanban/,vertaald:tag,REDIRECT,301 · 1 hop
/fr/tag/kanban/feed/,/rss.xml,vertaald:feed,REDIRECT,301 · 1 hop
/fr/tag/lead-time/,/tag/lead-time/,vertaald:tag,REDIRECT,301 · 1 hop
/fr/tag/lead-time/feed/,/rss.xml,vertaald:feed,REDIRECT,301 · 1 hop
/fr/tag/leadership/,/tag/leadership/,vertaald:tag,REDIRECT,301 · 1 hop
/fr/tag/leadership/feed/,/rss.xml,vertaald:feed,REDIRECT,301 · 1 hop
/fr/tag/lean/,/tag/lean/,vertaald:tag,REDIRECT,301 · 1 hop
/fr/tag/learning/,/tag/learning/,vertaald:tag,REDIRECT,301 · 1 hop
/fr/tag/learning/feed/,/rss.xml,vertaald:feed,REDIRECT,301 · 1 hop
/fr/tag/lego-game/,/tag/lego-game/,vertaald:tag,REDIRECT,301 · 1 hop
/fr/tag/limit-work-in-progress/,/tag/limit-work-in-progress/,vertaald:tag,REDIRECT,301 · 1 hop
/fr/tag/limit/,/tag/limit/,vertaald:tag,REDIRECT,301 · 1 hop
/fr/tag/limit/feed/,/rss.xml,vertaald:feed,REDIRECT,301 · 1 hop
/fr/tag/management/,/tag/management/,vertaald:tag,REDIRECT,301 · 1 hop
/fr/tag/management/feed/,/rss.xml,vertaald:feed,REDIRECT,301 · 1 hop
/fr/tag/manifesto/,/tag/manifesto/,vertaald:tag,REDIRECT,301 · 1 hop
/fr/tag/manifesto/feed/,/rss.xml,vertaald:feed,REDIRECT,301 · 1 hop
/fr/tag/marketing/,/tag/marketing/,vertaald:tag,REDIRECT,301 · 1 hop
/fr/tag/marketing/feed/,/rss.xml,vertaald:feed,REDIRECT,301 · 1 hop
/fr/tag/may-the-4th-be-with-you/,/tag/may-the-4th-be-with-you/,vertaald:tag,REDIRECT,301 · 1 hop
/fr/tag/mindset/,/tag/mindset/,vertaald:tag,REDIRECT,301 · 1 hop
/fr/tag/mindset/feed/,/rss.xml,vertaald:feed,REDIRECT,301 · 1 hop
/fr/tag/minecraft/,/tag/minecraft/,vertaald:tag,REDIRECT,301 · 1 hop
/fr/tag/minecraft/feed/,/rss.xml,vertaald:feed,REDIRECT,301 · 1 hop
/fr/tag/multitasking/,/tag/multitasking/,vertaald:tag,REDIRECT,301 · 1 hop
/fr/tag/multitasking/feed/,/rss.xml,vertaald:feed,REDIRECT,301 · 1 hop
/fr/tag/news/,/tag/news/,vertaald:tag,REDIRECT,301 · 1 hop
/fr/tag/news/feed/,/rss.xml,vertaald:feed,REDIRECT,301 · 1 hop
/fr/tag/noise/,/tag/noise/,vertaald:tag,REDIRECT,301 · 1 hop
/fr/tag/non-functional-requirements/,/tag/non-functional-requirements/,vertaald:tag,REDIRECT,301 · 1 hop
/fr/tag/non-functional-requirements/feed/,/rss.xml,vertaald:feed,REDIRECT,301 · 1 hop
/fr/tag/obstacles/,/tag/obstacles/,vertaald:tag,REDIRECT,301 · 1 hop
/fr/tag/obstacles/feed/,/rss.xml,vertaald:feed,REDIRECT,301 · 1 hop
/fr/tag/pair-programing/,/tag/pair-programing/,vertaald:tag,REDIRECT,301 · 1 hop
/fr/tag/pair-programing/feed/,/rss.xml,vertaald:feed,REDIRECT,301 · 1 hop
/fr/tag/paper-airplane/,/tag/paper-airplane/,vertaald:tag,REDIRECT,301 · 1 hop
/fr/tag/paper-airplane/feed/,/rss.xml,vertaald:feed,REDIRECT,301 · 1 hop
/fr/tag/personas/,/tag/personas/,vertaald:tag,REDIRECT,301 · 1 hop
/fr/tag/personas/feed/,/rss.xml,vertaald:feed,REDIRECT,301 · 1 hop
/fr/tag/perspective/,/tag/perspective/,vertaald:tag,REDIRECT,301 · 1 hop
/fr/tag/perspective/feed/,/rss.xml,vertaald:feed,REDIRECT,301 · 1 hop
/fr/tag/persuade/,/tag/persuade/,vertaald:tag,REDIRECT,301 · 1 hop
/fr/tag/persuade/feed/,/rss.xml,vertaald:feed,REDIRECT,301 · 1 hop
/fr/tag/persuasive/,/tag/persuasive/,vertaald:tag,REDIRECT,301 · 1 hop
/fr/tag/persuasive/feed/,/rss.xml,vertaald:feed,REDIRECT,301 · 1 hop
/fr/tag/pizza/,/tag/pizza/,vertaald:tag,REDIRECT,301 · 1 hop
/fr/tag/planning/,/tag/planning/,vertaald:tag,REDIRECT,301 · 1 hop
/fr/tag/planning/feed/,/rss.xml,vertaald:feed,REDIRECT,301 · 1 hop
/fr/tag/planning/page/2/,/tag/planning/,vertaald:tag-paginering,REDIRECT,301 · 1 hop
/fr/tag/plus-delta/,/tag/plus-delta/,vertaald:tag,REDIRECT,301 · 1 hop
/fr/tag/plus-delta/feed/,/rss.xml,vertaald:feed,REDIRECT,301 · 1 hop
/fr/tag/practice/,/tag/practice/,vertaald:tag,REDIRECT,301 · 1 hop
/fr/tag/practice/feed/,/rss.xml,vertaald:feed,REDIRECT,301 · 1 hop
/fr/tag/preference-articulation/,/tag/preference-articulation/,vertaald:tag,REDIRECT,301 · 1 hop
/fr/tag/preference-articulation/feed/,/rss.xml,vertaald:feed,REDIRECT,301 · 1 hop
/fr/tag/principes-agile/,/tag/principes-agile/,vertaald:tag,REDIRECT,301 · 1 hop
/fr/tag/principes-agile/feed/,/rss.xml,vertaald:feed,REDIRECT,301 · 1 hop
/fr/tag/principles/,/tag/principles/,vertaald:tag,REDIRECT,301 · 1 hop
/fr/tag/principles/feed/,/rss.xml,vertaald:feed,REDIRECT,301 · 1 hop
/fr/tag/prioritisation/,/tag/prioritisation/,vertaald:tag,REDIRECT,301 · 1 hop
/fr/tag/prioritisation/feed/,/rss.xml,vertaald:feed,REDIRECT,301 · 1 hop
/fr/tag/prioritization/,/tag/prioritization/,vertaald:tag,REDIRECT,301 · 1 hop
/fr/tag/process/,/tag/process/,vertaald:tag,REDIRECT,301 · 1 hop
/fr/tag/process/feed/,/rss.xml,vertaald:feed,REDIRECT,301 · 1 hop
/fr/tag/product-backlog/,/tag/product-backlog/,vertaald:tag,REDIRECT,301 · 1 hop
/fr/tag/product-management/,/tag/product-management/,vertaald:tag,REDIRECT,301 · 1 hop
/fr/tag/product-management/feed/,/rss.xml,vertaald:feed,REDIRECT,301 · 1 hop
/fr/tag/product-owner/,/tag/product-owner/,vertaald:tag,REDIRECT,301 · 1 hop
/fr/tag/product-owner/feed/,/rss.xml,vertaald:feed,REDIRECT,301 · 1 hop
/fr/tag/product-owners/,/tag/product-owners/,vertaald:tag,REDIRECT,301 · 1 hop
/fr/tag/productivity/,/tag/productivity/,vertaald:tag,REDIRECT,301 · 1 hop
/fr/tag/project-management-2/,/tag/project-management-2/,vertaald:tag,REDIRECT,301 · 1 hop
/fr/tag/project-management-2/feed/,/rss.xml,vertaald:feed,REDIRECT,301 · 1 hop
/fr/tag/pull/,/tag/pull/,vertaald:tag,REDIRECT,301 · 1 hop
/fr/tag/pull/feed/,/rss.xml,vertaald:feed,REDIRECT,301 · 1 hop
/fr/tag/push/,/tag/push/,vertaald:tag,REDIRECT,301 · 1 hop
/fr/tag/push/feed/,/rss.xml,vertaald:feed,REDIRECT,301 · 1 hop
/fr/tag/quality-assurance/,/tag/quality-assurance/,vertaald:tag,REDIRECT,301 · 1 hop
/fr/tag/quality-assurance/feed/,/rss.xml,vertaald:feed,REDIRECT,301 · 1 hop
/fr/tag/questioning/,/tag/questioning/,vertaald:tag,REDIRECT,301 · 1 hop
/fr/tag/questioning/feed/,/rss.xml,vertaald:feed,REDIRECT,301 · 1 hop
/fr/tag/refactoring/,/tag/refactoring/,vertaald:tag,REDIRECT,301 · 1 hop
/fr/tag/refactoring/feed/,/rss.xml,vertaald:feed,REDIRECT,301 · 1 hop
/fr/tag/reflection/,/tag/reflection/,vertaald:tag,REDIRECT,301 · 1 hop
/fr/tag/reflection/feed/,/rss.xml,vertaald:feed,REDIRECT,301 · 1 hop
/fr/tag/requirements/,/tag/requirements/,vertaald:tag,REDIRECT,301 · 1 hop
/fr/tag/requirements/feed/,/rss.xml,vertaald:feed,REDIRECT,301 · 1 hop
/fr/tag/requirements/page/2/,/tag/requirements/,vertaald:tag-paginering,REDIRECT,301 · 1 hop
/fr/tag/responsibilities/,/tag/responsibilities/,vertaald:tag,REDIRECT,301 · 1 hop
/fr/tag/responsibilities/feed/,/rss.xml,vertaald:feed,REDIRECT,301 · 1 hop
/fr/tag/retrospective-analysis/,/tag/retrospective-analysis/,vertaald:tag,REDIRECT,301 · 1 hop
/fr/tag/retrospective/,/tag/retrospective/,vertaald:tag,REDIRECT,301 · 1 hop
/fr/tag/retrospective/feed/,/rss.xml,vertaald:feed,REDIRECT,301 · 1 hop
/fr/tag/retrospective/page/2/,/tag/retrospective/,vertaald:tag-paginering,REDIRECT,301 · 1 hop
/fr/tag/risk/,/tag/risk/,vertaald:tag,REDIRECT,301 · 1 hop
/fr/tag/risk/feed/,/rss.xml,vertaald:feed,REDIRECT,301 · 1 hop
/fr/tag/roles/,/tag/roles/,vertaald:tag,REDIRECT,301 · 1 hop
/fr/tag/roles/feed/,/rss.xml,vertaald:feed,REDIRECT,301 · 1 hop
/fr/tag/scaled-agile/,/tag/scaled-agile/,vertaald:tag,REDIRECT,301 · 1 hop
/fr/tag/scaled-agile/feed/,/rss.xml,vertaald:feed,REDIRECT,301 · 1 hop
/fr/tag/scrum-events/,/tag/scrum-events/,vertaald:tag,REDIRECT,301 · 1 hop
/fr/tag/scrum-framework/,/tag/scrum-framework/,vertaald:tag,REDIRECT,301 · 1 hop
/fr/tag/scrum-framework/feed/,/rss.xml,vertaald:feed,REDIRECT,301 · 1 hop
/fr/tag/scrum-master/,/tag/scrum-master/,vertaald:tag,REDIRECT,301 · 1 hop
/fr/tag/scrum-master/feed/,/rss.xml,vertaald:feed,REDIRECT,301 · 1 hop
/fr/tag/scrum/,/tag/scrum/,vertaald:tag,REDIRECT,301 · 1 hop
/fr/tag/scrum/feed/,/rss.xml,vertaald:feed,REDIRECT,301 · 1 hop
/fr/tag/scrum/page/2/,/tag/scrum/,vertaald:tag-paginering,REDIRECT,301 · 1 hop
/fr/tag/scrum/page/3/,/tag/scrum/,vertaald:tag-paginering,REDIRECT,301 · 1 hop
/fr/tag/scrummaster/,/tag/scrummaster/,vertaald:tag,REDIRECT,301 · 1 hop
/fr/tag/scrummaster/feed/,/rss.xml,vertaald:feed,REDIRECT,301 · 1 hop
/fr/tag/self-organizing/,/tag/self-organizing/,vertaald:tag,REDIRECT,301 · 1 hop
/fr/tag/self-organizing/feed/,/rss.xml,vertaald:feed,REDIRECT,301 · 1 hop
/fr/tag/serious-games/,/tag/serious-games/,vertaald:tag,REDIRECT,301 · 1 hop
/fr/tag/serious-games/feed/,/rss.xml,vertaald:feed,REDIRECT,301 · 1 hop
/fr/tag/serious-games/page/2/,/tag/serious-games/,vertaald:tag-paginering,REDIRECT,301 · 1 hop
/fr/tag/serious-games/page/3/,/tag/serious-games/,vertaald:tag-paginering,REDIRECT,301 · 1 hop
/fr/tag/shared-goals/,/tag/shared-goals/,vertaald:tag,REDIRECT,301 · 1 hop
/fr/tag/shared-goals/feed/,/rss.xml,vertaald:feed,REDIRECT,301 · 1 hop
/fr/tag/simplicity/,/tag/simplicity/,vertaald:tag,REDIRECT,301 · 1 hop
/fr/tag/simplicity/feed/,/rss.xml,vertaald:feed,REDIRECT,301 · 1 hop
/fr/tag/small-batches/,/tag/small-batches/,vertaald:tag,REDIRECT,301 · 1 hop
/fr/tag/small-batches/feed/,/rss.xml,vertaald:feed,REDIRECT,301 · 1 hop
/fr/tag/software-craftsmanship/,/tag/software-craftsmanship/,vertaald:tag,REDIRECT,301 · 1 hop
/fr/tag/software-craftsmanship/feed/,/rss.xml,vertaald:feed,REDIRECT,301 · 1 hop
/fr/tag/sound/,/tag/sound/,vertaald:tag,REDIRECT,301 · 1 hop
/fr/tag/stakeholder-theory/,/tag/stakeholder-theory/,vertaald:tag,REDIRECT,301 · 1 hop
/fr/tag/stakeholder-theory/feed/,/rss.xml,vertaald:feed,REDIRECT,301 · 1 hop
/fr/tag/stakeholder/,/tag/stakeholder/,vertaald:tag,REDIRECT,301 · 1 hop
/fr/tag/stakeholders/,/tag/stakeholders/,vertaald:tag,REDIRECT,301 · 1 hop
/fr/tag/standup/,/tag/standup/,vertaald:tag,REDIRECT,301 · 1 hop
/fr/tag/standup/feed/,/rss.xml,vertaald:feed,REDIRECT,301 · 1 hop
/fr/tag/star-wars/,/tag/star-wars/,vertaald:tag,REDIRECT,301 · 1 hop
/fr/tag/start-where-you-are/,/tag/start-where-you-are/,vertaald:tag,REDIRECT,301 · 1 hop
/fr/tag/start-where-you-are/feed/,/rss.xml,vertaald:feed,REDIRECT,301 · 1 hop
/fr/tag/stories/,/tag/stories/,vertaald:tag,REDIRECT,301 · 1 hop
/fr/tag/story/,/tag/story/,vertaald:tag,REDIRECT,301 · 1 hop
/fr/tag/story/feed/,/rss.xml,vertaald:feed,REDIRECT,301 · 1 hop
/fr/tag/sustainable-development/,/tag/sustainable-development/,vertaald:tag,REDIRECT,301 · 1 hop
/fr/tag/sustainable-development/feed/,/rss.xml,vertaald:feed,REDIRECT,301 · 1 hop
/fr/tag/tasks/,/tag/tasks/,vertaald:tag,REDIRECT,301 · 1 hop
/fr/tag/tasks/feed/,/rss.xml,vertaald:feed,REDIRECT,301 · 1 hop
/fr/tag/tdd/,/tag/tdd/,vertaald:tag,REDIRECT,301 · 1 hop
/fr/tag/tdd/feed/,/rss.xml,vertaald:feed,REDIRECT,301 · 1 hop
/fr/tag/team-building/,/tag/team-building/,vertaald:tag,REDIRECT,301 · 1 hop
/fr/tag/team-building/feed/,/rss.xml,vertaald:feed,REDIRECT,301 · 1 hop
/fr/tag/team-dynamics/,/tag/team-dynamics/,vertaald:tag,REDIRECT,301 · 1 hop
/fr/tag/team-dynamics/feed/,/rss.xml,vertaald:feed,REDIRECT,301 · 1 hop
/fr/tag/team-dynamics/page/2/,/tag/team-dynamics/,vertaald:tag-paginering,REDIRECT,301 · 1 hop
/fr/tag/team-dynamics/page/3/,/tag/team-dynamics/,vertaald:tag-paginering,REDIRECT,301 · 1 hop
/fr/tag/team/,/tag/team/,vertaald:tag,REDIRECT,301 · 1 hop
/fr/tag/teamwork/,/tag/teamwork/,vertaald:tag,REDIRECT,301 · 1 hop
/fr/tag/technical-debt/,/tag/technical-debt/,vertaald:tag,REDIRECT,301 · 1 hop
/fr/tag/technical-debt/feed/,/rss.xml,vertaald:feed,REDIRECT,301 · 1 hop
/fr/tag/technique/,/tag/technique/,vertaald:tag,REDIRECT,301 · 1 hop
/fr/tag/technique/feed/,/rss.xml,vertaald:feed,REDIRECT,301 · 1 hop
/fr/tag/techniques/,/tag/techniques/,vertaald:tag,REDIRECT,301 · 1 hop
/fr/tag/techniques/feed/,/rss.xml,vertaald:feed,REDIRECT,301 · 1 hop
/fr/tag/test/,/tag/test/,vertaald:tag,REDIRECT,301 · 1 hop
/fr/tag/test/feed/,/rss.xml,vertaald:feed,REDIRECT,301 · 1 hop
/fr/tag/throughput/,/tag/throughput/,vertaald:tag,REDIRECT,301 · 1 hop
/fr/tag/throughput/feed/,/rss.xml,vertaald:feed,REDIRECT,301 · 1 hop
/fr/tag/timeboxing/,/tag/timeboxing/,vertaald:tag,REDIRECT,301 · 1 hop
/fr/tag/timeboxing/feed/,/rss.xml,vertaald:feed,REDIRECT,301 · 1 hop
/fr/tag/timelines/,/tag/timelines/,vertaald:tag,REDIRECT,301 · 1 hop
/fr/tag/timelines/feed/,/rss.xml,vertaald:feed,REDIRECT,301 · 1 hop
/fr/tag/trust/,/tag/trust/,vertaald:tag,REDIRECT,301 · 1 hop
/fr/tag/trust/feed/,/rss.xml,vertaald:feed,REDIRECT,301 · 1 hop
/fr/tag/tuckman-model/,/tag/tuckman-model/,vertaald:tag,REDIRECT,301 · 1 hop
/fr/tag/tuckman-model/feed/,/rss.xml,vertaald:feed,REDIRECT,301 · 1 hop
/fr/tag/understand/,/tag/understand/,vertaald:tag,REDIRECT,301 · 1 hop
/fr/tag/understand/feed/,/rss.xml,vertaald:feed,REDIRECT,301 · 1 hop
/fr/tag/user-stories/,/tag/user-stories/,vertaald:tag,REDIRECT,301 · 1 hop
/fr/tag/user-stories/feed/,/rss.xml,vertaald:feed,REDIRECT,301 · 1 hop
/fr/tag/valeur-agile/,/tag/valeur-agile/,vertaald:tag,REDIRECT,301 · 1 hop
/fr/tag/valeur-agile/feed/,/rss.xml,vertaald:feed,REDIRECT,301 · 1 hop
/fr/tag/values/,/tag/values/,vertaald:tag,REDIRECT,301 · 1 hop
/fr/tag/values/feed/,/rss.xml,vertaald:feed,REDIRECT,301 · 1 hop
/fr/tag/video/,/tag/video/,vertaald:tag,REDIRECT,301 · 1 hop
/fr/tag/video/feed/,/rss.xml,vertaald:feed,REDIRECT,301 · 1 hop
/fr/tag/vision/,/tag/vision/,vertaald:tag,REDIRECT,301 · 1 hop
/fr/tag/vision/feed/,/rss.xml,vertaald:feed,REDIRECT,301 · 1 hop
/fr/tag/visual-acuity/,/tag/visual-acuity/,vertaald:tag,REDIRECT,301 · 1 hop
/fr/tag/visual-acuity/feed/,/rss.xml,vertaald:feed,REDIRECT,301 · 1 hop
/fr/tag/visual-art-terminology/,/tag/visual-art-terminology/,vertaald:tag,REDIRECT,301 · 1 hop
/fr/tag/visual-art-terminology/feed/,/rss.xml,vertaald:feed,REDIRECT,301 · 1 hop
/fr/tag/waste/,/tag/waste/,vertaald:tag,REDIRECT,301 · 1 hop
/fr/tag/wip/,/tag/wip/,vertaald:tag,REDIRECT,301 · 1 hop
/fr/tag/work-in-progress/,/tag/work-in-progress/,vertaald:tag,REDIRECT,301 · 1 hop
/fr/tag/work-in-progress/feed/,/rss.xml,vertaald:feed,REDIRECT,301 · 1 hop
/fr/tag/working-agreements/,/tag/working-agreements/,vertaald:tag,REDIRECT,301 · 1 hop
/fr/tag/working-agreements/feed/,/rss.xml,vertaald:feed,REDIRECT,301 · 1 hop
/fr/tag/zero-sum-thinking/,/tag/zero-sum-thinking/,vertaald:tag,REDIRECT,301 · 1 hop
/fr/tag/zero-sum-thinking/feed/,/rss.xml,vertaald:feed,REDIRECT,301 · 1 hop
/fr/tastycupcakes-home/,/,vertaald:pagina,REDIRECT,301 · 2 hops
/fr/tastycupcakes-home/feed/,/rss.xml,vertaald:feed,REDIRECT,301 · 1 hop
/fr/vision/,,vertaald:pagina,GONE,pagina ontbreekt in de Engelse export
/fr/vision/feed/,/rss.xml,vertaald:feed,REDIRECT,301 · 1 hop
/game/comment-page-1/,,pagina,GONE,pagina vervalt volgens CONTENT-MODEL §4
/game/feed/,/rss.xml,feed,REDIRECT,301 · 1 hop
/login/,,pagina,GONE,pagina vervalt volgens CONTENT-MODEL §4
/page/2/,/page/2/,home-paginering,EXACT,
/page/3/,/page/3/,home-paginering,EXACT,
/password-reset/,,pagina,GONE,pagina vervalt volgens CONTENT-MODEL §4
/pt/2009/06/60-paces/,/pt/2009/06/60-paces/,vertaald:artikel,EXACT,
/pt/2009/06/60-paces/feed/,/pt/2009/06/60-paces/,vertaald:feed,REDIRECT,301 · 1 hop
/pt/2009/06/99-test-balloons/,/2009/06/99-test-balloons/,vertaald:artikel,REDIRECT,301 · 1 hop
/pt/2009/06/99-test-balloons/feed/,/2009/06/99-test-balloons/,vertaald:feed,REDIRECT,301 · 1 hop
/pt/2009/06/alaskan-road-trip/,/2009/06/alaskan-road-trip/,vertaald:artikel,REDIRECT,301 · 1 hop
/pt/2009/06/alphabet-game/,/pt/2009/06/alphabet-game/,vertaald:artikel,EXACT,
/pt/2009/06/alphabet-game/feed/,/pt/2009/06/alphabet-game/,vertaald:feed,REDIRECT,301 · 1 hop
/pt/2009/06/coin-sorting/,/pt/2009/06/coin-sorting/,vertaald:artikel,EXACT,
/pt/2009/06/coin-sorting/feed/,/pt/2009/06/coin-sorting/,vertaald:feed,REDIRECT,301 · 1 hop
/pt/2009/06/collaborative-origami/,/pt/2009/06/collaborative-origami/,vertaald:artikel,EXACT,
/pt/2009/06/collaborative-origami/feed/,/pt/2009/06/collaborative-origami/,vertaald:feed,REDIRECT,301 · 1 hop
/pt/2009/06/doggy-planning/,/pt/2009/06/doggy-planning/,vertaald:artikel,EXACT,
/pt/2009/06/doggy-planning/feed/,/pt/2009/06/doggy-planning/,vertaald:feed,REDIRECT,301 · 1 hop
/pt/2009/06/football-scrum/,/pt/2009/06/football-scrum/,vertaald:artikel,EXACT,
/pt/2009/06/football-scrum/feed/,/pt/2009/06/football-scrum/,vertaald:feed,REDIRECT,301 · 1 hop
/pt/2009/06/location-location-location/,/2009/06/location-location-location/,vertaald:artikel,REDIRECT,301 · 1 hop
/pt/2009/06/location-location-location/feed/,/2009/06/location-location-location/,vertaald:feed,REDIRECT,301 · 1 hop
/pt/2009/06/mr-happy-face/,/2009/06/mr-happy-face/,vertaald:artikel,REDIRECT,301 · 1 hop
/pt/2009/06/mr-happy-face/feed/,/2009/06/mr-happy-face/,vertaald:feed,REDIRECT,301 · 1 hop
/pt/2009/06/no-one-listens-to-me/,/pt/2009/06/no-one-listens-to-me/,vertaald:artikel,EXACT,
/pt/2009/06/no-one-listens-to-me/feed/,/pt/2009/06/no-one-listens-to-me/,vertaald:feed,REDIRECT,301 · 1 hop
/pt/2009/06/pair-programming-game/,/pt/2009/06/pair-programming-game/,vertaald:artikel,EXACT,
/pt/2009/06/pair-programming-game/feed/,/pt/2009/06/pair-programming-game/,vertaald:feed,REDIRECT,301 · 1 hop
/pt/2009/06/picture-me/,/2009/06/picture-me/,vertaald:artikel,REDIRECT,301 · 1 hop
/pt/2009/06/picture-me/feed/,/2009/06/picture-me/,vertaald:feed,REDIRECT,301 · 1 hop
/pt/2009/06/planning-poker/,/2009/06/planning-poker/,vertaald:artikel,REDIRECT,301 · 1 hop
/pt/2009/06/planning-poker/feed/,/2009/06/planning-poker/,vertaald:feed,REDIRECT,301 · 1 hop
/pt/2009/06/presto-manifesto/,/pt/2009/06/presto-manifesto/,vertaald:artikel,EXACT,
/pt/2009/06/presto-manifesto/feed/,/pt/2009/06/presto-manifesto/,vertaald:feed,REDIRECT,301 · 1 hop
/pt/2009/06/process-doodle/,/2009/06/process-doodle/,vertaald:artikel,REDIRECT,301 · 1 hop
/pt/2009/06/question-game/,/pt/2009/06/question-game/,vertaald:artikel,EXACT,
/pt/2009/06/question-game/feed/,/pt/2009/06/question-game/,vertaald:feed,REDIRECT,301 · 1 hop
/pt/2009/06/rate-games-at-blog-tastycupcakes-com/,/2009/06/rate-games-at-blog-tastycupcakes-com/,vertaald:artikel,REDIRECT,301 · 1 hop
/pt/2009/06/rate-games-at-blog-tastycupcakes-com/feed/,/2009/06/rate-games-at-blog-tastycupcakes-com/,vertaald:feed,REDIRECT,301 · 1 hop
/pt/2009/06/resort-brochure/,/pt/2009/06/resort-brochure/,vertaald:artikel,EXACT,
/pt/2009/06/resort-brochure/feed/,/pt/2009/06/resort-brochure/,vertaald:feed,REDIRECT,301 · 1 hop
/pt/2009/06/submit-your-game/,/2009/06/submit-your-game/,vertaald:artikel,REDIRECT,301 · 1 hop
/pt/2009/06/submit-your-game/feed/,/2009/06/submit-your-game/,vertaald:feed,REDIRECT,301 · 1 hop
/pt/2009/06/tangled-mess/,/2009/06/tangled-mess/,vertaald:artikel,REDIRECT,301 · 1 hop
/pt/2009/06/tangled-mess/feed/,/2009/06/tangled-mess/,vertaald:feed,REDIRECT,301 · 1 hop
/pt/2009/06/telephone-game/,/2009/06/telephone-game/,vertaald:artikel,REDIRECT,301 · 1 hop
/pt/2009/06/telephone-game/comment-page-1/,/2009/06/telephone-game/,vertaald:reactiepagina,REDIRECT,301 · 1 hop
/pt/2009/06/telephone-game/feed/,/2009/06/telephone-game/,vertaald:feed,REDIRECT,301 · 1 hop
/pt/2009/06/the-story-of-our-sprints/,/pt/2009/06/the-story-of-our-sprints/,vertaald:artikel,EXACT,
/pt/2009/06/the-story-of-our-sprints/feed/,/pt/2009/06/the-story-of-our-sprints/,vertaald:feed,REDIRECT,301 · 1 hop
/pt/2009/06/the-train-game/,/pt/2009/06/the-train-game/,vertaald:artikel,EXACT,
/pt/2009/06/the-train-game/feed/,/pt/2009/06/the-train-game/,vertaald:feed,REDIRECT,301 · 1 hop
/pt/2009/06/theory-of-constraints-dice-game/,/pt/2009/06/theory-of-constraints-dice-game/,vertaald:artikel,EXACT,
/pt/2009/06/theory-of-constraints-dice-game/feed/,/pt/2009/06/theory-of-constraints-dice-game/,vertaald:feed,REDIRECT,301 · 1 hop
/pt/2009/06/were-having-a-party/,/pt/2009/06/were-having-a-party/,vertaald:artikel,EXACT,
/pt/2009/06/were-having-a-party/feed/,/pt/2009/06/were-having-a-party/,vertaald:feed,REDIRECT,301 · 1 hop
/pt/2009/06/what-were-they-thinking/,/pt/2009/06/what-were-they-thinking/,vertaald:artikel,EXACT,
/pt/2009/06/why-agile-games/,/2009/06/why-agile-games/,vertaald:artikel,REDIRECT,301 · 1 hop
/pt/2009/06/why-agile-games/feed/,/2009/06/why-agile-games/,vertaald:feed,REDIRECT,301 · 1 hop
/pt/2009/06/word-at-a-time-letter/,/2009/06/word-at-a-time-letter/,vertaald:artikel,REDIRECT,301 · 1 hop
/pt/2009/06/word-at-a-time-letter/feed/,/2009/06/word-at-a-time-letter/,vertaald:feed,REDIRECT,301 · 1 hop
/pt/2009/06/you-are-not-in-control/,/pt/2009/06/you-are-not-in-control/,vertaald:artikel,EXACT,
/pt/2009/06/you-are-not-in-control/feed/,/pt/2009/06/you-are-not-in-control/,vertaald:feed,REDIRECT,301 · 1 hop
/pt/2009/07/people-polling/,/pt/2009/07/people-polling/,vertaald:artikel,EXACT,
/pt/2009/07/people-polling/feed/,/pt/2009/07/people-polling/,vertaald:feed,REDIRECT,301 · 1 hop
/pt/2009/07/the-problem-with-principles/,/pt/2009/07/the-problem-with-principles/,vertaald:artikel,EXACT,
/pt/2009/07/the-problem-with-principles/feed/,/pt/2009/07/the-problem-with-principles/,vertaald:feed,REDIRECT,301 · 1 hop
/pt/2009/08/example-please/,/pt/2009/08/example-please/,vertaald:artikel,EXACT,
/pt/2009/08/example-please/feed/,/pt/2009/08/example-please/,vertaald:feed,REDIRECT,301 · 1 hop
/pt/2009/09/sizing-game/,/2009/09/sizing-game/,vertaald:artikel,REDIRECT,301 · 1 hop
/pt/2009/09/sizing-game/feed/,/2009/09/sizing-game/,vertaald:feed,REDIRECT,301 · 1 hop
/pt/2009/10/about/michael-mccullough/,,vertaald:attachment,GONE,attachmentpagina zonder bestaande post
/pt/2009/10/map-flap/,/pt/2009/10/map-flap/,vertaald:artikel,EXACT,
/pt/2009/10/map-flap/feed/,/pt/2009/10/map-flap/,vertaald:feed,REDIRECT,301 · 1 hop
/pt/2009/11/tastycupcakes-published-in-agile-journal/,/2009/11/tastycupcakes-published-in-agile-journal/,vertaald:artikel,REDIRECT,301 · 1 hop
/pt/2009/11/tastycupcakes-published-in-agile-journal/feed/,/2009/11/tastycupcakes-published-in-agile-journal/,vertaald:feed,REDIRECT,301 · 1 hop
/pt/2009/12/tastycupcakes-agile-games-podcast-with-improving-enterprises/,/2009/12/tastycupcakes-agile-games-podcast-with-improving-enterprises/,vertaald:artikel,REDIRECT,301 · 1 hop
/pt/2010/01/pocket-sized-principles/,/pt/2010/01/pocket-sized-principles/,vertaald:artikel,EXACT,
/pt/2010/01/pocket-sized-principles/comment-page-1/,/pt/2010/01/pocket-sized-principles/,vertaald:reactiepagina,REDIRECT,301 · 1 hop
/pt/2010/01/pocket-sized-principles/feed/,/pt/2010/01/pocket-sized-principles/,vertaald:feed,REDIRECT,301 · 1 hop
/pt/2010/03/deep-agile-2010-empowering-teams-with-agile-games/,/2010/03/deep-agile-2010-empowering-teams-with-agile-games/,vertaald:artikel,REDIRECT,301 · 1 hop
/pt/2010/03/deep-agile-2010-empowering-teams-with-agile-games/feed/,/2010/03/deep-agile-2010-empowering-teams-with-agile-games/,vertaald:feed,REDIRECT,301 · 1 hop
/pt/2010/05/about/michael-mccullough/,,vertaald:attachment,GONE,attachmentpagina zonder bestaande post
/pt/2010/05/first-agile-games-conference-at-deepagile/,/2010/05/first-agile-games-conference-at-deepagile/,vertaald:artikel,REDIRECT,301 · 1 hop
/pt/2010/05/first-agile-games-conference-at-deepagile/feed/,/2010/05/first-agile-games-conference-at-deepagile/,vertaald:feed,REDIRECT,301 · 1 hop
/pt/2010/07/the-backlog-is-in-the-eye-of-the-beholder/,/pt/2010/07/the-backlog-is-in-the-eye-of-the-beholder/,vertaald:artikel,EXACT,
/pt/2010/07/the-backlog-is-in-the-eye-of-the-beholder/feed/,/pt/2010/07/the-backlog-is-in-the-eye-of-the-beholder/,vertaald:feed,REDIRECT,301 · 1 hop
/pt/2010/10/agile-games-conference-2011/,/2010/10/agile-games-conference-2011/,vertaald:artikel,REDIRECT,301 · 1 hop
/pt/2010/10/agile-games-conference-2011/feed/,/2010/10/agile-games-conference-2011/,vertaald:feed,REDIRECT,301 · 1 hop
/pt/2010/11/marshmallow-challenge/,/2010/11/marshmallow-challenge/,vertaald:artikel,REDIRECT,301 · 1 hop
/pt/2010/11/marshmallow-challenge/feed/,/2010/11/marshmallow-challenge/,vertaald:feed,REDIRECT,301 · 1 hop
/pt/2011/01/agile-games-2011-conference-super-early-bird-pricing-until-january-24-2011/,/2011/01/agile-games-2011-conference-super-early-bird-pricing-until-january-24-2011/,vertaald:artikel,REDIRECT,301 · 1 hop
/pt/2011/01/agile-games-2011-conference-super-early-bird-pricing-until-january-24-2011/feed/,/2011/01/agile-games-2011-conference-super-early-bird-pricing-until-january-24-2011/,vertaald:feed,REDIRECT,301 · 1 hop
/pt/2011/01/new-for-2011-tastycupcakes-updated-and-expanded-vision/,/2011/01/new-for-2011-tastycupcakes-updated-and-expanded-vision/,vertaald:artikel,REDIRECT,301 · 1 hop
/pt/2011/01/new-for-2011-tastycupcakes-updated-and-expanded-vision/feed/,/2011/01/new-for-2011-tastycupcakes-updated-and-expanded-vision/,vertaald:feed,REDIRECT,301 · 1 hop
/pt/2011/01/your-turn-to-play-get-involved-with-tasty-cupcakes/,/2011/01/your-turn-to-play-get-involved-with-tasty-cupcakes/,vertaald:artikel,REDIRECT,301 · 1 hop
/pt/2011/01/your-turn-to-play-get-involved-with-tasty-cupcakes/feed/,/2011/01/your-turn-to-play-get-involved-with-tasty-cupcakes/,vertaald:feed,REDIRECT,301 · 1 hop
/pt/2011/02/agile-games-2011-early-bird-prices-end-feb-28th/,/2011/02/agile-games-2011-early-bird-prices-end-feb-28th/,vertaald:artikel,REDIRECT,301 · 1 hop
/pt/2011/02/agile-games-2011-early-bird-prices-end-feb-28th/feed/,/2011/02/agile-games-2011-early-bird-prices-end-feb-28th/,vertaald:feed,REDIRECT,301 · 1 hop
/pt/2011/02/tasty-cupcakes-now-in-three-languages/,/2011/02/tasty-cupcakes-now-in-three-languages/,vertaald:artikel,REDIRECT,301 · 1 hop
/pt/2011/02/tasty-cupcakes-now-in-three-languages/feed/,/2011/02/tasty-cupcakes-now-in-three-languages/,vertaald:feed,REDIRECT,301 · 1 hop
/pt/2011/03/bang-for-the-buck-prioritization/,/2011/03/bang-for-the-buck-prioritization/,vertaald:artikel,REDIRECT,301 · 1 hop
/pt/2011/03/bang-for-the-buck-prioritization/feed/,/2011/03/bang-for-the-buck-prioritization/,vertaald:feed,REDIRECT,301 · 1 hop
/pt/2011/04/coaching-skills-dojo/,/2011/04/coaching-skills-dojo/,vertaald:artikel,REDIRECT,301 · 1 hop
/pt/2011/04/coaching-skills-dojo/feed/,/2011/04/coaching-skills-dojo/,vertaald:feed,REDIRECT,301 · 1 hop
/pt/2011/04/dont-blow-it/,/2011/04/dont-blow-it/,vertaald:artikel,REDIRECT,301 · 1 hop
/pt/2011/04/dont-blow-it/feed/,/2011/04/dont-blow-it/,vertaald:feed,REDIRECT,301 · 1 hop
/pt/2011/04/non-musical-chairs/,/2011/04/non-musical-chairs/,vertaald:artikel,REDIRECT,301 · 1 hop
/pt/2011/04/non-musical-chairs/comment-page-1/,/2011/04/non-musical-chairs/,vertaald:reactiepagina,REDIRECT,301 · 1 hop
/pt/2011/04/non-musical-chairs/feed/,/2011/04/non-musical-chairs/,vertaald:feed,REDIRECT,301 · 1 hop
/pt/2011/04/pair-chess-exercise/,/2011/04/pair-chess-exercise/,vertaald:artikel,REDIRECT,301 · 1 hop
/pt/2011/04/pair-chess-exercise/feed/,/2011/04/pair-chess-exercise/,vertaald:feed,REDIRECT,301 · 1 hop
/pt/2011/04/redesign-the-gift-giving-experience/,/2011/04/redesign-the-gift-giving-experience/,vertaald:artikel,REDIRECT,301 · 1 hop
/pt/2011/04/redesign-the-gift-giving-experience/feed/,/2011/04/redesign-the-gift-giving-experience/,vertaald:feed,REDIRECT,301 · 1 hop
/pt/2011/04/sustaining-agility/,/2011/04/sustaining-agility/,vertaald:artikel,REDIRECT,301 · 1 hop
/pt/2011/04/sustaining-agility/feed/,/2011/04/sustaining-agility/,vertaald:feed,REDIRECT,301 · 1 hop
/pt/2011/04/tastycupcakes-community-update/,/2011/04/tastycupcakes-community-update/,vertaald:artikel,REDIRECT,301 · 1 hop
/pt/2011/04/tastycupcakes-community-update/feed/,/2011/04/tastycupcakes-community-update/,vertaald:feed,REDIRECT,301 · 1 hop
/pt/2011/05/screencast-four-ways-to-search-for-games-on-tastycupcakes/,/2011/05/screencast-four-ways-to-search-for-games-on-tastycupcakes/,vertaald:artikel,REDIRECT,301 · 1 hop
/pt/2011/05/screencast-four-ways-to-search-for-games-on-tastycupcakes/feed/,/2011/05/screencast-four-ways-to-search-for-games-on-tastycupcakes/,vertaald:feed,REDIRECT,301 · 1 hop
/pt/2011/05/we-played-innovationgames-to-plan-tastycupcakes-org/,/2011/05/we-played-innovationgames-to-plan-tastycupcakes-org/,vertaald:artikel,REDIRECT,301 · 1 hop
/pt/2011/05/we-played-innovationgames-to-plan-tastycupcakes-org/feed/,/2011/05/we-played-innovationgames-to-plan-tastycupcakes-org/,vertaald:feed,REDIRECT,301 · 1 hop
/pt/2011/05/we-played-innovationgames-to-plan-tastycupcakes-org/tastygames-printme/,/2011/05/we-played-innovationgames-to-plan-tastycupcakes-org/,vertaald:attachment,REDIRECT,301 · 1 hop
/pt/2011/06/cover-story-2/,/2011/06/cover-story-2/,vertaald:artikel,REDIRECT,301 · 1 hop
/pt/2011/06/cover-story-2/feed/,/2011/06/cover-story-2/,vertaald:feed,REDIRECT,301 · 1 hop
/pt/2011/06/empathy-map/,/2011/06/empathy-map/,vertaald:artikel,REDIRECT,301 · 1 hop
/pt/2011/06/empathy-map/feed/,/2011/06/empathy-map/,vertaald:feed,REDIRECT,301 · 1 hop
/pt/2011/06/online-plusdelta-game/,/2011/06/online-plusdelta-game/,vertaald:artikel,REDIRECT,301 · 1 hop
/pt/2011/06/online-plusdelta-game/feed/,/2011/06/online-plusdelta-game/,vertaald:feed,REDIRECT,301 · 1 hop
/pt/2011/06/prune-the-product-tree/,/2011/06/prune-the-product-tree/,vertaald:artikel,REDIRECT,301 · 1 hop
/pt/2011/06/prune-the-product-tree/feed/,/2011/06/prune-the-product-tree/,vertaald:feed,REDIRECT,301 · 1 hop
/pt/2011/06/rock-paper-scissors-happiness/,/2011/06/rock-paper-scissors-happiness/,vertaald:artikel,REDIRECT,301 · 1 hop
/pt/2011/06/rock-paper-scissors-happiness/feed/,/2011/06/rock-paper-scissors-happiness/,vertaald:feed,REDIRECT,301 · 1 hop
/pt/2011/06/speed-boat/,/2011/06/speed-boat/,vertaald:artikel,REDIRECT,301 · 1 hop
/pt/2011/06/speed-boat/feed/,/2011/06/speed-boat/,vertaald:feed,REDIRECT,301 · 1 hop
/pt/2011/06/the-whole-product-game/,/2011/06/the-whole-product-game/,vertaald:artikel,REDIRECT,301 · 1 hop
/pt/2011/06/the-whole-product-game/feed/,/2011/06/the-whole-product-game/,vertaald:feed,REDIRECT,301 · 1 hop
/pt/2011/07/actions-for-retrospectives-2/,/2011/07/actions-for-retrospectives-2/,vertaald:artikel,REDIRECT,301 · 1 hop
/pt/2011/07/actions-for-retrospectives-2/feed/,/2011/07/actions-for-retrospectives-2/,vertaald:feed,REDIRECT,301 · 1 hop
/pt/2011/07/agile-airplanes/,/2011/07/agile-airplanes/,vertaald:artikel,REDIRECT,301 · 1 hop
/pt/2011/07/agile-airplanes/agile_airplane/,/2011/07/agile-airplanes/,vertaald:attachment,REDIRECT,301 · 1 hop
/pt/2011/07/agile-airplanes/agile_airplane/feed/,/2011/07/agile-airplanes/,vertaald:feed,REDIRECT,301 · 1 hop
/pt/2011/07/agile-airplanes/comment-page-1/,/2011/07/agile-airplanes/,vertaald:reactiepagina,REDIRECT,301 · 1 hop
/pt/2011/07/agile-airplanes/feed/,/2011/07/agile-airplanes/,vertaald:feed,REDIRECT,301 · 1 hop
/pt/2011/07/agile-game-incubator-agile-games-2011/,/2011/07/agile-game-incubator-agile-games-2011/,vertaald:artikel,REDIRECT,301 · 1 hop
/pt/2011/07/agile-game-incubator-agile-games-2011/feed/,/2011/07/agile-game-incubator-agile-games-2011/,vertaald:feed,REDIRECT,301 · 1 hop
/pt/2011/07/agile-game-incubator-online/,/2011/07/agile-game-incubator-online/,vertaald:artikel,REDIRECT,301 · 1 hop
/pt/2011/07/agile-game-incubator-online/feed/,/2011/07/agile-game-incubator-online/,vertaald:feed,REDIRECT,301 · 1 hop
/pt/2011/07/dodontisisnt/,/2011/07/dodontisisnt/,vertaald:artikel,REDIRECT,301 · 1 hop
/pt/2011/07/dodontisisnt/dodontisisnt/,/2011/07/dodontisisnt/,vertaald:attachment,REDIRECT,301 · 1 hop
/pt/2011/07/dodontisisnt/dodontisisnt/feed/,/2011/07/dodontisisnt/,vertaald:feed,REDIRECT,301 · 1 hop
/pt/2011/07/dodontisisnt/feed/,/2011/07/dodontisisnt/,vertaald:feed,REDIRECT,301 · 1 hop
/pt/2011/07/how-now-wow-matrix/,/2011/07/how-now-wow-matrix/,vertaald:artikel,REDIRECT,301 · 1 hop
/pt/2011/07/how-now-wow-matrix/feed/,/2011/07/how-now-wow-matrix/,vertaald:feed,REDIRECT,301 · 1 hop
/pt/2011/07/impact-effort-matrix/,/2011/07/impact-effort-matrix/,vertaald:artikel,REDIRECT,301 · 1 hop
/pt/2011/07/impact-effort-matrix/feed/,/2011/07/impact-effort-matrix/,vertaald:feed,REDIRECT,301 · 1 hop
/pt/2011/07/proscons-game/,/2011/07/proscons-game/,vertaald:artikel,REDIRECT,301 · 1 hop
/pt/2011/07/proscons-game/feed/,/2011/07/proscons-game/,vertaald:feed,REDIRECT,301 · 1 hop
/pt/2011/07/swot-analysis-game/,/2011/07/swot-analysis-game/,vertaald:artikel,REDIRECT,301 · 1 hop
/pt/2011/07/swot-analysis-game/feed/,/2011/07/swot-analysis-game/,vertaald:feed,REDIRECT,301 · 1 hop
/pt/2011/07/the-big-payoff/,/2011/07/the-big-payoff/,vertaald:artikel,REDIRECT,301 · 1 hop
/pt/2011/07/the-big-payoff/feed/,/2011/07/the-big-payoff/,vertaald:feed,REDIRECT,301 · 1 hop
/pt/2011/08/circles-and-soup/,/2011/08/circles-and-soup/,vertaald:artikel,REDIRECT,301 · 1 hop
/pt/2011/08/circles-and-soup/comment-page-1/,/2011/08/circles-and-soup/,vertaald:reactiepagina,REDIRECT,301 · 1 hop
/pt/2011/08/circles-and-soup/feed/,/2011/08/circles-and-soup/,vertaald:feed,REDIRECT,301 · 1 hop
/pt/2011/08/learning-matrix/,/2011/08/learning-matrix/,vertaald:artikel,REDIRECT,301 · 1 hop
/pt/2011/08/learning-matrix/feed/,/2011/08/learning-matrix/,vertaald:feed,REDIRECT,301 · 1 hop
/pt/2011/08/merrill-covey-matrix/,/2011/08/merrill-covey-matrix/,vertaald:artikel,REDIRECT,301 · 1 hop
/pt/2011/08/merrill-covey-matrix/feed/,/2011/08/merrill-covey-matrix/,vertaald:feed,REDIRECT,301 · 1 hop
/pt/2011/08/zhong-zhi-a-one-handed-agile-game-for-illustrating-problems-and-finding-solutions/,/2011/08/zhong-zhi-a-one-handed-agile-game-for-illustrating-problems-and-finding-solutions/,vertaald:artikel,REDIRECT,301 · 1 hop
/pt/2011/08/zhong-zhi-a-one-handed-agile-game-for-illustrating-problems-and-finding-solutions/feed/,/2011/08/zhong-zhi-a-one-handed-agile-game-for-illustrating-problems-and-finding-solutions/,vertaald:feed,REDIRECT,301 · 1 hop
/pt/2011/10/continuous-integration-with-lego/,/2011/10/continuous-integration-with-lego/,vertaald:artikel,REDIRECT,301 · 1 hop
/pt/2011/10/continuous-integration-with-lego/comment-page-1/,/2011/10/continuous-integration-with-lego/,vertaald:reactiepagina,REDIRECT,301 · 1 hop
/pt/2011/10/continuous-integration-with-lego/feed/,/2011/10/continuous-integration-with-lego/,vertaald:feed,REDIRECT,301 · 1 hop
/pt/2011/10/continuous-integration-with-lego/finished-cube-real-1/,/2011/10/continuous-integration-with-lego/,vertaald:attachment,REDIRECT,301 · 1 hop
/pt/2011/10/continuous-integration-with-lego/finished-cube-real-1/feed/,/2011/10/continuous-integration-with-lego/,vertaald:feed,REDIRECT,301 · 1 hop
/pt/2011/10/continuous-integration-with-lego/finished-cube-real-2/,/2011/10/continuous-integration-with-lego/,vertaald:attachment,REDIRECT,301 · 1 hop
/pt/2011/10/continuous-integration-with-lego/finished-cube-real-2/feed/,/2011/10/continuous-integration-with-lego/,vertaald:feed,REDIRECT,301 · 1 hop
/pt/2011/10/continuous-integration-with-lego/finished-cube-real-3/,/2011/10/continuous-integration-with-lego/,vertaald:attachment,REDIRECT,301 · 1 hop
/pt/2011/10/continuous-integration-with-lego/finished-cube-real-3/feed/,/2011/10/continuous-integration-with-lego/,vertaald:feed,REDIRECT,301 · 1 hop
/pt/2011/10/continuous-integration-with-lego/finished-cube-real-4/,/2011/10/continuous-integration-with-lego/,vertaald:attachment,REDIRECT,301 · 1 hop
/pt/2011/10/continuous-integration-with-lego/finished-cube-real-4/feed/,/2011/10/continuous-integration-with-lego/,vertaald:feed,REDIRECT,301 · 1 hop
/pt/2011/10/mitch-lacey-team-prioritization/,/2011/10/mitch-lacey-team-prioritization/,vertaald:artikel,REDIRECT,301 · 1 hop
/pt/2011/10/mitch-lacey-team-prioritization/feed/,/2011/10/mitch-lacey-team-prioritization/,vertaald:feed,REDIRECT,301 · 1 hop
/pt/2011/10/pairing-for-non-programmers/,/2011/10/pairing-for-non-programmers/,vertaald:artikel,REDIRECT,301 · 1 hop
/pt/2011/10/pairing-for-non-programmers/comment-page-1/,/2011/10/pairing-for-non-programmers/,vertaald:reactiepagina,REDIRECT,301 · 1 hop
/pt/2011/10/pairing-for-non-programmers/feed/,/2011/10/pairing-for-non-programmers/,vertaald:feed,REDIRECT,301 · 1 hop
/pt/2011/11/human-knot/,/2011/11/human-knot/,vertaald:artikel,REDIRECT,301 · 1 hop
/pt/2011/11/human-knot/feed/,/2011/11/human-knot/,vertaald:feed,REDIRECT,301 · 1 hop
/pt/2011/12/circles-of-influence/,/2011/12/circles-of-influence/,vertaald:artikel,REDIRECT,301 · 1 hop
/pt/2011/12/circles-of-influence/feed/,/2011/12/circles-of-influence/,vertaald:feed,REDIRECT,301 · 1 hop
/pt/2011/12/values-driven-retrospective-game/,/2011/12/values-driven-retrospective-game/,vertaald:artikel,REDIRECT,301 · 1 hop
/pt/2011/12/values-driven-retrospective-game/feed/,/2011/12/values-driven-retrospective-game/,vertaald:feed,REDIRECT,301 · 1 hop
/pt/2012/01/agile-games-2012-call-for-games/,/2012/01/agile-games-2012-call-for-games/,vertaald:artikel,REDIRECT,301 · 1 hop
/pt/2012/01/agile-games-2012-call-for-games/feed/,/2012/01/agile-games-2012-call-for-games/,vertaald:feed,REDIRECT,301 · 1 hop
/pt/2012/02/is-it-ragu-or-bolognese/,/2012/02/is-it-ragu-or-bolognese/,vertaald:artikel,REDIRECT,301 · 1 hop
/pt/2012/02/is-it-ragu-or-bolognese/feed/,/2012/02/is-it-ragu-or-bolognese/,vertaald:feed,REDIRECT,301 · 1 hop
/pt/2012/02/multitasking-game-handsnumberssong/,/2012/02/multitasking-game-handsnumberssong/,vertaald:artikel,REDIRECT,301 · 1 hop
/pt/2012/02/multitasking-game-handsnumberssong/feed/,/2012/02/multitasking-game-handsnumberssong/,vertaald:feed,REDIRECT,301 · 1 hop
/pt/2012/02/nobodys-perfct/,/2012/02/nobodys-perfct/,vertaald:artikel,REDIRECT,301 · 1 hop
/pt/2012/02/nobodys-perfct/feed/,/2012/02/nobodys-perfct/,vertaald:feed,REDIRECT,301 · 1 hop
/pt/2012/02/you-sunk-my-methodology/,/2012/02/you-sunk-my-methodology/,vertaald:artikel,REDIRECT,301 · 1 hop
/pt/2012/02/you-sunk-my-methodology/feed/,/2012/02/you-sunk-my-methodology/,vertaald:feed,REDIRECT,301 · 1 hop
/pt/2012/03/fearless-journey-the-game-that-gets-your-team-unstuck/,/2012/03/fearless-journey-the-game-that-gets-your-team-unstuck/,vertaald:artikel,REDIRECT,301 · 1 hop
/pt/2012/03/fearless-journey-the-game-that-gets-your-team-unstuck/feed/,/2012/03/fearless-journey-the-game-that-gets-your-team-unstuck/,vertaald:feed,REDIRECT,301 · 1 hop
/pt/2012/03/job-or-joy/,/2012/03/job-or-joy/,vertaald:artikel,REDIRECT,301 · 1 hop
/pt/2012/03/job-or-joy/feed/,/2012/03/job-or-joy/,vertaald:feed,REDIRECT,301 · 1 hop
/pt/2012/03/one-word-storytelling/,/2012/03/one-word-storytelling/,vertaald:artikel,REDIRECT,301 · 1 hop
/pt/2012/03/one-word-storytelling/feed/,/2012/03/one-word-storytelling/,vertaald:feed,REDIRECT,301 · 1 hop
/pt/2012/03/ouija-board-estimation/,/2012/03/ouija-board-estimation/,vertaald:artikel,REDIRECT,301 · 1 hop
/pt/2012/03/ouija-board-estimation/comment-page-1/,/2012/03/ouija-board-estimation/,vertaald:reactiepagina,REDIRECT,301 · 1 hop
/pt/2012/03/ouija-board-estimation/feed/,/2012/03/ouija-board-estimation/,vertaald:feed,REDIRECT,301 · 1 hop
/pt/2012/04/scrum-simulation-with-lego-bricks/,/2012/04/scrum-simulation-with-lego-bricks/,vertaald:artikel,REDIRECT,301 · 1 hop
/pt/2012/04/scrum-simulation-with-lego-bricks/feed/,/2012/04/scrum-simulation-with-lego-bricks/,vertaald:feed,REDIRECT,301 · 1 hop
/pt/2012/04/tasty-estimation/,/2012/04/tasty-estimation/,vertaald:artikel,REDIRECT,301 · 1 hop
/pt/2012/04/tasty-estimation/feed/,/2012/04/tasty-estimation/,vertaald:feed,REDIRECT,301 · 1 hop
/pt/2012/05/lean-startup-snowflakes/,/2012/05/lean-startup-snowflakes/,vertaald:artikel,REDIRECT,301 · 1 hop
/pt/2012/05/lean-startup-snowflakes/comment-page-1/,/2012/05/lean-startup-snowflakes/,vertaald:reactiepagina,REDIRECT,301 · 1 hop
/pt/2012/05/lean-startup-snowflakes/feed/,/2012/05/lean-startup-snowflakes/,vertaald:feed,REDIRECT,301 · 1 hop
/pt/2012/05/ultimate-battle/,,vertaald:artikel,GONE,vertaalde fallback zonder EN-origineel
/pt/2012/05/ultimate-battle/feed/,,vertaald:feed,GONE,attachmentpagina zonder bestaande post
/pt/2012/06/2-brains-tell-it-sell-it/,/2012/06/2-brains-tell-it-sell-it/,vertaald:artikel,REDIRECT,301 · 1 hop
/pt/2012/06/2-brains-tell-it-sell-it/feed/,/2012/06/2-brains-tell-it-sell-it/,vertaald:feed,REDIRECT,301 · 1 hop
/pt/2012/07/challenger-selling-model/,/2012/07/challenger-selling-model/,vertaald:artikel,REDIRECT,301 · 1 hop
/pt/2012/07/challenger-selling-model/feed/,/2012/07/challenger-selling-model/,vertaald:feed,REDIRECT,301 · 1 hop
/pt/2012/07/gone-fishing-game/,/2012/07/gone-fishing-game/,vertaald:artikel,REDIRECT,301 · 1 hop
/pt/2012/07/gone-fishing-game/feed/,/2012/07/gone-fishing-game/,vertaald:feed,REDIRECT,301 · 1 hop
/pt/2012/07/innovation-ambition-matrix/,/2012/07/innovation-ambition-matrix/,vertaald:artikel,REDIRECT,301 · 1 hop
/pt/2012/07/innovation-ambition-matrix/feed/,/2012/07/innovation-ambition-matrix/,vertaald:feed,REDIRECT,301 · 1 hop
/pt/2012/08/customer-centric/,/2012/08/customer-centric/,vertaald:artikel,REDIRECT,301 · 1 hop
/pt/2012/08/customer-centric/feed/,/2012/08/customer-centric/,vertaald:feed,REDIRECT,301 · 1 hop
/pt/2012/08/die-card-die-the-interruption-game/,/2012/08/die-card-die-the-interruption-game/,vertaald:artikel,REDIRECT,301 · 1 hop
/pt/2012/08/die-card-die-the-interruption-game/comment-page-1/,/2012/08/die-card-die-the-interruption-game/,vertaald:reactiepagina,REDIRECT,301 · 1 hop
/pt/2012/08/die-card-die-the-interruption-game/die_card_die-2/,/2012/08/die-card-die-the-interruption-game/,vertaald:attachment,REDIRECT,301 · 1 hop
/pt/2012/08/die-card-die-the-interruption-game/die_card_die-2/feed/,/2012/08/die-card-die-the-interruption-game/,vertaald:feed,REDIRECT,301 · 1 hop
/pt/2012/08/die-card-die-the-interruption-game/feed/,/2012/08/die-card-die-the-interruption-game/,vertaald:feed,REDIRECT,301 · 1 hop
/pt/2012/08/innovation-generator/,/2012/08/innovation-generator/,vertaald:artikel,REDIRECT,301 · 1 hop
/pt/2012/08/innovation-generator/feed/,/2012/08/innovation-generator/,vertaald:feed,REDIRECT,301 · 1 hop
/pt/2012/08/kanban-tetris/,/2012/08/kanban-tetris/,vertaald:artikel,REDIRECT,301 · 1 hop
/pt/2012/08/kanban-tetris/feed/,/2012/08/kanban-tetris/,vertaald:feed,REDIRECT,301 · 1 hop
/pt/2012/08/safe-bold-framework/,/2012/08/safe-bold-framework/,vertaald:artikel,REDIRECT,301 · 1 hop
/pt/2012/08/safe-bold-framework/feed/,/2012/08/safe-bold-framework/,vertaald:feed,REDIRECT,301 · 1 hop
/pt/2012/08/wellbeing-north-star/,/2012/08/wellbeing-north-star/,vertaald:artikel,REDIRECT,301 · 1 hop
/pt/2012/08/wellbeing-north-star/feed/,/2012/08/wellbeing-north-star/,vertaald:feed,REDIRECT,301 · 1 hop
/pt/2012/09/the-domino-effect/,/2012/09/the-domino-effect/,vertaald:artikel,REDIRECT,301 · 1 hop
/pt/2012/09/the-domino-effect/feed/,/2012/09/the-domino-effect/,vertaald:feed,REDIRECT,301 · 1 hop
/pt/2012/09/the-project-managers-nightmare/,/2012/09/the-project-managers-nightmare/,vertaald:artikel,REDIRECT,301 · 1 hop
/pt/2012/09/the-project-managers-nightmare/feed/,/2012/09/the-project-managers-nightmare/,vertaald:feed,REDIRECT,301 · 1 hop
/pt/2012/09/we-want-a-city-scrum-simulation-with-lego-extension/,/2012/09/we-want-a-city-scrum-simulation-with-lego-extension/,vertaald:artikel,REDIRECT,301 · 1 hop
/pt/2012/09/we-want-a-city-scrum-simulation-with-lego-extension/feed/,/2012/09/we-want-a-city-scrum-simulation-with-lego-extension/,vertaald:feed,REDIRECT,301 · 1 hop
/pt/2012/10/balloon-animals/,/2012/10/balloon-animals/,vertaald:artikel,REDIRECT,301 · 1 hop
/pt/2012/10/balloon-animals/feed/,/2012/10/balloon-animals/,vertaald:feed,REDIRECT,301 · 1 hop
/pt/2012/10/celebrity-prioritisation/,/2012/10/celebrity-prioritisation/,vertaald:artikel,REDIRECT,301 · 1 hop
/pt/2012/10/celebrity-prioritisation/comment-page-1/,/2012/10/celebrity-prioritisation/,vertaald:reactiepagina,REDIRECT,301 · 1 hop
/pt/2012/10/celebrity-prioritisation/feed/,/2012/10/celebrity-prioritisation/,vertaald:feed,REDIRECT,301 · 1 hop
/pt/2012/10/destroy/,/2012/10/destroy/,vertaald:artikel,REDIRECT,301 · 1 hop
/pt/2012/10/destroy/feed/,/2012/10/destroy/,vertaald:feed,REDIRECT,301 · 1 hop
/pt/2012/10/first-letter-last-letter/,/2012/10/first-letter-last-letter/,vertaald:artikel,REDIRECT,301 · 1 hop
/pt/2012/10/first-letter-last-letter/feed/,/2012/10/first-letter-last-letter/,vertaald:feed,REDIRECT,301 · 1 hop
/pt/2012/10/free-market-prioritisation/,/2012/10/free-market-prioritisation/,vertaald:artikel,REDIRECT,301 · 1 hop
/pt/2012/10/free-market-prioritisation/feed/,/2012/10/free-market-prioritisation/,vertaald:feed,REDIRECT,301 · 1 hop
/pt/2012/10/intuitions/,/2012/10/intuitions/,vertaald:artikel,REDIRECT,301 · 1 hop
/pt/2012/10/intuitions/feed/,/2012/10/intuitions/,vertaald:feed,REDIRECT,301 · 1 hop
/pt/2012/10/movements-of-a-hypnotic-nature/,/2012/10/movements-of-a-hypnotic-nature/,vertaald:artikel,REDIRECT,301 · 1 hop
/pt/2012/10/movements-of-a-hypnotic-nature/feed/,/2012/10/movements-of-a-hypnotic-nature/,vertaald:feed,REDIRECT,301 · 1 hop
/pt/2012/10/musical-bells/,/2012/10/musical-bells/,vertaald:artikel,REDIRECT,301 · 1 hop
/pt/2012/10/musical-bells/feed/,/2012/10/musical-bells/,vertaald:feed,REDIRECT,301 · 1 hop
/pt/2012/10/once-upon-a-time-in-legoland/,/2012/10/once-upon-a-time-in-legoland/,vertaald:artikel,REDIRECT,301 · 1 hop
/pt/2012/10/once-upon-a-time-in-legoland/feed/,/2012/10/once-upon-a-time-in-legoland/,vertaald:feed,REDIRECT,301 · 1 hop
/pt/2012/10/story-spines/,/2012/10/story-spines/,vertaald:artikel,REDIRECT,301 · 1 hop
/pt/2012/10/story-spines/feed/,/2012/10/story-spines/,vertaald:feed,REDIRECT,301 · 1 hop
/pt/2012/10/swedish-stories/,/2012/10/swedish-stories/,vertaald:artikel,REDIRECT,301 · 1 hop
/pt/2012/10/swedish-stories/feed/,/2012/10/swedish-stories/,vertaald:feed,REDIRECT,301 · 1 hop
/pt/2012/10/the-blame-game/,/2012/10/the-blame-game/,vertaald:artikel,REDIRECT,301 · 1 hop
/pt/2012/10/the-blame-game/feed/,/2012/10/the-blame-game/,vertaald:feed,REDIRECT,301 · 1 hop
/pt/2012/10/the-sprint-limerick/,/2012/10/the-sprint-limerick/,vertaald:artikel,REDIRECT,301 · 1 hop
/pt/2012/10/the-sprint-limerick/feed/,/2012/10/the-sprint-limerick/,vertaald:feed,REDIRECT,301 · 1 hop
/pt/2012/10/the-sprint-mural/,/2012/10/the-sprint-mural/,vertaald:artikel,REDIRECT,301 · 1 hop
/pt/2012/10/the-sprint-mural/feed/,/2012/10/the-sprint-mural/,vertaald:feed,REDIRECT,301 · 1 hop
/pt/2012/10/thirty-five/,/2012/10/thirty-five/,vertaald:artikel,REDIRECT,301 · 1 hop
/pt/2012/10/thirty-five/comment-page-1/,/2012/10/thirty-five/,vertaald:reactiepagina,REDIRECT,301 · 1 hop
/pt/2012/10/thirty-five/feed/,/2012/10/thirty-five/,vertaald:feed,REDIRECT,301 · 1 hop
/pt/2012/10/top-traits/,/2012/10/top-traits/,vertaald:artikel,REDIRECT,301 · 1 hop
/pt/2012/10/top-traits/feed/,/2012/10/top-traits/,vertaald:feed,REDIRECT,301 · 1 hop
/pt/2012/10/upside-downside/,/2012/10/upside-downside/,vertaald:artikel,REDIRECT,301 · 1 hop
/pt/2012/10/upside-downside/feed/,/2012/10/upside-downside/,vertaald:feed,REDIRECT,301 · 1 hop
/pt/2012/10/video-reframing/,/2012/10/video-reframing/,vertaald:artikel,REDIRECT,301 · 1 hop
/pt/2012/10/video-reframing/feed/,/2012/10/video-reframing/,vertaald:feed,REDIRECT,301 · 1 hop
/pt/2012/11/delight/,/2012/11/delight/,vertaald:artikel,REDIRECT,301 · 1 hop
/pt/2012/11/delight/feed/,/2012/11/delight/,vertaald:feed,REDIRECT,301 · 1 hop
/pt/2012/11/gift-box/,/2012/11/gift-box/,vertaald:artikel,REDIRECT,301 · 1 hop
/pt/2012/11/gift-box/feed/,/2012/11/gift-box/,vertaald:feed,REDIRECT,301 · 1 hop
/pt/2012/11/questions-only/,/2012/11/questions-only/,vertaald:artikel,REDIRECT,301 · 1 hop
/pt/2012/11/questions-only/comment-page-1/,/2012/11/questions-only/,vertaald:reactiepagina,REDIRECT,301 · 1 hop
/pt/2012/11/questions-only/feed/,/2012/11/questions-only/,vertaald:feed,REDIRECT,301 · 1 hop
/pt/2012/11/tdd-test-driven-drawing/,/2012/11/tdd-test-driven-drawing/,vertaald:artikel,REDIRECT,301 · 1 hop
/pt/2012/11/tdd-test-driven-drawing/2012-11-06-10-23-07/,/2012/11/tdd-test-driven-drawing/,vertaald:attachment,REDIRECT,301 · 1 hop
/pt/2012/11/tdd-test-driven-drawing/2012-11-06-10-23-07/feed/,/2012/11/tdd-test-driven-drawing/,vertaald:feed,REDIRECT,301 · 1 hop
/pt/2012/11/tdd-test-driven-drawing/2012-11-06-10-23-14/,/2012/11/tdd-test-driven-drawing/,vertaald:attachment,REDIRECT,301 · 1 hop
/pt/2012/11/tdd-test-driven-drawing/2012-11-06-10-23-14/feed/,/2012/11/tdd-test-driven-drawing/,vertaald:feed,REDIRECT,301 · 1 hop
/pt/2012/11/tdd-test-driven-drawing/2012-11-06-10-40-29/,/2012/11/tdd-test-driven-drawing/,vertaald:attachment,REDIRECT,301 · 1 hop
/pt/2012/11/tdd-test-driven-drawing/2012-11-06-10-40-29/feed/,/2012/11/tdd-test-driven-drawing/,vertaald:feed,REDIRECT,301 · 1 hop
/pt/2012/11/tdd-test-driven-drawing/feed/,/2012/11/tdd-test-driven-drawing/,vertaald:feed,REDIRECT,301 · 1 hop
/pt/2012/11/tdd-test-driven-drawing/screen-shot-2012-11-07-at-22-01-41/,/2012/11/tdd-test-driven-drawing/,vertaald:attachment,REDIRECT,301 · 1 hop
/pt/2012/11/tdd-test-driven-drawing/screen-shot-2012-11-07-at-22-01-41/feed/,/2012/11/tdd-test-driven-drawing/,vertaald:feed,REDIRECT,301 · 1 hop
/pt/2012/11/three-headed-expert/,/2012/11/three-headed-expert/,vertaald:artikel,REDIRECT,301 · 1 hop
/pt/2012/11/three-headed-expert/comment-page-1/,/2012/11/three-headed-expert/,vertaald:reactiepagina,REDIRECT,301 · 1 hop
/pt/2012/11/three-headed-expert/feed/,/2012/11/three-headed-expert/,vertaald:feed,REDIRECT,301 · 1 hop
/pt/2012/11/werewolf-facilitation/,/2012/11/werewolf-facilitation/,vertaald:artikel,REDIRECT,301 · 1 hop
/pt/2012/11/werewolf-facilitation/feed/,/2012/11/werewolf-facilitation/,vertaald:feed,REDIRECT,301 · 1 hop
/pt/2012/12/take-the-win-win-wave/,/2012/12/take-the-win-win-wave/,vertaald:artikel,REDIRECT,301 · 1 hop
/pt/2012/12/take-the-win-win-wave/feed/,/2012/12/take-the-win-win-wave/,vertaald:feed,REDIRECT,301 · 1 hop
/pt/2013/02/52-card-pickup/,/2013/02/52-card-pickup/,vertaald:artikel,REDIRECT,301 · 1 hop
/pt/2013/02/52-card-pickup/feed/,/2013/02/52-card-pickup/,vertaald:feed,REDIRECT,301 · 1 hop
/pt/2013/02/copycats-2/,/2013/02/copycats-2/,vertaald:artikel,REDIRECT,301 · 1 hop
/pt/2013/02/copycats-2/feed/,/2013/02/copycats-2/,vertaald:feed,REDIRECT,301 · 1 hop
/pt/2013/02/the-herculean-doughnut/,/2013/02/the-herculean-doughnut/,vertaald:artikel,REDIRECT,301 · 1 hop
/pt/2013/02/the-herculean-doughnut/comment-page-1/,/2013/02/the-herculean-doughnut/,vertaald:reactiepagina,REDIRECT,301 · 1 hop
/pt/2013/02/the-herculean-doughnut/feed/,/2013/02/the-herculean-doughnut/,vertaald:feed,REDIRECT,301 · 1 hop
/pt/2013/03/8-monkeys-in-a-cage-–-a-mura-learning-game/,/2013/03/8-monkeys-in-a-cage-–-a-mura-learning-game/,vertaald:artikel,REDIRECT,301 · 1 hop
/pt/2013/03/8-monkeys-in-a-cage-–-a-mura-learning-game/feed/,/2013/03/8-monkeys-in-a-cage-–-a-mura-learning-game/,vertaald:feed,REDIRECT,301 · 1 hop
/pt/2013/03/play-doh-zoo-agile-ux-unleashed/,/2013/03/play-doh-zoo-agile-ux-unleashed/,vertaald:artikel,REDIRECT,301 · 1 hop
/pt/2013/03/play-doh-zoo-agile-ux-unleashed/feed/,/2013/03/play-doh-zoo-agile-ux-unleashed/,vertaald:feed,REDIRECT,301 · 1 hop
/pt/2013/03/the-high-risk-airplane-factory/,/2013/03/the-high-risk-airplane-factory/,vertaald:artikel,REDIRECT,301 · 1 hop
/pt/2013/03/the-high-risk-airplane-factory/feed/,/2013/03/the-high-risk-airplane-factory/,vertaald:feed,REDIRECT,301 · 1 hop
/pt/2013/04/communication-race/,/2013/04/communication-race/,vertaald:artikel,REDIRECT,301 · 1 hop
/pt/2013/04/communication-race/feed/,/2013/04/communication-race/,vertaald:feed,REDIRECT,301 · 1 hop
/pt/2013/04/e-w-a-n-mcgregor/,/2013/04/e-w-a-n-mcgregor/,vertaald:artikel,REDIRECT,301 · 1 hop
/pt/2013/04/e-w-a-n-mcgregor/feed/,/2013/04/e-w-a-n-mcgregor/,vertaald:feed,REDIRECT,301 · 1 hop
/pt/2013/04/the-risk-is-in-the-blocks/,/2013/04/the-risk-is-in-the-blocks/,vertaald:artikel,REDIRECT,301 · 1 hop
/pt/2013/04/the-risk-is-in-the-blocks/comment-page-1/,/2013/04/the-risk-is-in-the-blocks/,vertaald:reactiepagina,REDIRECT,301 · 1 hop
/pt/2013/04/the-risk-is-in-the-blocks/feed/,/2013/04/the-risk-is-in-the-blocks/,vertaald:feed,REDIRECT,301 · 1 hop
/pt/2013/05/the-penny-game/,/2013/05/the-penny-game/,vertaald:artikel,REDIRECT,301 · 1 hop
/pt/2013/05/the-penny-game/comment-page-1/,/2013/05/the-penny-game/,vertaald:reactiepagina,REDIRECT,301 · 1 hop
/pt/2013/05/the-penny-game/feed/,/2013/05/the-penny-game/,vertaald:feed,REDIRECT,301 · 1 hop
/pt/2013/07/francais-99-ballons-de-test/,/2013/07/francais-99-ballons-de-test/,vertaald:artikel,REDIRECT,301 · 1 hop
/pt/2013/07/francais-99-ballons-de-test/feed/,/2013/07/francais-99-ballons-de-test/,vertaald:feed,REDIRECT,301 · 1 hop
/pt/2013/07/moodgraph/,/2013/07/moodgraph/,vertaald:artikel,REDIRECT,301 · 1 hop
/pt/2013/07/moodgraph/feed/,/2013/07/moodgraph/,vertaald:feed,REDIRECT,301 · 1 hop
/pt/2013/08/software-kanban-games/,/2013/08/software-kanban-games/,vertaald:artikel,REDIRECT,301 · 1 hop
/pt/2013/08/software-kanban-games/event-cards/,/2013/08/software-kanban-games/,vertaald:attachment,REDIRECT,301 · 1 hop
/pt/2013/08/software-kanban-games/event-cards/feed/,/2013/08/software-kanban-games/,vertaald:feed,REDIRECT,301 · 1 hop
/pt/2013/08/software-kanban-games/expedite-story-cards/,/2013/08/software-kanban-games/,vertaald:attachment,REDIRECT,301 · 1 hop
/pt/2013/08/software-kanban-games/expedite-story-cards/feed/,/2013/08/software-kanban-games/,vertaald:feed,REDIRECT,301 · 1 hop
/pt/2013/08/software-kanban-games/feed/,/2013/08/software-kanban-games/,vertaald:feed,REDIRECT,301 · 1 hop
/pt/2013/08/software-kanban-games/fixed-date-story-cards/,/2013/08/software-kanban-games/,vertaald:attachment,REDIRECT,301 · 1 hop
/pt/2013/08/software-kanban-games/fixed-date-story-cards/feed/,/2013/08/software-kanban-games/,vertaald:feed,REDIRECT,301 · 1 hop
/pt/2013/08/software-kanban-games/standard-story-cards/,/2013/08/software-kanban-games/,vertaald:attachment,REDIRECT,301 · 1 hop
/pt/2013/08/software-kanban-games/standard-story-cards/feed/,/2013/08/software-kanban-games/,vertaald:feed,REDIRECT,301 · 1 hop
/pt/2013/09/leadership-magic-trick/,/2013/09/leadership-magic-trick/,vertaald:artikel,REDIRECT,301 · 1 hop
/pt/2013/09/leadership-magic-trick/feed/,/2013/09/leadership-magic-trick/,vertaald:feed,REDIRECT,301 · 1 hop
/pt/2013/09/line-up/,/2013/09/line-up/,vertaald:artikel,REDIRECT,301 · 1 hop
/pt/2013/09/line-up/feed/,/2013/09/line-up/,vertaald:feed,REDIRECT,301 · 1 hop
/pt/2013/09/mind-reading/mind-reader-game-elinor-slomba-with-independent-software-team/,/2013/09/mind-reading/,vertaald:attachment,REDIRECT,301 · 1 hop
/pt/2013/09/mind-reading/mind-reader-game-elinor-slomba-with-independent-software-team/feed/,/2013/09/mind-reading/,vertaald:feed,REDIRECT,301 · 1 hop
/pt/2013/10/a-day-in-the-perfect-company-movie/,/2013/10/a-day-in-the-perfect-company-movie/,vertaald:artikel,REDIRECT,301 · 1 hop
/pt/2013/10/a-day-in-the-perfect-company-movie/feed/,/2013/10/a-day-in-the-perfect-company-movie/,vertaald:feed,REDIRECT,301 · 1 hop
/pt/2013/11/mobile-introspection-aka-opening-your-curatorial-eye/,/2013/11/mobile-introspection-aka-opening-your-curatorial-eye/,vertaald:artikel,REDIRECT,301 · 1 hop
/pt/2013/11/mobile-introspection-aka-opening-your-curatorial-eye/feed/,/2013/11/mobile-introspection-aka-opening-your-curatorial-eye/,vertaald:feed,REDIRECT,301 · 1 hop
/pt/2013/11/three-projects-three-experiments/,/2013/11/three-projects-three-experiments/,vertaald:artikel,REDIRECT,301 · 1 hop
/pt/2013/11/three-projects-three-experiments/feed/,/2013/11/three-projects-three-experiments/,vertaald:feed,REDIRECT,301 · 1 hop
/pt/2013/12/2014-san-jose-budget-games/,/2013/12/2014-san-jose-budget-games/,vertaald:artikel,REDIRECT,301 · 1 hop
/pt/2013/12/2014-san-jose-budget-games/feed/,/2013/12/2014-san-jose-budget-games/,vertaald:feed,REDIRECT,301 · 1 hop
/pt/2013/12/values-advocacy/,/2013/12/values-advocacy/,vertaald:artikel,REDIRECT,301 · 1 hop
/pt/2013/12/values-advocacy/feed/,/2013/12/values-advocacy/,vertaald:feed,REDIRECT,301 · 1 hop
/pt/2014/01/christmas-lucky-dip-game-with-a-twist-energise-your-christmas-party/,/2014/01/christmas-lucky-dip-game-with-a-twist-energise-your-christmas-party/,vertaald:artikel,REDIRECT,301 · 1 hop
/pt/2014/01/christmas-lucky-dip-game-with-a-twist-energise-your-christmas-party/comment-page-1/,/2014/01/christmas-lucky-dip-game-with-a-twist-energise-your-christmas-party/,vertaald:reactiepagina,REDIRECT,301 · 1 hop
/pt/2014/01/christmas-lucky-dip-game-with-a-twist-energise-your-christmas-party/feed/,/2014/01/christmas-lucky-dip-game-with-a-twist-energise-your-christmas-party/,vertaald:feed,REDIRECT,301 · 1 hop
/pt/2014/01/scrum-roles-and-responsibilities-game/,/2014/01/scrum-roles-and-responsibilities-game/,vertaald:artikel,REDIRECT,301 · 1 hop
/pt/2014/01/scrum-roles-and-responsibilities-game/comment-page-1/,/2014/01/scrum-roles-and-responsibilities-game/,vertaald:reactiepagina,REDIRECT,301 · 1 hop
/pt/2014/01/scrum-roles-and-responsibilities-game/feed/,/2014/01/scrum-roles-and-responsibilities-game/,vertaald:feed,REDIRECT,301 · 1 hop
/pt/2014/02/card-in-a-sealed-envelope/,/2014/02/card-in-a-sealed-envelope/,vertaald:artikel,REDIRECT,301 · 1 hop
/pt/2014/02/card-in-a-sealed-envelope/feed/,/2014/02/card-in-a-sealed-envelope/,vertaald:feed,REDIRECT,301 · 1 hop
/pt/2014/02/matching-values/,/2014/02/matching-values/,vertaald:artikel,REDIRECT,301 · 1 hop
/pt/2014/02/matching-values/feed/,/2014/02/matching-values/,vertaald:feed,REDIRECT,301 · 1 hop
/pt/2014/02/means-first-then-states/,/2014/02/means-first-then-states/,vertaald:artikel,REDIRECT,301 · 1 hop
/pt/2014/02/means-first-then-states/feed/,/2014/02/means-first-then-states/,vertaald:feed,REDIRECT,301 · 1 hop
/pt/2014/03/the-sandwich-retrospective/,/2014/03/the-sandwich-retrospective/,vertaald:artikel,REDIRECT,301 · 1 hop
/pt/2014/03/the-sandwich-retrospective/feed/,/2014/03/the-sandwich-retrospective/,vertaald:feed,REDIRECT,301 · 1 hop
/pt/2014/05/ball-flow-game/,/2014/05/ball-flow-game/,vertaald:artikel,REDIRECT,301 · 1 hop
/pt/2014/05/ball-flow-game/feed/,/2014/05/ball-flow-game/,vertaald:feed,REDIRECT,301 · 1 hop
/pt/2014/05/lego-flow-game/,/2014/05/lego-flow-game/,vertaald:artikel,REDIRECT,301 · 1 hop
/pt/2014/05/lego-flow-game/feed/,/2014/05/lego-flow-game/,vertaald:feed,REDIRECT,301 · 1 hop
/pt/2014/05/the-product-owner-role/,/2014/05/the-product-owner-role/,vertaald:artikel,REDIRECT,301 · 1 hop
/pt/2014/05/the-product-owner-role/feed/,/2014/05/the-product-owner-role/,vertaald:feed,REDIRECT,301 · 1 hop
/pt/2014/06/defining-done/,/2014/06/defining-done/,vertaald:artikel,REDIRECT,301 · 1 hop
/pt/2014/06/defining-done/feed/,/2014/06/defining-done/,vertaald:feed,REDIRECT,301 · 1 hop
/pt/2014/06/epic-bedtime-story/,/2014/06/epic-bedtime-story/,vertaald:artikel,REDIRECT,301 · 1 hop
/pt/2014/06/epic-bedtime-story/feed/,/2014/06/epic-bedtime-story/,vertaald:feed,REDIRECT,301 · 1 hop
/pt/2014/06/the-rocket-retrospective/,/2014/06/the-rocket-retrospective/,vertaald:artikel,REDIRECT,301 · 1 hop
/pt/2014/06/the-rocket-retrospective/comment-page-1/,/2014/06/the-rocket-retrospective/,vertaald:reactiepagina,REDIRECT,301 · 1 hop
/pt/2014/06/the-rocket-retrospective/feed/,/2014/06/the-rocket-retrospective/,vertaald:feed,REDIRECT,301 · 1 hop
/pt/2014/07/project-snapper-an-inception-value-realisation-game/,/2014/07/project-snapper-an-inception-value-realisation-game/,vertaald:artikel,REDIRECT,301 · 1 hop
/pt/2014/07/project-snapper-an-inception-value-realisation-game/feed/,/2014/07/project-snapper-an-inception-value-realisation-game/,vertaald:feed,REDIRECT,301 · 1 hop
/pt/2014/07/scrumheads-the-daily-scrum-game/,/2014/07/scrumheads-the-daily-scrum-game/,vertaald:artikel,REDIRECT,301 · 1 hop
/pt/2014/07/scrumheads-the-daily-scrum-game/feed/,/2014/07/scrumheads-the-daily-scrum-game/,vertaald:feed,REDIRECT,301 · 1 hop
/pt/2014/07/sudokuban-a-kanban-in-action-game-in-puzzles/,/2014/07/sudokuban-a-kanban-in-action-game-in-puzzles/,vertaald:artikel,REDIRECT,301 · 1 hop
/pt/2014/07/sudokuban-a-kanban-in-action-game-in-puzzles/feed/,/2014/07/sudokuban-a-kanban-in-action-game-in-puzzles/,vertaald:feed,REDIRECT,301 · 1 hop
/pt/2014/07/the-cultural-radars/,/2014/07/the-cultural-radars/,vertaald:artikel,REDIRECT,301 · 1 hop
/pt/2014/07/the-cultural-radars/feed/,/2014/07/the-cultural-radars/,vertaald:feed,REDIRECT,301 · 1 hop
/pt/2014/08/cynefin-with-the-team-drawer/,/2014/08/cynefin-with-the-team-drawer/,vertaald:artikel,REDIRECT,301 · 1 hop
/pt/2014/08/cynefin-with-the-team-drawer/feed/,/2014/08/cynefin-with-the-team-drawer/,vertaald:feed,REDIRECT,301 · 1 hop
/pt/2014/08/the-newlywed-game/,/2014/08/the-newlywed-game/,vertaald:artikel,REDIRECT,301 · 1 hop
/pt/2014/08/the-newlywed-game/comment-page-1/,/2014/08/the-newlywed-game/,vertaald:reactiepagina,REDIRECT,301 · 1 hop
/pt/2014/08/the-newlywed-game/feed/,/2014/08/the-newlywed-game/,vertaald:feed,REDIRECT,301 · 1 hop
/pt/2014/09/new-kanban-simulation-game-featureban/,/2014/09/new-kanban-simulation-game-featureban/,vertaald:artikel,REDIRECT,301 · 1 hop
/pt/2014/09/new-kanban-simulation-game-featureban/feed/,/2014/09/new-kanban-simulation-game-featureban/,vertaald:feed,REDIRECT,301 · 1 hop
/pt/2014/09/the-estimation-quest/,/2014/09/the-estimation-quest/,vertaald:artikel,REDIRECT,301 · 1 hop
/pt/2014/09/the-estimation-quest/feed/,/2014/09/the-estimation-quest/,vertaald:feed,REDIRECT,301 · 1 hop
/pt/2014/10/fellowship-of-the-goal-gamify-the-cardwall/,/2014/10/fellowship-of-the-goal-gamify-the-cardwall/,vertaald:artikel,REDIRECT,301 · 1 hop
/pt/2014/10/fellowship-of-the-goal-gamify-the-cardwall/feed/,/2014/10/fellowship-of-the-goal-gamify-the-cardwall/,vertaald:feed,REDIRECT,301 · 1 hop
/pt/2014/10/team-responsibility-game/,/2014/10/team-responsibility-game/,vertaald:artikel,REDIRECT,301 · 1 hop
/pt/2014/10/team-responsibility-game/comment-page-1/,/2014/10/team-responsibility-game/,vertaald:reactiepagina,REDIRECT,301 · 1 hop
/pt/2014/10/team-responsibility-game/feed/,/2014/10/team-responsibility-game/,vertaald:feed,REDIRECT,301 · 1 hop
/pt/2014/10/the-planning-quest/,/2014/10/the-planning-quest/,vertaald:artikel,REDIRECT,301 · 1 hop
/pt/2014/10/the-planning-quest/feed/,/2014/10/the-planning-quest/,vertaald:feed,REDIRECT,301 · 1 hop
/pt/2014/11/the-zmey-planning/,/2014/11/the-zmey-planning/,vertaald:artikel,REDIRECT,301 · 1 hop
/pt/2014/11/the-zmey-planning/feed/,/2014/11/the-zmey-planning/,vertaald:feed,REDIRECT,301 · 1 hop
/pt/2014/11/user-stories-vs-requirements/,/2014/11/user-stories-vs-requirements/,vertaald:artikel,REDIRECT,301 · 1 hop
/pt/2014/11/user-stories-vs-requirements/comment-page-1/,/2014/11/user-stories-vs-requirements/,vertaald:reactiepagina,REDIRECT,301 · 1 hop
/pt/2014/11/user-stories-vs-requirements/feed/,/2014/11/user-stories-vs-requirements/,vertaald:feed,REDIRECT,301 · 1 hop
/pt/2014/12/team-trust-canvas/,/2014/12/team-trust-canvas/,vertaald:artikel,REDIRECT,301 · 1 hop
/pt/2014/12/team-trust-canvas/feed/,/2014/12/team-trust-canvas/,vertaald:feed,REDIRECT,301 · 1 hop
/pt/2014/12/team-trust-canvas/team-trust-canvas-eng/,/2014/12/team-trust-canvas/,vertaald:attachment,REDIRECT,301 · 1 hop
/pt/2014/12/team-trust-canvas/team-trust-canvas-eng/feed/,/2014/12/team-trust-canvas/,vertaald:feed,REDIRECT,301 · 1 hop
/pt/2014/12/the-fatware-matrix/,/2014/12/the-fatware-matrix/,vertaald:artikel,REDIRECT,301 · 1 hop
/pt/2014/12/the-fatware-matrix/feed/,/2014/12/the-fatware-matrix/,vertaald:feed,REDIRECT,301 · 1 hop
/pt/2015/01/hold-the-ball-longer-stronger-together/,/2015/01/hold-the-ball-longer-stronger-together/,vertaald:artikel,REDIRECT,301 · 1 hop
/pt/2015/01/hold-the-ball-longer-stronger-together/comment-page-1/,/2015/01/hold-the-ball-longer-stronger-together/,vertaald:reactiepagina,REDIRECT,301 · 1 hop
/pt/2015/01/hold-the-ball-longer-stronger-together/feed/,/2015/01/hold-the-ball-longer-stronger-together/,vertaald:feed,REDIRECT,301 · 1 hop
/pt/2015/01/hold-the-ball-longer-stronger-together/image-for-3-2-section/,/2015/01/hold-the-ball-longer-stronger-together/,vertaald:attachment,REDIRECT,301 · 1 hop
/pt/2015/01/hold-the-ball-longer-stronger-together/image-for-3-2-section/feed/,/2015/01/hold-the-ball-longer-stronger-together/,vertaald:feed,REDIRECT,301 · 1 hop
/pt/2015/01/hold-the-ball-longer-stronger-together/image-for-5-2-section/,/2015/01/hold-the-ball-longer-stronger-together/,vertaald:attachment,REDIRECT,301 · 1 hop
/pt/2015/01/hold-the-ball-longer-stronger-together/image-for-5-2-section/feed/,/2015/01/hold-the-ball-longer-stronger-together/,vertaald:feed,REDIRECT,301 · 1 hop
/pt/2015/01/hold-the-ball-longer-stronger-together/image-for-6-3-section/,/2015/01/hold-the-ball-longer-stronger-together/,vertaald:attachment,REDIRECT,301 · 1 hop
/pt/2015/01/hold-the-ball-longer-stronger-together/image-for-6-3-section/feed/,/2015/01/hold-the-ball-longer-stronger-together/,vertaald:feed,REDIRECT,301 · 1 hop
/pt/2015/01/product-owner-challenge/,/2015/01/product-owner-challenge/,vertaald:artikel,REDIRECT,301 · 1 hop
/pt/2015/01/product-owner-challenge/feed/,/2015/01/product-owner-challenge/,vertaald:feed,REDIRECT,301 · 1 hop
/pt/2015/01/story-cube-time-line/,/2015/01/story-cube-time-line/,vertaald:artikel,REDIRECT,301 · 1 hop
/pt/2015/01/story-cube-time-line/feed/,/2015/01/story-cube-time-line/,vertaald:feed,REDIRECT,301 · 1 hop
/pt/2015/01/the-battle-of-the-retrospectives/,/2015/01/the-battle-of-the-retrospectives/,vertaald:artikel,REDIRECT,301 · 1 hop
/pt/2015/01/the-battle-of-the-retrospectives/feed/,/2015/01/the-battle-of-the-retrospectives/,vertaald:feed,REDIRECT,301 · 1 hop
/pt/2015/02/face-facts/,/2015/02/face-facts/,vertaald:artikel,REDIRECT,301 · 1 hop
/pt/2015/02/face-facts/feed/,/2015/02/face-facts/,vertaald:feed,REDIRECT,301 · 1 hop
/pt/2015/02/scrumble-an-agile-board-game/,/2015/02/scrumble-an-agile-board-game/,vertaald:artikel,REDIRECT,301 · 1 hop
/pt/2015/02/the-workplace-equations/,/2015/02/the-workplace-equations/,vertaald:artikel,REDIRECT,301 · 1 hop
/pt/2015/02/the-workplace-equations/feed/,/2015/02/the-workplace-equations/,vertaald:feed,REDIRECT,301 · 1 hop
/pt/2015/02/video-scrum/,/2015/02/video-scrum/,vertaald:artikel,REDIRECT,301 · 1 hop
/pt/2015/02/video-scrum/comment-page-1/,/2015/02/video-scrum/,vertaald:reactiepagina,REDIRECT,301 · 1 hop
/pt/2015/02/video-scrum/feed/,/2015/02/video-scrum/,vertaald:feed,REDIRECT,301 · 1 hop
/pt/2015/03/a-day-at-the-movies/,/2015/03/a-day-at-the-movies/,vertaald:artikel,REDIRECT,301 · 1 hop
/pt/2015/03/a-day-at-the-movies/feed/,/2015/03/a-day-at-the-movies/,vertaald:feed,REDIRECT,301 · 1 hop
/pt/2015/03/the-teamwork-oscars/,/2015/03/the-teamwork-oscars/,vertaald:artikel,REDIRECT,301 · 1 hop
/pt/2015/03/the-teamwork-oscars/feed/,/2015/03/the-teamwork-oscars/,vertaald:feed,REDIRECT,301 · 1 hop
/pt/2015/04/mytoy-agile-product-development-game/,/2015/04/mytoy-agile-product-development-game/,vertaald:artikel,REDIRECT,301 · 1 hop
/pt/2015/04/mytoy-agile-product-development-game/feed/,/2015/04/mytoy-agile-product-development-game/,vertaald:feed,REDIRECT,301 · 1 hop
/pt/2015/04/play4agile-north-america-sept-11-13-2015/,/2015/04/play4agile-north-america-sept-11-13-2015/,vertaald:artikel,REDIRECT,301 · 1 hop
/pt/2015/04/play4agile-north-america-sept-11-13-2015/feed/,/2015/04/play4agile-north-america-sept-11-13-2015/,vertaald:feed,REDIRECT,301 · 1 hop
/pt/2015/05/4729/,/2015/05/4729/,vertaald:artikel,REDIRECT,301 · 1 hop
/pt/2015/05/4729/feed/,/2015/05/4729/,vertaald:feed,REDIRECT,301 · 1 hop
/pt/2015/05/4729/telestrations-2/,/2015/05/4729/,vertaald:attachment,REDIRECT,301 · 1 hop
/pt/2015/05/4729/telestrations-2/feed/,/2015/05/4729/,vertaald:feed,REDIRECT,301 · 1 hop
/pt/2015/05/agile-clock/,/2015/05/agile-clock/,vertaald:artikel,REDIRECT,301 · 1 hop
/pt/2015/05/agile-clock/comment-page-1/,/2015/05/agile-clock/,vertaald:reactiepagina,REDIRECT,301 · 1 hop
/pt/2015/05/agile-clock/feed/,/2015/05/agile-clock/,vertaald:feed,REDIRECT,301 · 1 hop
/pt/2015/05/weekend-escape/,/2015/05/weekend-escape/,vertaald:artikel,REDIRECT,301 · 1 hop
/pt/2015/05/weekend-escape/feed/,/2015/05/weekend-escape/,vertaald:feed,REDIRECT,301 · 1 hop
/pt/2015/07/agile-scrum-framework-at-glance/,/2015/07/agile-scrum-framework-at-glance/,vertaald:artikel,REDIRECT,301 · 1 hop
/pt/2015/07/agile-scrum-framework-at-glance/feed/,/2015/07/agile-scrum-framework-at-glance/,vertaald:feed,REDIRECT,301 · 1 hop
/pt/2015/07/more-meaningful-stories/,/2015/07/more-meaningful-stories/,vertaald:artikel,REDIRECT,301 · 1 hop
/pt/2015/07/more-meaningful-stories/comment-page-1/,/2015/07/more-meaningful-stories/,vertaald:reactiepagina,REDIRECT,301 · 1 hop
/pt/2015/07/more-meaningful-stories/feed/,/2015/07/more-meaningful-stories/,vertaald:feed,REDIRECT,301 · 1 hop
/pt/2015/07/penny-flow/,/2015/07/penny-flow/,vertaald:artikel,REDIRECT,301 · 1 hop
/pt/2015/07/penny-flow/comment-page-1/,/2015/07/penny-flow/,vertaald:reactiepagina,REDIRECT,301 · 1 hop
/pt/2015/07/penny-flow/feed/,/2015/07/penny-flow/,vertaald:feed,REDIRECT,301 · 1 hop
/pt/2015/08/kanban-pizza-game/,/2015/08/kanban-pizza-game/,vertaald:artikel,REDIRECT,301 · 1 hop
/pt/2015/08/kanban-pizza-game/feed/,/2015/08/kanban-pizza-game/,vertaald:feed,REDIRECT,301 · 1 hop
/pt/2015/08/one-word-retrospective-game/,/2015/08/one-word-retrospective-game/,vertaald:artikel,REDIRECT,301 · 1 hop
/pt/2015/08/one-word-retrospective-game/comment-page-1/,/2015/08/one-word-retrospective-game/,vertaald:reactiepagina,REDIRECT,301 · 1 hop
/pt/2015/08/one-word-retrospective-game/feed/,/2015/08/one-word-retrospective-game/,vertaald:feed,REDIRECT,301 · 1 hop
/pt/2015/08/retrospective-darts/,/2015/08/retrospective-darts/,vertaald:artikel,REDIRECT,301 · 1 hop
/pt/2015/08/retrospective-darts/feed/,/2015/08/retrospective-darts/,vertaald:feed,REDIRECT,301 · 1 hop
/pt/2015/08/the-bicycle-game/,/2015/08/the-bicycle-game/,vertaald:artikel,REDIRECT,301 · 1 hop
/pt/2015/08/the-bicycle-game/feed/,/2015/08/the-bicycle-game/,vertaald:feed,REDIRECT,301 · 1 hop
/pt/2015/09/scrumgauntlet/,/2015/09/scrumgauntlet/,vertaald:artikel,REDIRECT,301 · 1 hop
/pt/2015/09/scrumgauntlet/gauntletreqs/,/2015/09/scrumgauntlet/,vertaald:attachment,REDIRECT,301 · 1 hop
/pt/2015/09/scrumgauntlet/gauntletreqs/feed/,/2015/09/scrumgauntlet/,vertaald:feed,REDIRECT,301 · 1 hop
/pt/2015/09/scrumgauntlet/positioning-2/,/2015/09/scrumgauntlet/,vertaald:attachment,REDIRECT,301 · 1 hop
/pt/2015/09/scrumgauntlet/positioning-2/feed/,/2015/09/scrumgauntlet/,vertaald:feed,REDIRECT,301 · 1 hop
/pt/2015/09/scrumgauntlet/todototest/,/2015/09/scrumgauntlet/,vertaald:attachment,REDIRECT,301 · 1 hop
/pt/2015/09/scrumgauntlet/todototest/feed/,/2015/09/scrumgauntlet/,vertaald:feed,REDIRECT,301 · 1 hop
/pt/2015/09/spreadsheet-craftsmanship/,/2015/09/spreadsheet-craftsmanship/,vertaald:artikel,REDIRECT,301 · 1 hop
/pt/2015/09/spreadsheet-craftsmanship/feed/,/2015/09/spreadsheet-craftsmanship/,vertaald:feed,REDIRECT,301 · 1 hop
/pt/2015/10/4-ls/,/2015/10/4-ls/,vertaald:artikel,REDIRECT,301 · 1 hop
/pt/2015/10/4-ls/4ls/,/2015/10/4-ls/,vertaald:attachment,REDIRECT,301 · 1 hop
/pt/2015/10/jargonbust/,/2015/10/jargonbust/,vertaald:artikel,REDIRECT,301 · 1 hop
/pt/2015/10/jargonbust/feed/,/2015/10/jargonbust/,vertaald:feed,REDIRECT,301 · 1 hop
/pt/2015/11/silent-collaboration/,/2015/11/silent-collaboration/,vertaald:artikel,REDIRECT,301 · 1 hop
/pt/2015/11/silent-collaboration/feed/,/2015/11/silent-collaboration/,vertaald:feed,REDIRECT,301 · 1 hop
/pt/2015/12/this-sprint-future-o-spective-with-santa-claus/,/2015/12/this-sprint-future-o-spective-with-santa-claus/,vertaald:artikel,REDIRECT,301 · 1 hop
/pt/2015/12/this-sprint-future-o-spective-with-santa-claus/feed/,/2015/12/this-sprint-future-o-spective-with-santa-claus/,vertaald:feed,REDIRECT,301 · 1 hop
/pt/2015/12/this-sprint-future-o-spective-with-santa-claus/wp_20151216_003/,/2015/12/this-sprint-future-o-spective-with-santa-claus/,vertaald:attachment,REDIRECT,301 · 1 hop
/pt/2016/01/daily-stand-up-simulation/,/2016/01/daily-stand-up-simulation/,vertaald:artikel,REDIRECT,301 · 1 hop
/pt/2016/01/daily-stand-up-simulation/comment-page-1/,/2016/01/daily-stand-up-simulation/,vertaald:reactiepagina,REDIRECT,301 · 1 hop
/pt/2016/01/daily-stand-up-simulation/feed/,/2016/01/daily-stand-up-simulation/,vertaald:feed,REDIRECT,301 · 1 hop
/pt/2016/01/hitting-the-target-business-value-in-mission-focused-organizations/,/2016/01/hitting-the-target-business-value-in-mission-focused-organizations/,vertaald:artikel,REDIRECT,301 · 1 hop
/pt/2016/01/hitting-the-target-business-value-in-mission-focused-organizations/feed/,/2016/01/hitting-the-target-business-value-in-mission-focused-organizations/,vertaald:feed,REDIRECT,301 · 1 hop
/pt/2016/01/the-job-title-game/,/2016/01/the-job-title-game/,vertaald:artikel,REDIRECT,301 · 1 hop
/pt/2016/01/the-job-title-game/feed/,/2016/01/the-job-title-game/,vertaald:feed,REDIRECT,301 · 1 hop
/pt/2016/02/iterative-incremental-big-bang-2/,/2016/02/iterative-incremental-big-bang-2/,vertaald:artikel,REDIRECT,301 · 1 hop
/pt/2016/02/iterative-incremental-big-bang-2/comment-page-1/,/2016/02/iterative-incremental-big-bang-2/,vertaald:reactiepagina,REDIRECT,301 · 1 hop
/pt/2016/02/iterative-incremental-big-bang-2/feed/,/2016/02/iterative-incremental-big-bang-2/,vertaald:feed,REDIRECT,301 · 1 hop
/pt/2016/02/the-misemotions-game/,/2016/02/the-misemotions-game/,vertaald:artikel,REDIRECT,301 · 1 hop
/pt/2016/02/the-misemotions-game/feed/,/2016/02/the-misemotions-game/,vertaald:feed,REDIRECT,301 · 1 hop
/pt/2016/02/the-roast/,/2016/02/the-roast/,vertaald:artikel,REDIRECT,301 · 1 hop
/pt/2016/02/the-roast/feed/,/2016/02/the-roast/,vertaald:feed,REDIRECT,301 · 1 hop
/pt/2016/02/try-or-die-the-x-periment/,/2016/02/try-or-die-the-x-periment/,vertaald:artikel,REDIRECT,301 · 1 hop
/pt/2016/02/try-or-die-the-x-periment/comment-page-1/,/2016/02/try-or-die-the-x-periment/,vertaald:reactiepagina,REDIRECT,301 · 1 hop
/pt/2016/02/try-or-die-the-x-periment/feed/,/2016/02/try-or-die-the-x-periment/,vertaald:feed,REDIRECT,301 · 1 hop
/pt/2016/03/agile-jenga-testing-game/,/2016/03/agile-jenga-testing-game/,vertaald:artikel,REDIRECT,301 · 1 hop
/pt/2016/03/agile-jenga-testing-game/feed/,/2016/03/agile-jenga-testing-game/,vertaald:feed,REDIRECT,301 · 1 hop
/pt/2016/04/play4agile-north-america-2016-sept-9-11/,/2016/04/play4agile-north-america-2016-sept-9-11/,vertaald:artikel,REDIRECT,301 · 1 hop
/pt/2016/04/play4agile-north-america-2016-sept-9-11/feed/,/2016/04/play4agile-north-america-2016-sept-9-11/,vertaald:feed,REDIRECT,301 · 1 hop
/pt/2016/05/5668/,/2016/05/5668/,vertaald:artikel,REDIRECT,301 · 1 hop
/pt/2016/05/5668/comment-page-1/,/2016/05/5668/,vertaald:reactiepagina,REDIRECT,301 · 1 hop
/pt/2016/05/5668/feed/,/2016/05/5668/,vertaald:feed,REDIRECT,301 · 1 hop
/pt/2016/05/n-listen/,/2016/05/n-listen/,vertaald:artikel,REDIRECT,301 · 1 hop
/pt/2016/05/n-listen/feed/,/2016/05/n-listen/,vertaald:feed,REDIRECT,301 · 1 hop
/pt/2016/05/personal-space-workshop/,/2016/05/personal-space-workshop/,vertaald:artikel,REDIRECT,301 · 1 hop
/pt/2016/05/personal-space-workshop/feed/,/2016/05/personal-space-workshop/,vertaald:feed,REDIRECT,301 · 1 hop
/pt/2016/05/throw-the-cat-and-other-objects/,/2016/05/throw-the-cat-and-other-objects/,vertaald:artikel,REDIRECT,301 · 1 hop
/pt/2016/05/throw-the-cat-and-other-objects/feed/,/2016/05/throw-the-cat-and-other-objects/,vertaald:feed,REDIRECT,301 · 1 hop
/pt/2016/06/first-things-first/,/2016/06/first-things-first/,vertaald:artikel,REDIRECT,301 · 1 hop
/pt/2016/06/first-things-first/feed/,/2016/06/first-things-first/,vertaald:feed,REDIRECT,301 · 1 hop
/pt/2016/06/judgement-juggler/,/2016/06/judgement-juggler/,vertaald:artikel,REDIRECT,301 · 1 hop
/pt/2016/06/judgement-juggler/comment-page-1/,/2016/06/judgement-juggler/,vertaald:reactiepagina,REDIRECT,301 · 1 hop
/pt/2016/06/judgement-juggler/feed/,/2016/06/judgement-juggler/,vertaald:feed,REDIRECT,301 · 1 hop
/pt/2016/06/paint-the-story-point/,/2016/06/paint-the-story-point/,vertaald:artikel,REDIRECT,301 · 1 hop
/pt/2016/06/paint-the-story-point/comment-page-1/,/2016/06/paint-the-story-point/,vertaald:reactiepagina,REDIRECT,301 · 1 hop
/pt/2016/06/paint-the-story-point/feed/,/2016/06/paint-the-story-point/,vertaald:feed,REDIRECT,301 · 1 hop
/pt/2016/06/scrum-card-game/,/2016/06/scrum-card-game/,vertaald:artikel,REDIRECT,301 · 1 hop
/pt/2016/06/scrum-values-roles-card-game/,/2016/06/scrum-values-roles-card-game/,vertaald:artikel,REDIRECT,301 · 1 hop
/pt/2016/06/scrum-values-roles-card-game/cardset/,/2016/06/scrum-values-roles-card-game/,vertaald:attachment,REDIRECT,301 · 1 hop
/pt/2016/06/scrum-values-roles-card-game/comment-page-1/,/2016/06/scrum-values-roles-card-game/,vertaald:reactiepagina,REDIRECT,301 · 1 hop
/pt/2016/06/scrum-values-roles-card-game/feed/,/2016/06/scrum-values-roles-card-game/,vertaald:feed,REDIRECT,301 · 1 hop
/pt/2016/06/the-agile-mindset-workshop/,/2016/06/the-agile-mindset-workshop/,vertaald:artikel,REDIRECT,301 · 1 hop
/pt/2016/06/the-agile-mindset-workshop/feed/,/2016/06/the-agile-mindset-workshop/,vertaald:feed,REDIRECT,301 · 1 hop
/pt/2016/07/nexus-zoo-a-scaling-simulator/,/2016/07/nexus-zoo-a-scaling-simulator/,vertaald:artikel,REDIRECT,301 · 1 hop
/pt/2016/07/nexus-zoo-a-scaling-simulator/feed/,/2016/07/nexus-zoo-a-scaling-simulator/,vertaald:feed,REDIRECT,301 · 1 hop
/pt/2016/07/nexus-zoo-a-scaling-simulator/nexuszoo/,/2016/07/nexus-zoo-a-scaling-simulator/,vertaald:attachment,REDIRECT,301 · 1 hop
/pt/2016/07/scrum-simulation-with-minecraft/,/2016/07/scrum-simulation-with-minecraft/,vertaald:artikel,REDIRECT,301 · 1 hop
/pt/2016/08/pitfalls-possibilities/,/2016/08/pitfalls-possibilities/,vertaald:artikel,REDIRECT,301 · 1 hop
/pt/2016/08/pitfalls-possibilities/feed/,/2016/08/pitfalls-possibilities/,vertaald:feed,REDIRECT,301 · 1 hop
/pt/2016/08/story-cubes-retrospective/,/2016/08/story-cubes-retrospective/,vertaald:artikel,REDIRECT,301 · 1 hop
/pt/2016/09/to-plan-or-not-to-plan/,/2016/09/to-plan-or-not-to-plan/,vertaald:artikel,REDIRECT,301 · 1 hop
/pt/2016/09/to-plan-or-not-to-plan/comment-page-1/,/2016/09/to-plan-or-not-to-plan/,vertaald:reactiepagina,REDIRECT,301 · 1 hop
/pt/2016/09/to-plan-or-not-to-plan/feed/,/2016/09/to-plan-or-not-to-plan/,vertaald:feed,REDIRECT,301 · 1 hop
/pt/2016/10/the-coffee-game/,/2016/10/the-coffee-game/,vertaald:artikel,REDIRECT,301 · 1 hop
/pt/2016/10/the-coffee-game/feed/,/2016/10/the-coffee-game/,vertaald:feed,REDIRECT,301 · 1 hop
/pt/2016/12/lego-team-building/,/2016/12/lego-team-building/,vertaald:artikel,REDIRECT,301 · 1 hop
/pt/2017/01/francais-jeu-des-roles-et-des-responsabilites-de-scrum/,/2017/01/francais-jeu-des-roles-et-des-responsabilites-de-scrum/,vertaald:artikel,REDIRECT,301 · 1 hop
/pt/2017/01/logo-maze-why-we-test-first/,/2017/01/logo-maze-why-we-test-first/,vertaald:artikel,REDIRECT,301 · 1 hop
/pt/2017/01/logo-maze-why-we-test-first/feed/,/2017/01/logo-maze-why-we-test-first/,vertaald:feed,REDIRECT,301 · 1 hop
/pt/2017/02/cards-against-agility/,/2017/02/cards-against-agility/,vertaald:artikel,REDIRECT,301 · 1 hop
/pt/2017/02/cards-against-agility/comment-page-1/,/2017/02/cards-against-agility/,vertaald:reactiepagina,REDIRECT,301 · 1 hop
/pt/2017/02/cards-against-agility/feed/,/2017/02/cards-against-agility/,vertaald:feed,REDIRECT,301 · 1 hop
/pt/2017/02/failure-memory-game/,/2017/02/failure-memory-game/,vertaald:artikel,REDIRECT,301 · 1 hop
/pt/2017/02/failure-memory-game/cc-sa4-0-2/,/2017/02/failure-memory-game/,vertaald:attachment,REDIRECT,301 · 1 hop
/pt/2017/02/failure-memory-game/cc-sa4-0-2/feed/,/2017/02/failure-memory-game/,vertaald:feed,REDIRECT,301 · 1 hop
/pt/2017/02/failure-memory-game/feed/,/2017/02/failure-memory-game/,vertaald:feed,REDIRECT,301 · 1 hop
/pt/2017/02/simplicity-in-lego-technical-practices/,/2017/02/simplicity-in-lego-technical-practices/,vertaald:artikel,REDIRECT,301 · 1 hop
/pt/2017/02/simplicity-in-lego-technical-practices/feed/,/2017/02/simplicity-in-lego-technical-practices/,vertaald:feed,REDIRECT,301 · 1 hop
/pt/2017/03/x-matrix-jigsaw-puzzle/,/2017/03/x-matrix-jigsaw-puzzle/,vertaald:artikel,REDIRECT,301 · 1 hop
/pt/2017/03/x-matrix-jigsaw-puzzle/feed/,/2017/03/x-matrix-jigsaw-puzzle/,vertaald:feed,REDIRECT,301 · 1 hop
/pt/2017/04/company-profile/,/2017/04/company-profile/,vertaald:artikel,REDIRECT,301 · 1 hop
/pt/2017/04/company-profile/feed/,/2017/04/company-profile/,vertaald:feed,REDIRECT,301 · 1 hop
/pt/2017/04/the-lean-star-game/,/2017/04/the-lean-star-game/,vertaald:artikel,REDIRECT,301 · 1 hop
/pt/2017/04/the-lean-star-game/comment-page-1/,/2017/04/the-lean-star-game/,vertaald:reactiepagina,REDIRECT,301 · 1 hop
/pt/2017/05/gameception-–-the-team-game-that-creates-itself/,/2017/05/gameception-–-the-team-game-that-creates-itself/,vertaald:artikel,REDIRECT,301 · 1 hop
/pt/2017/05/gameception-–-the-team-game-that-creates-itself/comment-page-1/,/2017/05/gameception-–-the-team-game-that-creates-itself/,vertaald:reactiepagina,REDIRECT,301 · 1 hop
/pt/2017/05/gameception-–-the-team-game-that-creates-itself/feed/,/2017/05/gameception-–-the-team-game-that-creates-itself/,vertaald:feed,REDIRECT,301 · 1 hop
/pt/2017/05/may-the-4th-force-be-with-you-retrospective/,/2017/05/may-the-4th-force-be-with-you-retrospective/,vertaald:artikel,REDIRECT,301 · 1 hop
/pt/2017/05/may-the-4th-force-be-with-you-retrospective/feed/,/2017/05/may-the-4th-force-be-with-you-retrospective/,vertaald:feed,REDIRECT,301 · 1 hop
/pt/2017/05/scrum-events-cycle/,/2017/05/scrum-events-cycle/,vertaald:artikel,REDIRECT,301 · 1 hop
/pt/2017/05/scrum-events-cycle/feed/,/2017/05/scrum-events-cycle/,vertaald:feed,REDIRECT,301 · 1 hop
/pt/2017/06/lets-take-a-journey-retrospective/,/2017/06/lets-take-a-journey-retrospective/,vertaald:artikel,REDIRECT,301 · 1 hop
/pt/2017/06/the-kanban-silly-tasks-game/,/2017/06/the-kanban-silly-tasks-game/,vertaald:artikel,REDIRECT,301 · 1 hop
/pt/2017/06/the-league-of-extraordinarily-shortsighted-agile-superleaders-retrospective/,/2017/06/the-league-of-extraordinarily-shortsighted-agile-superleaders-retrospective/,vertaald:artikel,REDIRECT,301 · 1 hop
/pt/2017/07/decoration-kanban/,/2017/07/decoration-kanban/,vertaald:artikel,REDIRECT,301 · 1 hop
/pt/2017/07/time-tree-fertilizer-retro/,/2017/07/time-tree-fertilizer-retro/,vertaald:artikel,REDIRECT,301 · 1 hop
/pt/2017/07/time-tree-fertilizer-retro/comment-page-1/,/2017/07/time-tree-fertilizer-retro/,vertaald:reactiepagina,REDIRECT,301 · 1 hop
/pt/2017/09/cardunit-a-unit-testing-simulation/,/2017/09/cardunit-a-unit-testing-simulation/,vertaald:artikel,REDIRECT,301 · 1 hop
/pt/2017/09/positive-change-canvas/,/2017/09/positive-change-canvas/,vertaald:artikel,REDIRECT,301 · 1 hop
/pt/2017/09/positive-change-canvas/feed/,/2017/09/positive-change-canvas/,vertaald:feed,REDIRECT,301 · 1 hop
/pt/2017/09/the-large-scale-scrum-less-dynamics-game/,/2017/09/the-large-scale-scrum-less-dynamics-game/,vertaald:artikel,REDIRECT,301 · 1 hop
/pt/2017/10/deep-dive-into-kanban-essentials-using-donut-making/,/2017/10/deep-dive-into-kanban-essentials-using-donut-making/,vertaald:artikel,REDIRECT,301 · 1 hop
/pt/2017/10/sinking-islands/,/2017/10/sinking-islands/,vertaald:artikel,REDIRECT,301 · 1 hop
/pt/2017/10/the-core-beliefs-of-waterfall-agile-and-lean/,/2017/10/the-core-beliefs-of-waterfall-agile-and-lean/,vertaald:artikel,REDIRECT,301 · 1 hop
/pt/2017/10/the-core-beliefs-of-waterfall-agile-and-lean/comment-page-1/,/2017/10/the-core-beliefs-of-waterfall-agile-and-lean/,vertaald:reactiepagina,REDIRECT,301 · 1 hop
/pt/2017/10/the-core-beliefs-of-waterfall-agile-and-lean/feed/,/2017/10/the-core-beliefs-of-waterfall-agile-and-lean/,vertaald:feed,REDIRECT,301 · 1 hop
/pt/2017/12/core-scrum-game/,/2017/12/core-scrum-game/,vertaald:artikel,REDIRECT,301 · 1 hop
/pt/2018/01/the-fast-and-the-furious-and-other-fs-retrospective-activity/,/2018/01/the-fast-and-the-furious-and-other-fs-retrospective-activity/,vertaald:artikel,REDIRECT,301 · 1 hop
/pt/2018/02/kitchen-prioritization/,/2018/02/kitchen-prioritization/,vertaald:artikel,REDIRECT,301 · 1 hop
/pt/2018/02/kitchen-prioritization/comment-page-1/,/2018/02/kitchen-prioritization/,vertaald:reactiepagina,REDIRECT,301 · 1 hop
/pt/2018/03/dice-of-debt/,/2018/03/dice-of-debt/,vertaald:artikel,REDIRECT,301 · 1 hop
/pt/2018/04/pass-the-perfection/,/2018/04/pass-the-perfection/,vertaald:artikel,REDIRECT,301 · 1 hop
/pt/2018/05/sprint-simulation-scrum-practice-game/,/2018/05/sprint-simulation-scrum-practice-game/,vertaald:artikel,REDIRECT,301 · 1 hop
/pt/2018/06/sequence-an-agile-integration-game/,/2018/06/sequence-an-agile-integration-game/,vertaald:artikel,REDIRECT,301 · 1 hop
/pt/2018/06/sequence-an-agile-integration-game/feed/,/2018/06/sequence-an-agile-integration-game/,vertaald:feed,REDIRECT,301 · 1 hop
/pt/2018/07/a-non-it-scrum-simulation-game-learn-scrum-and-self-organizing-through-a-game/,/2018/07/a-non-it-scrum-simulation-game-learn-scrum-and-self-organizing-through-a-game/,vertaald:artikel,REDIRECT,301 · 1 hop
/pt/2018/07/check-your-mindset/,/2018/07/check-your-mindset/,vertaald:artikel,REDIRECT,301 · 1 hop
/pt/2018/07/the-feedback-game/,/2018/07/the-feedback-game/,vertaald:artikel,REDIRECT,301 · 1 hop
/pt/2018/07/the-feedback-game/feed/,/2018/07/the-feedback-game/,vertaald:feed,REDIRECT,301 · 1 hop
/pt/2018/08/the-matchup-canvas/,/2018/08/the-matchup-canvas/,vertaald:artikel,REDIRECT,301 · 1 hop
/pt/2018/08/the-spark-engine/,/2018/08/the-spark-engine/,vertaald:artikel,REDIRECT,301 · 1 hop
/pt/2018/08/the-spark-engine/comment-page-1/,/2018/08/the-spark-engine/,vertaald:reactiepagina,REDIRECT,301 · 1 hop
/pt/2018/09/heart-of-agile-psychic-handshake/,/2018/09/heart-of-agile-psychic-handshake/,vertaald:artikel,REDIRECT,301 · 1 hop
/pt/2018/11/core-less-game/,/2018/11/core-less-game/,vertaald:artikel,REDIRECT,301 · 1 hop
/pt/2018/12/valuable-paper-airplanes/,/2018/12/valuable-paper-airplanes/,vertaald:artikel,REDIRECT,301 · 1 hop
/pt/2019/01/witches-cooking-reunion/,/2019/01/witches-cooking-reunion/,vertaald:artikel,REDIRECT,301 · 1 hop
/pt/about/,/about/,vertaald:pagina,REDIRECT,301 · 1 hop
/pt/about/don-mcgreal/,/about/don-mcgreal/,vertaald:pagina,REDIRECT,301 · 1 hop
/pt/about/don-mcgreal/feed/,/rss.xml,vertaald:feed,REDIRECT,301 · 1 hop
/pt/about/feed/,/rss.xml,vertaald:feed,REDIRECT,301 · 1 hop
/pt/about/get-involved/,/about/get-involved/,vertaald:pagina,REDIRECT,301 · 1 hop
/pt/about/get-involved/feed/,/rss.xml,vertaald:feed,REDIRECT,301 · 1 hop
/pt/about/michael-mccullough/,/about/michael-mccullough/,vertaald:pagina,REDIRECT,301 · 1 hop
/pt/about/michael-mccullough/feed/,/rss.xml,vertaald:feed,REDIRECT,301 · 1 hop
/pt/about/michael-mccullough/michael-mccullough/,/about/michael-mccullough/,vertaald:pagina,REDIRECT,301 · 2 hops
/pt/about/michael-mccullough/michael-mccullough/feed/,/rss.xml,vertaald:feed,REDIRECT,301 · 1 hop
/pt/about/michael-sahota/,/about/michael-sahota/,vertaald:pagina,REDIRECT,301 · 1 hop
/pt/about/michael-sahota/feed/,/rss.xml,vertaald:feed,REDIRECT,301 · 1 hop
/pt/about/translation-project/,/about/translation-project/,vertaald:pagina,REDIRECT,301 · 1 hop
/pt/about/translation-project/feed/,/rss.xml,vertaald:feed,REDIRECT,301 · 1 hop
/pt/agile-games-conference-2011/,/agile-games-conference-2011/,vertaald:pagina,REDIRECT,301 · 1 hop
/pt/agile-games-conference-2011/feed/,/rss.xml,vertaald:feed,REDIRECT,301 · 1 hop
/pt/all-games/,,vertaald:pagina,GONE,pagina ontbreekt in de Engelse export
/pt/all-games/feed/,/rss.xml,vertaald:feed,REDIRECT,301 · 1 hop
/pt/author/aaturuit-com/,/author/uruit-agile-adoption-team/,vertaald:auteur,REDIRECT,301 · 1 hop
/pt/author/abi-bellgmail-com/,/author/abi-bellamkonda/,vertaald:auteur,REDIRECT,301 · 1 hop
/pt/author/about/michael-mccullough/,,vertaald:auteur,GONE,author-nested
/pt/author/admin/,/author/michael-mccullough/,vertaald:auteur,REDIRECT,301 · 1 hop
/pt/author/admin/feed/,/rss.xml,vertaald:feed,REDIRECT,301 · 1 hop
/pt/author/agiledoodgmail-com/,/author/jason-little/,vertaald:auteur,REDIRECT,301 · 1 hop
/pt/author/agiledoodgmail-com/feed/,/rss.xml,vertaald:feed,REDIRECT,301 · 1 hop
/pt/author/agileinitiativesgmail-com/,/author/gretchen-knode/,vertaald:auteur,REDIRECT,301 · 1 hop
/pt/author/agileschoolsgmail-com/,/author/john-miller/,vertaald:auteur,REDIRECT,301 · 1 hop
/pt/author/agileschoolsgmail-com/feed/,/rss.xml,vertaald:feed,REDIRECT,301 · 1 hop
/pt/author/agilityteamduo-nl/,/author/duo-agilityteam/,vertaald:auteur,REDIRECT,301 · 1 hop
/pt/author/agilityteamduo-nl/feed/,/rss.xml,vertaald:feed,REDIRECT,301 · 1 hop
/pt/author/ahilesblueyonder-co-uk/,/author/andy-hiles/,vertaald:auteur,REDIRECT,301 · 1 hop
/pt/author/ahilesblueyonder-co-uk/feed/,/rss.xml,vertaald:feed,REDIRECT,301 · 1 hop
/pt/author/aleem-khan360pmo-com/,/author/aleem-khan/,vertaald:auteur,REDIRECT,301 · 1 hop
/pt/author/alexb/,/author/alex-boutin/,vertaald:auteur,REDIRECT,301 · 1 hop
/pt/author/alexb/feed/,/rss.xml,vertaald:feed,REDIRECT,301 · 1 hop
/pt/author/alexey-pikulevagiletech-ru/,/author/alexey-pikulev/,vertaald:auteur,REDIRECT,301 · 1 hop
/pt/author/alexey-pikulevagiletech-ru/feed/,/rss.xml,vertaald:feed,REDIRECT,301 · 1 hop
/pt/author/alexeykrivitskygmail-com/,/author/alexey-krivitsky/,vertaald:auteur,REDIRECT,301 · 1 hop
/pt/author/alexeykrivitskygmail-com/feed/,/rss.xml,vertaald:feed,REDIRECT,301 · 1 hop
/pt/author/amr-noamangmail-com/,/author/amr-noaman/,vertaald:auteur,REDIRECT,301 · 1 hop
/pt/author/amr-noamangmail-com/feed/,/rss.xml,vertaald:feed,REDIRECT,301 · 1 hop
/pt/author/andrewruslinghotmail-com/,/author/andrew-rusling/,vertaald:auteur,REDIRECT,301 · 1 hop
/pt/author/andrewruslinghotmail-com/feed/,/rss.xml,vertaald:feed,REDIRECT,301 · 1 hop
/pt/author/artsintersticesgmail-com/,/author/elinor-slomba/,vertaald:auteur,REDIRECT,301 · 1 hop
/pt/author/artsintersticesgmail-com/feed/,/rss.xml,vertaald:feed,REDIRECT,301 · 1 hop
/pt/author/b-scharlauabdn-ac-uk/,/author/b-scharlau-abdn-ac-uk/,vertaald:auteur,REDIRECT,301 · 1 hop
/pt/author/bencarey/,/author/ben-carey/,vertaald:auteur,REDIRECT,301 · 1 hop
/pt/author/bencarey/feed/,/rss.xml,vertaald:feed,REDIRECT,301 · 1 hop
/pt/author/brunot-nicolasgmail-com/,/author/nicolas-brunot/,vertaald:auteur,REDIRECT,301 · 1 hop
/pt/author/brunot-nicolasgmail-com/feed/,/rss.xml,vertaald:feed,REDIRECT,301 · 1 hop
/pt/author/carolina-gorositogmail-com/,/author/carolina-gorosito/,vertaald:auteur,REDIRECT,301 · 1 hop
/pt/author/cetidata-pl/,/author/adam-cetnerowski/,vertaald:auteur,REDIRECT,301 · 1 hop
/pt/author/cetidata-pl/feed/,/rss.xml,vertaald:feed,REDIRECT,301 · 1 hop
/pt/author/chrisdeniaud-eu/,/author/chris-deniaud/,vertaald:auteur,REDIRECT,301 · 1 hop
/pt/author/chrisdeniaud-eu/feed/,/rss.xml,vertaald:feed,REDIRECT,301 · 1 hop
/pt/author/craig-browncraigwbrown-net/,,vertaald:auteur,GONE,auteurarchief zonder gemigreerd record
/pt/author/craig-browncraigwbrown-net/feed/,/rss.xml,vertaald:feed,REDIRECT,301 · 1 hop
/pt/author/craigstrongandagile-co-uk/,/author/craig-strong/,vertaald:auteur,REDIRECT,301 · 1 hop
/pt/author/craigstrongandagile-co-uk/feed/,/rss.xml,vertaald:feed,REDIRECT,301 · 1 hop
/pt/author/d-andre-dhondtgmail-com/,/author/andre-dhondt/,vertaald:auteur,REDIRECT,301 · 1 hop
/pt/author/d-andre-dhondtgmail-com/feed/,/rss.xml,vertaald:feed,REDIRECT,301 · 1 hop
/pt/author/david_kanehouseofyin-com/,/author/david-kane/,vertaald:auteur,REDIRECT,301 · 1 hop
/pt/author/davidscrumandkanban-co-uk/,/author/david-lowe/,vertaald:auteur,REDIRECT,301 · 1 hop
/pt/author/davidscrumandkanban-co-uk/feed/,/rss.xml,vertaald:feed,REDIRECT,301 · 1 hop
/pt/author/ddwebgate-ltd-uk/,/author/derek-davidson/,vertaald:auteur,REDIRECT,301 · 1 hop
/pt/author/ddwebgate-ltd-uk/feed/,/rss.xml,vertaald:feed,REDIRECT,301 · 1 hop
/pt/author/debdeborahpreuss-com/,/author/deborah-hartmann-preuss/,vertaald:auteur,REDIRECT,301 · 1 hop
/pt/author/debdeborahpreuss-com/feed/,/rss.xml,vertaald:feed,REDIRECT,301 · 1 hop
/pt/author/deepakjsfwltd-co-uk/,/author/deepak-joshi/,vertaald:auteur,REDIRECT,301 · 1 hop
/pt/author/dennis-somervillegmail-com/,/author/dennis-somerville/,vertaald:auteur,REDIRECT,301 · 1 hop
/pt/author/dkoontz/,/author/david-koontz/,vertaald:auteur,REDIRECT,301 · 1 hop
/pt/author/dkoontz/feed/,/rss.xml,vertaald:feed,REDIRECT,301 · 1 hop
/pt/author/docanotherthought-com/,/author/doc-list/,vertaald:auteur,REDIRECT,301 · 1 hop
/pt/author/docanotherthought-com/feed/,/rss.xml,vertaald:feed,REDIRECT,301 · 1 hop
/pt/author/don/,/author/don-mcgreal/,vertaald:auteur,REDIRECT,301 · 1 hop
/pt/author/don/feed/,/rss.xml,vertaald:feed,REDIRECT,301 · 1 hop
/pt/author/edbruingmail-com/,/author/e-bruin/,vertaald:auteur,REDIRECT,301 · 1 hop
/pt/author/egrove/,/author/ellen-grove/,vertaald:auteur,REDIRECT,301 · 1 hop
/pt/author/egrove/feed/,/rss.xml,vertaald:feed,REDIRECT,301 · 1 hop
/pt/author/eloise-pelsergmail-com/,/author/eloise-pelser/,vertaald:auteur,REDIRECT,301 · 1 hop
/pt/author/eloise-pelsergmail-com/feed/,/rss.xml,vertaald:feed,REDIRECT,301 · 1 hop
/pt/author/erichbuhlerhotmail-com/,/author/erich-buhler/,vertaald:auteur,REDIRECT,301 · 1 hop
/pt/author/erichbuhlerhotmail-com/feed/,/rss.xml,vertaald:feed,REDIRECT,301 · 1 hop
/pt/author/erwinkoogh-com/,/author/erwin-van-der-koogh/,vertaald:auteur,REDIRECT,301 · 1 hop
/pt/author/erwinkoogh-com/feed/,/rss.xml,vertaald:feed,REDIRECT,301 · 1 hop
/pt/author/fabrice-aimettigmail-com/,/author/fabrice-aimetti/,vertaald:auteur,REDIRECT,301 · 1 hop
/pt/author/fabrice-aimettigmail-com/feed/,/rss.xml,vertaald:feed,REDIRECT,301 · 1 hop
/pt/author/fancydevgmail-com/,/author/illya-pavlichenko/,vertaald:auteur,REDIRECT,301 · 1 hop
/pt/author/fancydevgmail-com/feed/,/rss.xml,vertaald:feed,REDIRECT,301 · 1 hop
/pt/author/fredrikwendt-se/,/author/fredrik-wendt/,vertaald:auteur,REDIRECT,301 · 1 hop
/pt/author/fredrikwendt-se/feed/,/rss.xml,vertaald:feed,REDIRECT,301 · 1 hop
/pt/author/geoffwatts/,/author/geoff-watts/,vertaald:auteur,REDIRECT,301 · 1 hop
/pt/author/geoffwatts/feed/,/rss.xml,vertaald:feed,REDIRECT,301 · 1 hop
/pt/author/heitor/,/author/heitor-filho/,vertaald:auteur,REDIRECT,301 · 1 hop
/pt/author/heitor/feed/,/rss.xml,vertaald:feed,REDIRECT,301 · 1 hop
/pt/author/hugo-emondgmail-com/,/author/hugo-emond/,vertaald:auteur,REDIRECT,301 · 1 hop
/pt/author/hugo-emondgmail-com/feed/,/rss.xml,vertaald:feed,REDIRECT,301 · 1 hop
/pt/author/infojesusmendez-ca/,/author/jesus-mendez/,vertaald:auteur,REDIRECT,301 · 1 hop
/pt/author/infojesusmendez-ca/feed/,/rss.xml,vertaald:feed,REDIRECT,301 · 1 hop
/pt/author/jameshurricanefour-com/,/author/james-scrimshire/,vertaald:auteur,REDIRECT,301 · 1 hop
/pt/author/jameshurricanefour-com/feed/,/rss.xml,vertaald:feed,REDIRECT,301 · 1 hop
/pt/author/jason-t-knightgmail-com/,/author/jason-knight/,vertaald:auteur,REDIRECT,301 · 1 hop
/pt/author/jason-t-knightgmail-com/feed/,/rss.xml,vertaald:feed,REDIRECT,301 · 1 hop
/pt/author/javamvgmail-com/,/author/slava-moskalenko/,vertaald:auteur,REDIRECT,301 · 1 hop
/pt/author/jeremy-willetsonbase-com/,/author/jeremy-willets/,vertaald:auteur,REDIRECT,301 · 1 hop
/pt/author/jeremy-willetsonbase-com/feed/,/rss.xml,vertaald:feed,REDIRECT,301 · 1 hop
/pt/author/jonathanbitwix-com/,/author/jonathan-clarke/,vertaald:auteur,REDIRECT,301 · 1 hop
/pt/author/jonathanbitwix-com/feed/,/rss.xml,vertaald:feed,REDIRECT,301 · 1 hop
/pt/author/jonnorthernshoreconsulting-co-uk/,/author/jon-mcnestrie/,vertaald:auteur,REDIRECT,301 · 1 hop
/pt/author/jonnorthernshoreconsulting-co-uk/feed/,/rss.xml,vertaald:feed,REDIRECT,301 · 1 hop
/pt/author/karlscotland/,/author/karl-scotland/,vertaald:auteur,REDIRECT,301 · 1 hop
/pt/author/karlscotland/feed/,/rss.xml,vertaald:feed,REDIRECT,301 · 1 hop
/pt/author/kosciejewgmail-com/,/author/jeff-kosciejew/,vertaald:auteur,REDIRECT,301 · 1 hop
/pt/author/kosciejewgmail-com/feed/,/rss.xml,vertaald:feed,REDIRECT,301 · 1 hop
/pt/author/kruse-ralfgooglemail-com/,/author/ralf-kruse/,vertaald:auteur,REDIRECT,301 · 1 hop
/pt/author/lthomasburrislogistics-com/,/author/lauren-thomas/,vertaald:auteur,REDIRECT,301 · 1 hop
/pt/author/lthomasburrislogistics-com/feed/,/rss.xml,vertaald:feed,REDIRECT,301 · 1 hop
/pt/author/luke-hohmann/,/author/luke-hohmann/,vertaald:auteur,REDIRECT,301 · 1 hop
/pt/author/luke-hohmann/feed/,/rss.xml,vertaald:feed,REDIRECT,301 · 1 hop
/pt/author/marcin-floryangmail-com/,/author/marcin-floryan/,vertaald:auteur,REDIRECT,301 · 1 hop
/pt/author/marcin-floryangmail-com/feed/,/rss.xml,vertaald:feed,REDIRECT,301 · 1 hop
/pt/author/marketinguruitgmail-com/,/author/martin-mari/,vertaald:auteur,REDIRECT,301 · 1 hop
/pt/author/markus-wittwerweb-de/,/author/markus-wittwer/,vertaald:auteur,REDIRECT,301 · 1 hop
/pt/author/markus-wittwerweb-de/feed/,/rss.xml,vertaald:feed,REDIRECT,301 · 1 hop
/pt/author/martenscljgmail-com/,/author/christo-martens/,vertaald:auteur,REDIRECT,301 · 1 hop
/pt/author/martenscljgmail-com/feed/,/rss.xml,vertaald:feed,REDIRECT,301 · 1 hop
/pt/author/matthewrphilipgmail-com/,/author/matt-philip/,vertaald:auteur,REDIRECT,301 · 1 hop
/pt/author/matthewrphilipgmail-com/feed/,/rss.xml,vertaald:feed,REDIRECT,301 · 1 hop
/pt/author/matthias-jouangmail-com/,/author/matthias-jouan/,vertaald:auteur,REDIRECT,301 · 1 hop
/pt/author/matthias-jouangmail-com/feed/,/rss.xml,vertaald:feed,REDIRECT,301 · 1 hop
/pt/author/mbowlergargoylesoftware-com/,/author/mike-bowler/,vertaald:auteur,REDIRECT,301 · 1 hop
/pt/author/mburrows/,/author/mike-burrows/,vertaald:auteur,REDIRECT,301 · 1 hop
/pt/author/mburrows/feed/,/rss.xml,vertaald:feed,REDIRECT,301 · 1 hop
/pt/author/mcjenkinsgmail-com/,/author/marie-claire-dean/,vertaald:auteur,REDIRECT,301 · 1 hop
/pt/author/mcjenkinsgmail-com/feed/,/rss.xml,vertaald:feed,REDIRECT,301 · 1 hop
/pt/author/michael-sahota/,/author/michael-sahota/,vertaald:auteur,REDIRECT,301 · 1 hop
/pt/author/michael-sahota/feed/,/rss.xml,vertaald:feed,REDIRECT,301 · 1 hop
/pt/author/mike-burnsalumni-qut-edu-au/,/author/mike-burns/,vertaald:auteur,REDIRECT,301 · 1 hop
/pt/author/mike-mccullough/,/author/mike-mccullough/,vertaald:auteur,REDIRECT,301 · 1 hop
/pt/author/mike-mccullough/feed/,/rss.xml,vertaald:feed,REDIRECT,301 · 1 hop
/pt/author/mikeleanintuit-com/,/author/mike-leanintuit-com/,vertaald:auteur,REDIRECT,301 · 1 hop
/pt/author/mikeleanintuit-com/feed/,/rss.xml,vertaald:feed,REDIRECT,301 · 1 hop
/pt/author/mozratgmail-com/,/author/simon-morris/,vertaald:auteur,REDIRECT,301 · 1 hop
/pt/author/mozratgmail-com/feed/,/rss.xml,vertaald:feed,REDIRECT,301 · 1 hop
/pt/author/mtbadgleygmail-com/,/author/matt-badgley/,vertaald:auteur,REDIRECT,301 · 1 hop
/pt/author/mtbadgleygmail-com/feed/,/rss.xml,vertaald:feed,REDIRECT,301 · 1 hop
/pt/author/n_zdunicyahoo-com-au/,/author/nick-zdunic/,vertaald:auteur,REDIRECT,301 · 1 hop
/pt/author/n_zdunicyahoo-com-au/feed/,/rss.xml,vertaald:feed,REDIRECT,301 · 1 hop
/pt/author/ntalensgmail-com/,/author/niels-talens/,vertaald:auteur,REDIRECT,301 · 1 hop
/pt/author/ntalensgmail-com/feed/,/rss.xml,vertaald:feed,REDIRECT,301 · 1 hop
/pt/author/ocbermudezgmail-com/,/author/ocbermudez/,vertaald:auteur,REDIRECT,301 · 1 hop
/pt/author/ocbermudezgmail-com/feed/,/rss.xml,vertaald:feed,REDIRECT,301 · 1 hop
/pt/author/olivier-destradefree-fr/,/author/olivier-destrade/,vertaald:auteur,REDIRECT,301 · 1 hop
/pt/author/olivier-destradefree-fr/feed/,/rss.xml,vertaald:feed,REDIRECT,301 · 1 hop
/pt/author/paul-osbornpharmacyonesource-com/,/author/paul-osborn/,vertaald:auteur,REDIRECT,301 · 1 hop
/pt/author/paulagilify-co-uk/,/author/paul-goddard/,vertaald:auteur,REDIRECT,301 · 1 hop
/pt/author/paulagilify-co-uk/feed/,/rss.xml,vertaald:feed,REDIRECT,301 · 1 hop
/pt/author/pib-mtgmx-de/,/author/michael-tarnowski/,vertaald:auteur,REDIRECT,301 · 1 hop
/pt/author/pierreneisgmail-com/,/author/pierre-e-neis/,vertaald:auteur,REDIRECT,301 · 1 hop
/pt/author/pierreneisgmail-com/feed/,/rss.xml,vertaald:feed,REDIRECT,301 · 1 hop
/pt/author/renee-troughtongmail-com/,/author/renee-troughton/,vertaald:auteur,REDIRECT,301 · 1 hop
/pt/author/renee-troughtongmail-com/feed/,/rss.xml,vertaald:feed,REDIRECT,301 · 1 hop
/pt/author/richardkasperowski/,/author/richard-kasperowski/,vertaald:auteur,REDIRECT,301 · 1 hop
/pt/author/robert-batusekgmail-com/,/author/robert-batusek/,vertaald:auteur,REDIRECT,301 · 1 hop
/pt/author/robert-batusekgmail-com/feed/,/rss.xml,vertaald:feed,REDIRECT,301 · 1 hop
/pt/author/romaintrocheriegmail-com/,/author/romain-trocherie/,vertaald:auteur,REDIRECT,301 · 1 hop
/pt/author/romaintrocheriegmail-com/feed/,/rss.xml,vertaald:feed,REDIRECT,301 · 1 hop
/pt/author/sabbaghgmail-com/,/author/rafael-sabbagh/,vertaald:auteur,REDIRECT,301 · 1 hop
/pt/author/sabbaghgmail-com/feed/,/rss.xml,vertaald:feed,REDIRECT,301 · 1 hop
/pt/author/samuelnew-bamboo-co-uk/,/author/sam-whiting/,vertaald:auteur,REDIRECT,301 · 1 hop
/pt/author/samuelnew-bamboo-co-uk/feed/,/rss.xml,vertaald:feed,REDIRECT,301 · 1 hop
/pt/author/seabreezes1iglide-net/,/author/karen-favazza-spencer-2/,vertaald:auteur,REDIRECT,301 · 1 hop
/pt/author/seabreezes1iglide-net/feed/,/rss.xml,vertaald:feed,REDIRECT,301 · 1 hop
/pt/author/seanseantrobinson-co-uk/,/author/sean-robinson/,vertaald:auteur,REDIRECT,301 · 1 hop
/pt/author/seanseantrobinson-co-uk/feed/,/rss.xml,vertaald:feed,REDIRECT,301 · 1 hop
/pt/author/sgh-nijenhuisgmail-com/,/author/stefan-nijenhuis/,vertaald:auteur,REDIRECT,301 · 1 hop
/pt/author/stavrossfmi-uni-sofia-bg/,/author/stavros-stavru/,vertaald:auteur,REDIRECT,301 · 1 hop
/pt/author/stavrossfmi-uni-sofia-bg/feed/,/rss.xml,vertaald:feed,REDIRECT,301 · 1 hop
/pt/author/steverogalsky-ca/,/author/steve-rogalsky/,vertaald:auteur,REDIRECT,301 · 1 hop
/pt/author/steverogalsky-ca/feed/,/rss.xml,vertaald:feed,REDIRECT,301 · 1 hop
/pt/author/stiedlmoccasoft-com/,/author/anja-stiedl/,vertaald:auteur,REDIRECT,301 · 1 hop
/pt/author/stiedlmoccasoft-com/feed/,/rss.xml,vertaald:feed,REDIRECT,301 · 1 hop
/pt/author/sune-lomholtgmail-com/,/author/sune-lomholt/,vertaald:auteur,REDIRECT,301 · 1 hop
/pt/author/sune-lomholtgmail-com/feed/,/rss.xml,vertaald:feed,REDIRECT,301 · 1 hop
/pt/author/tatyanayanush/,/author/tatyana-yanush/,vertaald:auteur,REDIRECT,301 · 1 hop
/pt/author/tatyanayanush/feed/,/rss.xml,vertaald:feed,REDIRECT,301 · 1 hop
/pt/author/tctc-dk/,/author/tc-tc-dk/,vertaald:auteur,REDIRECT,301 · 1 hop
/pt/author/tctc-dk/feed/,/rss.xml,vertaald:feed,REDIRECT,301 · 1 hop
/pt/author/thomy-kayonline-de/,/author/thomy-kay/,vertaald:auteur,REDIRECT,301 · 1 hop
/pt/author/thomy-kayonline-de/feed/,/rss.xml,vertaald:feed,REDIRECT,301 · 1 hop
/pt/author/timyevgrashyn/,/author/tim-yevgrashyn/,vertaald:auteur,REDIRECT,301 · 1 hop
/pt/author/timyevgrashyn/feed/,/rss.xml,vertaald:feed,REDIRECT,301 · 1 hop
/pt/author/toddtoddcharron-com/,/author/todd-charron/,vertaald:auteur,REDIRECT,301 · 1 hop
/pt/author/toddtoddcharron-com/feed/,/rss.xml,vertaald:feed,REDIRECT,301 · 1 hop
/pt/author/vasan-ramtastycupcakesgmail-com-2/,/author/ram-srinivasan/,vertaald:auteur,REDIRECT,301 · 1 hop
/pt/author/vasan-ramtastycupcakesgmail-com-2/feed/,/rss.xml,vertaald:feed,REDIRECT,301 · 1 hop
/pt/author/vkbandaruyahoo-com/,/author/vijay-bandaru-2/,vertaald:auteur,REDIRECT,301 · 1 hop
/pt/author/vkbandaruyahoo-com/feed/,/rss.xml,vertaald:feed,REDIRECT,301 · 1 hop
/pt/author/wasitovayahoo-com/,/author/silvana-wasitova/,vertaald:auteur,REDIRECT,301 · 1 hop
/pt/author/wasitovayahoo-com/feed/,/rss.xml,vertaald:feed,REDIRECT,301 · 1 hop
/pt/author/zvonimir-krizgmail-com/,,vertaald:auteur,GONE,auteurarchief zonder gemigreerd record
/pt/author/zvonimir-krizgmail-com/feed/,/rss.xml,vertaald:feed,REDIRECT,301 · 1 hop
/pt/category/agile/,/category/agile/,vertaald:categorie,REDIRECT,301 · 1 hop
/pt/category/agile/feed/,/rss.xml,vertaald:feed,REDIRECT,301 · 1 hop
/pt/category/agile/page/10/,/category/agile/page/10/,vertaald:categorie-paginering,REDIRECT,301 · 1 hop
/pt/category/agile/page/11/,/category/agile/page/11/,vertaald:categorie-paginering,REDIRECT,301 · 1 hop
/pt/category/agile/page/12/,/category/agile/page/12/,vertaald:categorie-paginering,REDIRECT,301 · 1 hop
/pt/category/agile/page/13/,/category/agile/page/13/,vertaald:categorie-paginering,REDIRECT,301 · 1 hop
/pt/category/agile/page/14/,/category/agile/page/14/,vertaald:categorie-paginering,REDIRECT,301 · 1 hop
/pt/category/agile/page/15/,/category/agile/page/15/,vertaald:categorie-paginering,REDIRECT,301 · 1 hop
/pt/category/agile/page/16/,/category/agile/page/16/,vertaald:categorie-paginering,REDIRECT,301 · 1 hop
/pt/category/agile/page/17/,/category/agile/page/17/,vertaald:categorie-paginering,REDIRECT,301 · 1 hop
/pt/category/agile/page/2/,/category/agile/page/2/,vertaald:categorie-paginering,REDIRECT,301 · 1 hop
/pt/category/agile/page/3/,/category/agile/page/3/,vertaald:categorie-paginering,REDIRECT,301 · 1 hop
/pt/category/agile/page/4/,/category/agile/page/4/,vertaald:categorie-paginering,REDIRECT,301 · 1 hop
/pt/category/agile/page/5/,/category/agile/page/5/,vertaald:categorie-paginering,REDIRECT,301 · 1 hop
/pt/category/agile/page/6/,/category/agile/page/6/,vertaald:categorie-paginering,REDIRECT,301 · 1 hop
/pt/category/agile/page/7/,/category/agile/page/7/,vertaald:categorie-paginering,REDIRECT,301 · 1 hop
/pt/category/agile/page/8/,/category/agile/page/8/,vertaald:categorie-paginering,REDIRECT,301 · 1 hop
/pt/category/agile/page/9/,/category/agile/page/9/,vertaald:categorie-paginering,REDIRECT,301 · 1 hop
/pt/category/communication/,/category/communication/,vertaald:categorie,REDIRECT,301 · 1 hop
/pt/category/communication/feed/,/rss.xml,vertaald:feed,REDIRECT,301 · 1 hop
/pt/category/communication/page/2/,/category/communication/page/2/,vertaald:categorie-paginering,REDIRECT,301 · 1 hop
/pt/category/communication/page/3/,/category/communication/page/3/,vertaald:categorie-paginering,REDIRECT,301 · 1 hop
/pt/category/communication/page/4/,/category/communication/page/4/,vertaald:categorie-paginering,REDIRECT,301 · 1 hop
/pt/category/communication/page/5/,/category/communication/page/5/,vertaald:categorie-paginering,REDIRECT,301 · 1 hop
/pt/category/communication/page/6/,/category/communication/page/6/,vertaald:categorie-paginering,REDIRECT,301 · 1 hop
/pt/category/communication/page/7/,/category/communication/page/7/,vertaald:categorie-paginering,REDIRECT,301 · 1 hop
/pt/category/communication/page/8/,/category/communication/page/8/,vertaald:categorie-paginering,REDIRECT,301 · 1 hop
/pt/category/development/,/category/development/,vertaald:categorie,REDIRECT,301 · 1 hop
/pt/category/development/feed/,/rss.xml,vertaald:feed,REDIRECT,301 · 1 hop
/pt/category/development/page/2/,/category/development/page/2/,vertaald:categorie-paginering,REDIRECT,301 · 1 hop
/pt/category/development/page/3/,/category/development/page/3/,vertaald:categorie-paginering,REDIRECT,301 · 1 hop
/pt/category/development/page/4/,/category/development/page/4/,vertaald:categorie-paginering,REDIRECT,301 · 1 hop
/pt/category/development/page/5/,/category/development/page/5/,vertaald:categorie-paginering,REDIRECT,301 · 1 hop
/pt/category/development/page/6/,/category/development/page/6/,vertaald:categorie-paginering,REDIRECT,301 · 1 hop
/pt/category/games/,/category/games/,vertaald:categorie,REDIRECT,301 · 1 hop
/pt/category/games/feed/,/rss.xml,vertaald:feed,REDIRECT,301 · 1 hop
/pt/category/games/page/10/,/category/games/page/10/,vertaald:categorie-paginering,REDIRECT,301 · 1 hop
/pt/category/games/page/11/,/category/games/page/11/,vertaald:categorie-paginering,REDIRECT,301 · 1 hop
/pt/category/games/page/12/,/category/games/page/12/,vertaald:categorie-paginering,REDIRECT,301 · 1 hop
/pt/category/games/page/13/,/category/games/page/13/,vertaald:categorie-paginering,REDIRECT,301 · 1 hop
/pt/category/games/page/14/,/category/games/page/14/,vertaald:categorie-paginering,REDIRECT,301 · 1 hop
/pt/category/games/page/15/,/category/games/page/15/,vertaald:categorie-paginering,REDIRECT,301 · 1 hop
/pt/category/games/page/16/,/category/games/page/16/,vertaald:categorie-paginering,REDIRECT,301 · 1 hop
/pt/category/games/page/17/,/category/games/page/17/,vertaald:categorie-paginering,REDIRECT,301 · 1 hop
/pt/category/games/page/18/,/category/games/page/18/,vertaald:categorie-paginering,REDIRECT,301 · 1 hop
/pt/category/games/page/19/,/category/games/page/19/,vertaald:categorie-paginering,REDIRECT,301 · 1 hop
/pt/category/games/page/2/,/category/games/page/2/,vertaald:categorie-paginering,REDIRECT,301 · 1 hop
/pt/category/games/page/20/,/category/games/page/20/,vertaald:categorie-paginering,REDIRECT,301 · 1 hop
/pt/category/games/page/21/,/category/games/page/21/,vertaald:categorie-paginering,REDIRECT,301 · 1 hop
/pt/category/games/page/22/,/category/games/page/22/,vertaald:categorie-paginering,REDIRECT,301 · 1 hop
/pt/category/games/page/3/,/category/games/page/3/,vertaald:categorie-paginering,REDIRECT,301 · 1 hop
/pt/category/games/page/4/,/category/games/page/4/,vertaald:categorie-paginering,REDIRECT,301 · 1 hop
/pt/category/games/page/5/,/category/games/page/5/,vertaald:categorie-paginering,REDIRECT,301 · 1 hop
/pt/category/games/page/6/,/category/games/page/6/,vertaald:categorie-paginering,REDIRECT,301 · 1 hop
/pt/category/games/page/7/,/category/games/page/7/,vertaald:categorie-paginering,REDIRECT,301 · 1 hop
/pt/category/games/page/8/,/category/games/page/8/,vertaald:categorie-paginering,REDIRECT,301 · 1 hop
/pt/category/games/page/9/,/category/games/page/9/,vertaald:categorie-paginering,REDIRECT,301 · 1 hop
/pt/category/instructing/,/category/instructing/,vertaald:categorie,REDIRECT,301 · 1 hop
/pt/category/instructing/feed/,/rss.xml,vertaald:feed,REDIRECT,301 · 1 hop
/pt/category/instructing/page/2/,/category/instructing/page/2/,vertaald:categorie-paginering,REDIRECT,301 · 1 hop
/pt/category/lean/,/category/lean/,vertaald:categorie,REDIRECT,301 · 1 hop
/pt/category/lean/feed/,/rss.xml,vertaald:feed,REDIRECT,301 · 1 hop
/pt/category/lean/page/2/,/category/lean/page/2/,vertaald:categorie-paginering,REDIRECT,301 · 1 hop
/pt/category/lean/page/3/,/category/lean/page/3/,vertaald:categorie-paginering,REDIRECT,301 · 1 hop
/pt/category/lean/page/4/,/category/lean/page/4/,vertaald:categorie-paginering,REDIRECT,301 · 1 hop
/pt/category/product/,/category/product/,vertaald:categorie,REDIRECT,301 · 1 hop
/pt/category/product/feed/,/rss.xml,vertaald:feed,REDIRECT,301 · 1 hop
/pt/category/product/page/2/,/category/product/page/2/,vertaald:categorie-paginering,REDIRECT,301 · 1 hop
/pt/category/product/page/3/,/category/product/page/3/,vertaald:categorie-paginering,REDIRECT,301 · 1 hop
/pt/category/product/page/4/,/category/product/page/4/,vertaald:categorie-paginering,REDIRECT,301 · 1 hop
/pt/category/product/page/5/,/category/product/page/5/,vertaald:categorie-paginering,REDIRECT,301 · 1 hop
/pt/category/product/page/6/,/category/product/page/6/,vertaald:categorie-paginering,REDIRECT,301 · 1 hop
/pt/category/project-management/,/category/project-management/,vertaald:categorie,REDIRECT,301 · 1 hop
/pt/category/project-management/feed/,/rss.xml,vertaald:feed,REDIRECT,301 · 1 hop
/pt/category/project-management/page/10/,/category/project-management/page/10/,vertaald:categorie-paginering,REDIRECT,301 · 1 hop
/pt/category/project-management/page/2/,/category/project-management/page/2/,vertaald:categorie-paginering,REDIRECT,301 · 1 hop
/pt/category/project-management/page/3/,/category/project-management/page/3/,vertaald:categorie-paginering,REDIRECT,301 · 1 hop
/pt/category/project-management/page/4/,/category/project-management/page/4/,vertaald:categorie-paginering,REDIRECT,301 · 1 hop
/pt/category/project-management/page/5/,/category/project-management/page/5/,vertaald:categorie-paginering,REDIRECT,301 · 1 hop
/pt/category/project-management/page/6/,/category/project-management/page/6/,vertaald:categorie-paginering,REDIRECT,301 · 1 hop
/pt/category/project-management/page/7/,/category/project-management/page/7/,vertaald:categorie-paginering,REDIRECT,301 · 1 hop
/pt/category/project-management/page/8/,/category/project-management/page/8/,vertaald:categorie-paginering,REDIRECT,301 · 1 hop
/pt/category/project-management/page/9/,/category/project-management/page/9/,vertaald:categorie-paginering,REDIRECT,301 · 1 hop
/pt/category/requirements/,/category/requirements/,vertaald:categorie,REDIRECT,301 · 1 hop
/pt/category/requirements/feed/,/rss.xml,vertaald:feed,REDIRECT,301 · 1 hop
/pt/category/requirements/page/2/,/category/requirements/page/2/,vertaald:categorie-paginering,REDIRECT,301 · 1 hop
/pt/category/requirements/page/3/,/category/requirements/page/3/,vertaald:categorie-paginering,REDIRECT,301 · 1 hop
/pt/category/requirements/page/4/,/category/requirements/page/4/,vertaald:categorie-paginering,REDIRECT,301 · 1 hop
/pt/category/requirements/page/5/,/category/requirements/page/5/,vertaald:categorie-paginering,REDIRECT,301 · 1 hop
/pt/category/team-dynamics/,/category/team-dynamics/,vertaald:categorie,REDIRECT,301 · 1 hop
/pt/category/team-dynamics/feed/,/rss.xml,vertaald:feed,REDIRECT,301 · 1 hop
/pt/category/team-dynamics/page/10/,/category/team-dynamics/page/10/,vertaald:categorie-paginering,REDIRECT,301 · 1 hop
/pt/category/team-dynamics/page/11/,/category/team-dynamics/page/11/,vertaald:categorie-paginering,REDIRECT,301 · 1 hop
/pt/category/team-dynamics/page/2/,/category/team-dynamics/page/2/,vertaald:categorie-paginering,REDIRECT,301 · 1 hop
/pt/category/team-dynamics/page/3/,/category/team-dynamics/page/3/,vertaald:categorie-paginering,REDIRECT,301 · 1 hop
/pt/category/team-dynamics/page/4/,/category/team-dynamics/page/4/,vertaald:categorie-paginering,REDIRECT,301 · 1 hop
/pt/category/team-dynamics/page/5/,/category/team-dynamics/page/5/,vertaald:categorie-paginering,REDIRECT,301 · 1 hop
/pt/category/team-dynamics/page/6/,/category/team-dynamics/page/6/,vertaald:categorie-paginering,REDIRECT,301 · 1 hop
/pt/category/team-dynamics/page/7/,/category/team-dynamics/page/7/,vertaald:categorie-paginering,REDIRECT,301 · 1 hop
/pt/category/team-dynamics/page/8/,/category/team-dynamics/page/8/,vertaald:categorie-paginering,REDIRECT,301 · 1 hop
/pt/category/team-dynamics/page/9/,/category/team-dynamics/page/9/,vertaald:categorie-paginering,REDIRECT,301 · 1 hop
/pt/category/uncategorized/,/category/uncategorized/,vertaald:categorie,REDIRECT,301 · 1 hop
/pt/category/uncategorized/feed/,/rss.xml,vertaald:feed,REDIRECT,301 · 1 hop
/pt/feed/,/rss.xml,vertaald:feed,REDIRECT,301 · 1 hop
/pt/feed/atom/,/rss.xml,vertaald:feed,REDIRECT,301 · 1 hop
/pt/game/,,vertaald:pagina,GONE,pagina vervalt volgens CONTENT-MODEL §4
/pt/game/comment-page-1/,,vertaald:pagina,GONE,pagina vervalt volgens CONTENT-MODEL §4
/pt/game/feed/,/rss.xml,vertaald:feed,REDIRECT,301 · 1 hop
/pt/submit-game-reference/,,vertaald:pagina,GONE,pagina vervalt volgens CONTENT-MODEL §4
/pt/submit-game-reference/feed/,/rss.xml,vertaald:feed,REDIRECT,301 · 1 hop
/pt/tag/acceptance-criteria/,/tag/acceptance-criteria/,vertaald:tag,REDIRECT,301 · 1 hop
/pt/tag/adoption/,/tag/adoption/,vertaald:tag,REDIRECT,301 · 1 hop
/pt/tag/adoption/feed/,/rss.xml,vertaald:feed,REDIRECT,301 · 1 hop
/pt/tag/aeroplane/,/tag/aeroplane/,vertaald:tag,REDIRECT,301 · 1 hop
/pt/tag/aeroplane/feed/,/rss.xml,vertaald:feed,REDIRECT,301 · 1 hop
/pt/tag/agile-manifesto/,/tag/agile-manifesto/,vertaald:tag,REDIRECT,301 · 1 hop
/pt/tag/agile-mindset/,/tag/agile-mindset/,vertaald:tag,REDIRECT,301 · 1 hop
/pt/tag/agile/,/tag/agile/,vertaald:tag,REDIRECT,301 · 1 hop
/pt/tag/agile/feed/,/rss.xml,vertaald:feed,REDIRECT,301 · 1 hop
/pt/tag/agile/page/2/,/tag/agile/,vertaald:tag-paginering,REDIRECT,301 · 1 hop
/pt/tag/agile/page/3/,/tag/agile/,vertaald:tag-paginering,REDIRECT,301 · 1 hop
/pt/tag/agile/page/4/,/tag/agile/,vertaald:tag-paginering,REDIRECT,301 · 1 hop
/pt/tag/agile/page/5/,/tag/agile/,vertaald:tag-paginering,REDIRECT,301 · 1 hop
/pt/tag/agile/page/6/,/tag/agile/,vertaald:tag-paginering,REDIRECT,301 · 1 hop
/pt/tag/agilite/,/tag/agilite/,vertaald:tag,REDIRECT,301 · 1 hop
/pt/tag/agilite/feed/,/rss.xml,vertaald:feed,REDIRECT,301 · 1 hop
/pt/tag/backlog/,/tag/backlog/,vertaald:tag,REDIRECT,301 · 1 hop
/pt/tag/backlog/feed/,/rss.xml,vertaald:feed,REDIRECT,301 · 1 hop
/pt/tag/ball-game/,/tag/ball-game/,vertaald:tag,REDIRECT,301 · 1 hop
/pt/tag/batches/,/tag/batches/,vertaald:tag,REDIRECT,301 · 1 hop
/pt/tag/batches/feed/,/rss.xml,vertaald:feed,REDIRECT,301 · 1 hop
/pt/tag/behaviours/,/tag/behaviours/,vertaald:tag,REDIRECT,301 · 1 hop
/pt/tag/behaviours/feed/,/rss.xml,vertaald:feed,REDIRECT,301 · 1 hop
/pt/tag/board-game/,/tag/board-game/,vertaald:tag,REDIRECT,301 · 1 hop
/pt/tag/board-game/feed/,/rss.xml,vertaald:feed,REDIRECT,301 · 1 hop
/pt/tag/cards/,/tag/cards/,vertaald:tag,REDIRECT,301 · 1 hop
/pt/tag/cards/feed/,/rss.xml,vertaald:feed,REDIRECT,301 · 1 hop
/pt/tag/cfd/,/tag/cfd/,vertaald:tag,REDIRECT,301 · 1 hop
/pt/tag/cfd/feed/,/rss.xml,vertaald:feed,REDIRECT,301 · 1 hop
/pt/tag/change/,/tag/change/,vertaald:tag,REDIRECT,301 · 1 hop
/pt/tag/change/feed/,/rss.xml,vertaald:feed,REDIRECT,301 · 1 hop
/pt/tag/check-in/,/tag/check-in/,vertaald:tag,REDIRECT,301 · 1 hop
/pt/tag/check-out/,/tag/check-out/,vertaald:tag,REDIRECT,301 · 1 hop
/pt/tag/choice/,/tag/choice/,vertaald:tag,REDIRECT,301 · 1 hop
/pt/tag/choice/feed/,/rss.xml,vertaald:feed,REDIRECT,301 · 1 hop
/pt/tag/coaching/,/tag/coaching/,vertaald:tag,REDIRECT,301 · 1 hop
/pt/tag/coaching/feed/,/rss.xml,vertaald:feed,REDIRECT,301 · 1 hop
/pt/tag/collaboration/,/tag/collaboration/,vertaald:tag,REDIRECT,301 · 1 hop
/pt/tag/collaboration/feed/,/rss.xml,vertaald:feed,REDIRECT,301 · 1 hop
/pt/tag/collaboration/page/2/,/tag/collaboration/,vertaald:tag-paginering,REDIRECT,301 · 1 hop
/pt/tag/collaboration/page/3/,/tag/collaboration/,vertaald:tag-paginering,REDIRECT,301 · 1 hop
/pt/tag/collaboration/page/4/,/tag/collaboration/,vertaald:tag-paginering,REDIRECT,301 · 1 hop
/pt/tag/collaboration/page/5/,/tag/collaboration/,vertaald:tag-paginering,REDIRECT,301 · 1 hop
/pt/tag/communication/,/tag/communication/,vertaald:tag,REDIRECT,301 · 1 hop
/pt/tag/communication/feed/,/rss.xml,vertaald:feed,REDIRECT,301 · 1 hop
/pt/tag/communication/page/2/,/tag/communication/,vertaald:tag-paginering,REDIRECT,301 · 1 hop
/pt/tag/companys-profile/,/tag/companys-profile/,vertaald:tag,REDIRECT,301 · 1 hop
/pt/tag/connections/,/tag/connections/,vertaald:tag,REDIRECT,301 · 1 hop
/pt/tag/connections/feed/,/rss.xml,vertaald:feed,REDIRECT,301 · 1 hop
/pt/tag/constraints/,/tag/constraints/,vertaald:tag,REDIRECT,301 · 1 hop
/pt/tag/constraints/feed/,/rss.xml,vertaald:feed,REDIRECT,301 · 1 hop
/pt/tag/context-switching/,/tag/context-switching/,vertaald:tag,REDIRECT,301 · 1 hop
/pt/tag/context-switching/feed/,/rss.xml,vertaald:feed,REDIRECT,301 · 1 hop
/pt/tag/continuous-improvement/,/tag/continuous-improvement/,vertaald:tag,REDIRECT,301 · 1 hop
/pt/tag/continuous-improvement/feed/,/rss.xml,vertaald:feed,REDIRECT,301 · 1 hop
/pt/tag/continuous-partial-attention/,/tag/continuous-partial-attention/,vertaald:tag,REDIRECT,301 · 1 hop
/pt/tag/continuous-partial-attention/feed/,/rss.xml,vertaald:feed,REDIRECT,301 · 1 hop
/pt/tag/contraints/,/tag/contraints/,vertaald:tag,REDIRECT,301 · 1 hop
/pt/tag/contraints/feed/,/rss.xml,vertaald:feed,REDIRECT,301 · 1 hop
/pt/tag/courage/,/tag/courage/,vertaald:tag,REDIRECT,301 · 1 hop
/pt/tag/courage/feed/,/rss.xml,vertaald:feed,REDIRECT,301 · 1 hop
/pt/tag/creativity/,/tag/creativity/,vertaald:tag,REDIRECT,301 · 1 hop
/pt/tag/creativity/feed/,/rss.xml,vertaald:feed,REDIRECT,301 · 1 hop
/pt/tag/cross-communication/,/tag/cross-communication/,vertaald:tag,REDIRECT,301 · 1 hop
/pt/tag/cross-communication/feed/,/rss.xml,vertaald:feed,REDIRECT,301 · 1 hop
/pt/tag/cross-functional-teams/,/tag/cross-functional-teams/,vertaald:tag,REDIRECT,301 · 1 hop
/pt/tag/cross-functional-teams/feed/,/rss.xml,vertaald:feed,REDIRECT,301 · 1 hop
/pt/tag/customer-understanding/,/tag/customer-understanding/,vertaald:tag,REDIRECT,301 · 1 hop
/pt/tag/customer-understanding/feed/,/rss.xml,vertaald:feed,REDIRECT,301 · 1 hop
/pt/tag/customer/,/tag/customer/,vertaald:tag,REDIRECT,301 · 1 hop
/pt/tag/customer/feed/,/rss.xml,vertaald:feed,REDIRECT,301 · 1 hop
/pt/tag/daily-scrum/,/tag/daily-scrum/,vertaald:tag,REDIRECT,301 · 1 hop
/pt/tag/daily-scrum/feed/,/rss.xml,vertaald:feed,REDIRECT,301 · 1 hop
/pt/tag/daily/,/tag/daily/,vertaald:tag,REDIRECT,301 · 1 hop
/pt/tag/daily/feed/,/rss.xml,vertaald:feed,REDIRECT,301 · 1 hop
/pt/tag/decision-making/,/tag/decision-making/,vertaald:tag,REDIRECT,301 · 1 hop
/pt/tag/decision-making/feed/,/rss.xml,vertaald:feed,REDIRECT,301 · 1 hop
/pt/tag/decision/,/tag/decision/,vertaald:tag,REDIRECT,301 · 1 hop
/pt/tag/decision/feed/,/rss.xml,vertaald:feed,REDIRECT,301 · 1 hop
/pt/tag/definition-of-done/,/tag/definition-of-done/,vertaald:tag,REDIRECT,301 · 1 hop
/pt/tag/definition-of-done/feed/,/rss.xml,vertaald:feed,REDIRECT,301 · 1 hop
/pt/tag/developer/,/tag/developer/,vertaald:tag,REDIRECT,301 · 1 hop
/pt/tag/developer/feed/,/rss.xml,vertaald:feed,REDIRECT,301 · 1 hop
/pt/tag/development/,/tag/development/,vertaald:tag,REDIRECT,301 · 1 hop
/pt/tag/development/feed/,/rss.xml,vertaald:feed,REDIRECT,301 · 1 hop
/pt/tag/distributed-teams/,/tag/distributed-teams/,vertaald:tag,REDIRECT,301 · 1 hop
/pt/tag/distributed-teams/feed/,/rss.xml,vertaald:feed,REDIRECT,301 · 1 hop
/pt/tag/dod/,/tag/dod/,vertaald:tag,REDIRECT,301 · 1 hop
/pt/tag/dod/feed/,/rss.xml,vertaald:feed,REDIRECT,301 · 1 hop
/pt/tag/done/,/tag/done/,vertaald:tag,REDIRECT,301 · 1 hop
/pt/tag/emergence/,/tag/emergence/,vertaald:tag,REDIRECT,301 · 1 hop
/pt/tag/emergence/feed/,/rss.xml,vertaald:feed,REDIRECT,301 · 1 hop
/pt/tag/emergent-design/,/tag/emergent-design/,vertaald:tag,REDIRECT,301 · 1 hop
/pt/tag/emergent-design/feed/,/rss.xml,vertaald:feed,REDIRECT,301 · 1 hop
/pt/tag/empathy/,/tag/empathy/,vertaald:tag,REDIRECT,301 · 1 hop
/pt/tag/empathy/feed/,/rss.xml,vertaald:feed,REDIRECT,301 · 1 hop
/pt/tag/energise/,/tag/energise/,vertaald:tag,REDIRECT,301 · 1 hop
/pt/tag/energizer/,/tag/energizer/,vertaald:tag,REDIRECT,301 · 1 hop
/pt/tag/energizer/feed/,/rss.xml,vertaald:feed,REDIRECT,301 · 1 hop
/pt/tag/engagement/,/tag/engagement/,vertaald:tag,REDIRECT,301 · 1 hop
/pt/tag/engagement/feed/,/rss.xml,vertaald:feed,REDIRECT,301 · 1 hop
/pt/tag/estimation/,/tag/estimation/,vertaald:tag,REDIRECT,301 · 1 hop
/pt/tag/estimation/feed/,/rss.xml,vertaald:feed,REDIRECT,301 · 1 hop
/pt/tag/estimation/page/2/,/tag/estimation/,vertaald:tag-paginering,REDIRECT,301 · 1 hop
/pt/tag/evolutionary-design/,/tag/evolutionary-design/,vertaald:tag,REDIRECT,301 · 1 hop
/pt/tag/evolutionary-design/feed/,/rss.xml,vertaald:feed,REDIRECT,301 · 1 hop
/pt/tag/executive/,/tag/executive/,vertaald:tag,REDIRECT,301 · 1 hop
/pt/tag/executive/feed/,/rss.xml,vertaald:feed,REDIRECT,301 · 1 hop
/pt/tag/extreme-programming/,/tag/extreme-programming/,vertaald:tag,REDIRECT,301 · 1 hop
/pt/tag/extreme-programming/feed/,/rss.xml,vertaald:feed,REDIRECT,301 · 1 hop
/pt/tag/facilitation/,/tag/facilitation/,vertaald:tag,REDIRECT,301 · 1 hop
/pt/tag/facilitation/feed/,/rss.xml,vertaald:feed,REDIRECT,301 · 1 hop
/pt/tag/failure-culture/,/tag/failure-culture/,vertaald:tag,REDIRECT,301 · 1 hop
/pt/tag/failure-culture/feed/,/rss.xml,vertaald:feed,REDIRECT,301 · 1 hop
/pt/tag/feed-back/,/tag/feed-back/,vertaald:tag,REDIRECT,301 · 1 hop
/pt/tag/feed-back/feed/,/rss.xml,vertaald:feed,REDIRECT,301 · 1 hop
/pt/tag/flow/,/tag/flow/,vertaald:tag,REDIRECT,301 · 1 hop
/pt/tag/flow/feed/,/rss.xml,vertaald:feed,REDIRECT,301 · 1 hop
/pt/tag/focus/,/tag/focus/,vertaald:tag,REDIRECT,301 · 1 hop
/pt/tag/focus/feed/,/rss.xml,vertaald:feed,REDIRECT,301 · 1 hop
/pt/tag/forming-teams/,/tag/forming-teams/,vertaald:tag,REDIRECT,301 · 1 hop
/pt/tag/forming-teams/feed/,/rss.xml,vertaald:feed,REDIRECT,301 · 1 hop
/pt/tag/fun/,/tag/fun/,vertaald:tag,REDIRECT,301 · 1 hop
/pt/tag/fun/feed/,/rss.xml,vertaald:feed,REDIRECT,301 · 1 hop
/pt/tag/game-creation/,/tag/game-creation/,vertaald:tag,REDIRECT,301 · 1 hop
/pt/tag/game-creation/feed/,/rss.xml,vertaald:feed,REDIRECT,301 · 1 hop
/pt/tag/game/,/tag/game/,vertaald:tag,REDIRECT,301 · 1 hop
/pt/tag/game/feed/,/rss.xml,vertaald:feed,REDIRECT,301 · 1 hop
/pt/tag/games/,/tag/games/,vertaald:tag,REDIRECT,301 · 1 hop
/pt/tag/games/feed/,/rss.xml,vertaald:feed,REDIRECT,301 · 1 hop
/pt/tag/gather-insights/,/tag/gather-insights/,vertaald:tag,REDIRECT,301 · 1 hop
/pt/tag/huddle/,/tag/huddle/,vertaald:tag,REDIRECT,301 · 1 hop
/pt/tag/huddle/feed/,/rss.xml,vertaald:feed,REDIRECT,301 · 1 hop
/pt/tag/icebreaker/,/tag/icebreaker/,vertaald:tag,REDIRECT,301 · 1 hop
/pt/tag/icebreaker/feed/,/rss.xml,vertaald:feed,REDIRECT,301 · 1 hop
/pt/tag/improv/,/tag/improv/,vertaald:tag,REDIRECT,301 · 1 hop
/pt/tag/improv/feed/,/rss.xml,vertaald:feed,REDIRECT,301 · 1 hop
/pt/tag/improvement/,/tag/improvement/,vertaald:tag,REDIRECT,301 · 1 hop
/pt/tag/influence/,/tag/influence/,vertaald:tag,REDIRECT,301 · 1 hop
/pt/tag/influence/feed/,/rss.xml,vertaald:feed,REDIRECT,301 · 1 hop
/pt/tag/innovation-game/,/tag/innovation-game/,vertaald:tag,REDIRECT,301 · 1 hop
/pt/tag/innovation-game/feed/,/rss.xml,vertaald:feed,REDIRECT,301 · 1 hop
/pt/tag/innovation-games/,/tag/innovation-games/,vertaald:tag,REDIRECT,301 · 1 hop
/pt/tag/innovation-games/feed/,/rss.xml,vertaald:feed,REDIRECT,301 · 1 hop
/pt/tag/innovation-games/page/2/,/tag/innovation-games/,vertaald:tag-paginering,REDIRECT,301 · 1 hop
/pt/tag/innovation/,/tag/innovation/,vertaald:tag,REDIRECT,301 · 1 hop
/pt/tag/instructing-techniques/,/tag/instructing-techniques/,vertaald:tag,REDIRECT,301 · 1 hop
/pt/tag/instructing-techniques/feed/,/rss.xml,vertaald:feed,REDIRECT,301 · 1 hop
/pt/tag/introductions/,/tag/introductions/,vertaald:tag,REDIRECT,301 · 1 hop
/pt/tag/introductions/feed/,/rss.xml,vertaald:feed,REDIRECT,301 · 1 hop
/pt/tag/introspection/,/tag/introspection/,vertaald:tag,REDIRECT,301 · 1 hop
/pt/tag/introspection/feed/,/rss.xml,vertaald:feed,REDIRECT,301 · 1 hop
/pt/tag/intuition/,/tag/intuition/,vertaald:tag,REDIRECT,301 · 1 hop
/pt/tag/intuition/feed/,/rss.xml,vertaald:feed,REDIRECT,301 · 1 hop
/pt/tag/invention/,/tag/invention/,vertaald:tag,REDIRECT,301 · 1 hop
/pt/tag/invention/feed/,/rss.xml,vertaald:feed,REDIRECT,301 · 1 hop
/pt/tag/iteration/,/tag/iteration/,vertaald:tag,REDIRECT,301 · 1 hop
/pt/tag/iteration/feed/,/rss.xml,vertaald:feed,REDIRECT,301 · 1 hop
/pt/tag/iterations/,/tag/iterations/,vertaald:tag,REDIRECT,301 · 1 hop
/pt/tag/iterations/feed/,/rss.xml,vertaald:feed,REDIRECT,301 · 1 hop
/pt/tag/kanban/,/tag/kanban/,vertaald:tag,REDIRECT,301 · 1 hop
/pt/tag/kanban/feed/,/rss.xml,vertaald:feed,REDIRECT,301 · 1 hop
/pt/tag/lead-time/,/tag/lead-time/,vertaald:tag,REDIRECT,301 · 1 hop
/pt/tag/lead-time/feed/,/rss.xml,vertaald:feed,REDIRECT,301 · 1 hop
/pt/tag/leadership/,/tag/leadership/,vertaald:tag,REDIRECT,301 · 1 hop
/pt/tag/leadership/feed/,/rss.xml,vertaald:feed,REDIRECT,301 · 1 hop
/pt/tag/lean/,/tag/lean/,vertaald:tag,REDIRECT,301 · 1 hop
/pt/tag/lean/feed/,/rss.xml,vertaald:feed,REDIRECT,301 · 1 hop
/pt/tag/learning/,/tag/learning/,vertaald:tag,REDIRECT,301 · 1 hop
/pt/tag/learning/feed/,/rss.xml,vertaald:feed,REDIRECT,301 · 1 hop
/pt/tag/lego-game/,/tag/lego-game/,vertaald:tag,REDIRECT,301 · 1 hop
/pt/tag/lego-game/feed/,/rss.xml,vertaald:feed,REDIRECT,301 · 1 hop
/pt/tag/lego/,/tag/lego/,vertaald:tag,REDIRECT,301 · 1 hop
/pt/tag/lego/feed/,/rss.xml,vertaald:feed,REDIRECT,301 · 1 hop
/pt/tag/limit-work-in-progress/,/tag/limit-work-in-progress/,vertaald:tag,REDIRECT,301 · 1 hop
/pt/tag/limit/,/tag/limit/,vertaald:tag,REDIRECT,301 · 1 hop
/pt/tag/listening/,/tag/listening/,vertaald:tag,REDIRECT,301 · 1 hop
/pt/tag/listening/feed/,/rss.xml,vertaald:feed,REDIRECT,301 · 1 hop
/pt/tag/management/,/tag/management/,vertaald:tag,REDIRECT,301 · 1 hop
/pt/tag/management/feed/,/rss.xml,vertaald:feed,REDIRECT,301 · 1 hop
/pt/tag/manifesto/,/tag/manifesto/,vertaald:tag,REDIRECT,301 · 1 hop
/pt/tag/marketing/,/tag/marketing/,vertaald:tag,REDIRECT,301 · 1 hop
/pt/tag/marketing/feed/,/rss.xml,vertaald:feed,REDIRECT,301 · 1 hop
/pt/tag/may-the-4th-be-with-you/,/tag/may-the-4th-be-with-you/,vertaald:tag,REDIRECT,301 · 1 hop
/pt/tag/meeting/,/tag/meeting/,vertaald:tag,REDIRECT,301 · 1 hop
/pt/tag/meeting/feed/,/rss.xml,vertaald:feed,REDIRECT,301 · 1 hop
/pt/tag/mindset/,/tag/mindset/,vertaald:tag,REDIRECT,301 · 1 hop
/pt/tag/minecraft/,/tag/minecraft/,vertaald:tag,REDIRECT,301 · 1 hop
/pt/tag/multitasking/,/tag/multitasking/,vertaald:tag,REDIRECT,301 · 1 hop
/pt/tag/multitasking/feed/,/rss.xml,vertaald:feed,REDIRECT,301 · 1 hop
/pt/tag/news/,/tag/news/,vertaald:tag,REDIRECT,301 · 1 hop
/pt/tag/news/feed/,/rss.xml,vertaald:feed,REDIRECT,301 · 1 hop
/pt/tag/noise/,/tag/noise/,vertaald:tag,REDIRECT,301 · 1 hop
/pt/tag/non-functional-requirements/,/tag/non-functional-requirements/,vertaald:tag,REDIRECT,301 · 1 hop
/pt/tag/non-functional-requirements/feed/,/rss.xml,vertaald:feed,REDIRECT,301 · 1 hop
/pt/tag/obstacles/,/tag/obstacles/,vertaald:tag,REDIRECT,301 · 1 hop
/pt/tag/obstacles/feed/,/rss.xml,vertaald:feed,REDIRECT,301 · 1 hop
/pt/tag/openess/,/tag/openess/,vertaald:tag,REDIRECT,301 · 1 hop
/pt/tag/openess/feed/,/rss.xml,vertaald:feed,REDIRECT,301 · 1 hop
/pt/tag/pair-programing/,/tag/pair-programing/,vertaald:tag,REDIRECT,301 · 1 hop
/pt/tag/pair-programing/feed/,/rss.xml,vertaald:feed,REDIRECT,301 · 1 hop
/pt/tag/paper-airplane/,/tag/paper-airplane/,vertaald:tag,REDIRECT,301 · 1 hop
/pt/tag/paper-airplane/feed/,/rss.xml,vertaald:feed,REDIRECT,301 · 1 hop
/pt/tag/parkinsons-law/,/tag/parkinsons-law/,vertaald:tag,REDIRECT,301 · 1 hop
/pt/tag/parkinsons-law/feed/,/rss.xml,vertaald:feed,REDIRECT,301 · 1 hop
/pt/tag/personas/,/tag/personas/,vertaald:tag,REDIRECT,301 · 1 hop
/pt/tag/perspective/,/tag/perspective/,vertaald:tag,REDIRECT,301 · 1 hop
/pt/tag/perspective/feed/,/rss.xml,vertaald:feed,REDIRECT,301 · 1 hop
/pt/tag/persuade/,/tag/persuade/,vertaald:tag,REDIRECT,301 · 1 hop
/pt/tag/persuade/feed/,/rss.xml,vertaald:feed,REDIRECT,301 · 1 hop
/pt/tag/persuasive/,/tag/persuasive/,vertaald:tag,REDIRECT,301 · 1 hop
/pt/tag/persuasive/feed/,/rss.xml,vertaald:feed,REDIRECT,301 · 1 hop
/pt/tag/pizza/,/tag/pizza/,vertaald:tag,REDIRECT,301 · 1 hop
/pt/tag/planning/,/tag/planning/,vertaald:tag,REDIRECT,301 · 1 hop
/pt/tag/planning/feed/,/rss.xml,vertaald:feed,REDIRECT,301 · 1 hop
/pt/tag/planning/page/2/,/tag/planning/,vertaald:tag-paginering,REDIRECT,301 · 1 hop
/pt/tag/plus-delta/,/tag/plus-delta/,vertaald:tag,REDIRECT,301 · 1 hop
/pt/tag/plus-delta/feed/,/rss.xml,vertaald:feed,REDIRECT,301 · 1 hop
/pt/tag/practice/,/tag/practice/,vertaald:tag,REDIRECT,301 · 1 hop
/pt/tag/practice/feed/,/rss.xml,vertaald:feed,REDIRECT,301 · 1 hop
/pt/tag/preference-articulation/,/tag/preference-articulation/,vertaald:tag,REDIRECT,301 · 1 hop
/pt/tag/preference-articulation/feed/,/rss.xml,vertaald:feed,REDIRECT,301 · 1 hop
/pt/tag/principes-agile/,/tag/principes-agile/,vertaald:tag,REDIRECT,301 · 1 hop
/pt/tag/principes-agile/feed/,/rss.xml,vertaald:feed,REDIRECT,301 · 1 hop
/pt/tag/principles/,/tag/principles/,vertaald:tag,REDIRECT,301 · 1 hop
/pt/tag/prioritisation/,/tag/prioritisation/,vertaald:tag,REDIRECT,301 · 1 hop
/pt/tag/prioritisation/feed/,/rss.xml,vertaald:feed,REDIRECT,301 · 1 hop
/pt/tag/prioritization/,/tag/prioritization/,vertaald:tag,REDIRECT,301 · 1 hop
/pt/tag/prioritization/feed/,/rss.xml,vertaald:feed,REDIRECT,301 · 1 hop
/pt/tag/problemsolving/,/tag/problemsolving/,vertaald:tag,REDIRECT,301 · 1 hop
/pt/tag/problemsolving/feed/,/rss.xml,vertaald:feed,REDIRECT,301 · 1 hop
/pt/tag/process/,/tag/process/,vertaald:tag,REDIRECT,301 · 1 hop
/pt/tag/process/feed/,/rss.xml,vertaald:feed,REDIRECT,301 · 1 hop
/pt/tag/product-backlog/,/tag/product-backlog/,vertaald:tag,REDIRECT,301 · 1 hop
/pt/tag/product-backlog/feed/,/rss.xml,vertaald:feed,REDIRECT,301 · 1 hop
/pt/tag/product-management/,/tag/product-management/,vertaald:tag,REDIRECT,301 · 1 hop
/pt/tag/product-management/feed/,/rss.xml,vertaald:feed,REDIRECT,301 · 1 hop
/pt/tag/product-owner/,/tag/product-owner/,vertaald:tag,REDIRECT,301 · 1 hop
/pt/tag/product-owner/feed/,/rss.xml,vertaald:feed,REDIRECT,301 · 1 hop
/pt/tag/product-owners/,/tag/product-owners/,vertaald:tag,REDIRECT,301 · 1 hop
/pt/tag/product-owners/feed/,/rss.xml,vertaald:feed,REDIRECT,301 · 1 hop
/pt/tag/productivity/,/tag/productivity/,vertaald:tag,REDIRECT,301 · 1 hop
/pt/tag/productivity/feed/,/rss.xml,vertaald:feed,REDIRECT,301 · 1 hop
/pt/tag/profile/,/tag/profile/,vertaald:tag,REDIRECT,301 · 1 hop
/pt/tag/project-management-2/,/tag/project-management-2/,vertaald:tag,REDIRECT,301 · 1 hop
/pt/tag/project-management-2/feed/,/rss.xml,vertaald:feed,REDIRECT,301 · 1 hop
/pt/tag/pull/,/tag/pull/,vertaald:tag,REDIRECT,301 · 1 hop
/pt/tag/pull/feed/,/rss.xml,vertaald:feed,REDIRECT,301 · 1 hop
/pt/tag/push/,/tag/push/,vertaald:tag,REDIRECT,301 · 1 hop
/pt/tag/quality-assurance/,/tag/quality-assurance/,vertaald:tag,REDIRECT,301 · 1 hop
/pt/tag/quality-assurance/feed/,/rss.xml,vertaald:feed,REDIRECT,301 · 1 hop
/pt/tag/questioning/,/tag/questioning/,vertaald:tag,REDIRECT,301 · 1 hop
/pt/tag/questioning/feed/,/rss.xml,vertaald:feed,REDIRECT,301 · 1 hop
/pt/tag/refactoring/,/tag/refactoring/,vertaald:tag,REDIRECT,301 · 1 hop
/pt/tag/refactoring/feed/,/rss.xml,vertaald:feed,REDIRECT,301 · 1 hop
/pt/tag/reflection/,/tag/reflection/,vertaald:tag,REDIRECT,301 · 1 hop
/pt/tag/reflection/feed/,/rss.xml,vertaald:feed,REDIRECT,301 · 1 hop
/pt/tag/requirements/,/tag/requirements/,vertaald:tag,REDIRECT,301 · 1 hop
/pt/tag/requirements/feed/,/rss.xml,vertaald:feed,REDIRECT,301 · 1 hop
/pt/tag/requirements/page/2/,/tag/requirements/,vertaald:tag-paginering,REDIRECT,301 · 1 hop
/pt/tag/respect/,/tag/respect/,vertaald:tag,REDIRECT,301 · 1 hop
/pt/tag/respect/feed/,/rss.xml,vertaald:feed,REDIRECT,301 · 1 hop
/pt/tag/responsibilities/,/tag/responsibilities/,vertaald:tag,REDIRECT,301 · 1 hop
/pt/tag/responsibilities/feed/,/rss.xml,vertaald:feed,REDIRECT,301 · 1 hop
/pt/tag/retrospective-analysis/,/tag/retrospective-analysis/,vertaald:tag,REDIRECT,301 · 1 hop
/pt/tag/retrospective-analysis/feed/,/rss.xml,vertaald:feed,REDIRECT,301 · 1 hop
/pt/tag/retrospective/,/tag/retrospective/,vertaald:tag,REDIRECT,301 · 1 hop
/pt/tag/retrospective/feed/,/rss.xml,vertaald:feed,REDIRECT,301 · 1 hop
/pt/tag/retrospective/page/2/,/tag/retrospective/,vertaald:tag-paginering,REDIRECT,301 · 1 hop
/pt/tag/retrospectives/,/tag/retrospectives/,vertaald:tag,REDIRECT,301 · 1 hop
/pt/tag/retrospectives/feed/,/rss.xml,vertaald:feed,REDIRECT,301 · 1 hop
/pt/tag/review/,/tag/review/,vertaald:tag,REDIRECT,301 · 1 hop
/pt/tag/review/feed/,/rss.xml,vertaald:feed,REDIRECT,301 · 1 hop
/pt/tag/risk/,/tag/risk/,vertaald:tag,REDIRECT,301 · 1 hop
/pt/tag/risk/feed/,/rss.xml,vertaald:feed,REDIRECT,301 · 1 hop
/pt/tag/roles/,/tag/roles/,vertaald:tag,REDIRECT,301 · 1 hop
/pt/tag/roles/feed/,/rss.xml,vertaald:feed,REDIRECT,301 · 1 hop
/pt/tag/scaled-agile/,/tag/scaled-agile/,vertaald:tag,REDIRECT,301 · 1 hop
/pt/tag/scaled-agile/feed/,/rss.xml,vertaald:feed,REDIRECT,301 · 1 hop
/pt/tag/scrum-events/,/tag/scrum-events/,vertaald:tag,REDIRECT,301 · 1 hop
/pt/tag/scrum-events/feed/,/rss.xml,vertaald:feed,REDIRECT,301 · 1 hop
/pt/tag/scrum-framework/,/tag/scrum-framework/,vertaald:tag,REDIRECT,301 · 1 hop
/pt/tag/scrum-framework/feed/,/rss.xml,vertaald:feed,REDIRECT,301 · 1 hop
/pt/tag/scrum-master/,/tag/scrum-master/,vertaald:tag,REDIRECT,301 · 1 hop
/pt/tag/scrum-master/feed/,/rss.xml,vertaald:feed,REDIRECT,301 · 1 hop
/pt/tag/scrum/,/tag/scrum/,vertaald:tag,REDIRECT,301 · 1 hop
/pt/tag/scrum/feed/,/rss.xml,vertaald:feed,REDIRECT,301 · 1 hop
/pt/tag/scrum/page/2/,/tag/scrum/,vertaald:tag-paginering,REDIRECT,301 · 1 hop
/pt/tag/scrum/page/3/,/tag/scrum/,vertaald:tag-paginering,REDIRECT,301 · 1 hop
/pt/tag/scrumble/,/tag/scrumble/,vertaald:tag,REDIRECT,301 · 1 hop
/pt/tag/scrumble/feed/,/rss.xml,vertaald:feed,REDIRECT,301 · 1 hop
/pt/tag/scrummaster/,/tag/scrummaster/,vertaald:tag,REDIRECT,301 · 1 hop
/pt/tag/scrummaster/feed/,/rss.xml,vertaald:feed,REDIRECT,301 · 1 hop
/pt/tag/selection/,/tag/selection/,vertaald:tag,REDIRECT,301 · 1 hop
/pt/tag/selection/feed/,/rss.xml,vertaald:feed,REDIRECT,301 · 1 hop
/pt/tag/self-organization/,/tag/self-organization/,vertaald:tag,REDIRECT,301 · 1 hop
/pt/tag/self-organization/feed/,/rss.xml,vertaald:feed,REDIRECT,301 · 1 hop
/pt/tag/self-organizing/,/tag/self-organizing/,vertaald:tag,REDIRECT,301 · 1 hop
/pt/tag/self-organizing/feed/,/rss.xml,vertaald:feed,REDIRECT,301 · 1 hop
/pt/tag/serious-games/,/tag/serious-games/,vertaald:tag,REDIRECT,301 · 1 hop
/pt/tag/serious-games/feed/,/rss.xml,vertaald:feed,REDIRECT,301 · 1 hop
/pt/tag/serious-games/page/2/,/tag/serious-games/,vertaald:tag-paginering,REDIRECT,301 · 1 hop
/pt/tag/serious-games/page/3/,/tag/serious-games/,vertaald:tag-paginering,REDIRECT,301 · 1 hop
/pt/tag/shared-goals/,/tag/shared-goals/,vertaald:tag,REDIRECT,301 · 1 hop
/pt/tag/shared-goals/feed/,/rss.xml,vertaald:feed,REDIRECT,301 · 1 hop
/pt/tag/simplicity/,/tag/simplicity/,vertaald:tag,REDIRECT,301 · 1 hop
/pt/tag/simplicity/feed/,/rss.xml,vertaald:feed,REDIRECT,301 · 1 hop
/pt/tag/simulation/,/tag/simulation/,vertaald:tag,REDIRECT,301 · 1 hop
/pt/tag/simulation/feed/,/rss.xml,vertaald:feed,REDIRECT,301 · 1 hop
/pt/tag/situational-awareness/,/tag/situational-awareness/,vertaald:tag,REDIRECT,301 · 1 hop
/pt/tag/situational-awareness/feed/,/rss.xml,vertaald:feed,REDIRECT,301 · 1 hop
/pt/tag/small-batches/,/tag/small-batches/,vertaald:tag,REDIRECT,301 · 1 hop
/pt/tag/small-batches/feed/,/rss.xml,vertaald:feed,REDIRECT,301 · 1 hop
/pt/tag/software-craftsmanship/,/tag/software-craftsmanship/,vertaald:tag,REDIRECT,301 · 1 hop
/pt/tag/software-craftsmanship/feed/,/rss.xml,vertaald:feed,REDIRECT,301 · 1 hop
/pt/tag/sound/,/tag/sound/,vertaald:tag,REDIRECT,301 · 1 hop
/pt/tag/sprint/,/tag/sprint/,vertaald:tag,REDIRECT,301 · 1 hop
/pt/tag/sprint/feed/,/rss.xml,vertaald:feed,REDIRECT,301 · 1 hop
/pt/tag/stakeholder-theory/,/tag/stakeholder-theory/,vertaald:tag,REDIRECT,301 · 1 hop
/pt/tag/stakeholder-theory/feed/,/rss.xml,vertaald:feed,REDIRECT,301 · 1 hop
/pt/tag/stakeholder/,/tag/stakeholder/,vertaald:tag,REDIRECT,301 · 1 hop
/pt/tag/stakeholder/feed/,/rss.xml,vertaald:feed,REDIRECT,301 · 1 hop
/pt/tag/stakeholders/,/tag/stakeholders/,vertaald:tag,REDIRECT,301 · 1 hop
/pt/tag/stakeholders/feed/,/rss.xml,vertaald:feed,REDIRECT,301 · 1 hop
/pt/tag/standup/,/tag/standup/,vertaald:tag,REDIRECT,301 · 1 hop
/pt/tag/standup/feed/,/rss.xml,vertaald:feed,REDIRECT,301 · 1 hop
/pt/tag/star-wars/,/tag/star-wars/,vertaald:tag,REDIRECT,301 · 1 hop
/pt/tag/start-where-you-are/,/tag/start-where-you-are/,vertaald:tag,REDIRECT,301 · 1 hop
/pt/tag/stories/,/tag/stories/,vertaald:tag,REDIRECT,301 · 1 hop
/pt/tag/stories/feed/,/rss.xml,vertaald:feed,REDIRECT,301 · 1 hop
/pt/tag/story/,/tag/story/,vertaald:tag,REDIRECT,301 · 1 hop
/pt/tag/story/feed/,/rss.xml,vertaald:feed,REDIRECT,301 · 1 hop
/pt/tag/strategy-deployment/,/tag/strategy-deployment/,vertaald:tag,REDIRECT,301 · 1 hop
/pt/tag/sustainable-development/,/tag/sustainable-development/,vertaald:tag,REDIRECT,301 · 1 hop
/pt/tag/sustainable-development/feed/,/rss.xml,vertaald:feed,REDIRECT,301 · 1 hop
/pt/tag/tasks/,/tag/tasks/,vertaald:tag,REDIRECT,301 · 1 hop
/pt/tag/tasks/feed/,/rss.xml,vertaald:feed,REDIRECT,301 · 1 hop
/pt/tag/tdd/,/tag/tdd/,vertaald:tag,REDIRECT,301 · 1 hop
/pt/tag/tdd/feed/,/rss.xml,vertaald:feed,REDIRECT,301 · 1 hop
/pt/tag/team-building/,/tag/team-building/,vertaald:tag,REDIRECT,301 · 1 hop
/pt/tag/team-building/feed/,/rss.xml,vertaald:feed,REDIRECT,301 · 1 hop
/pt/tag/team-dynamics/,/tag/team-dynamics/,vertaald:tag,REDIRECT,301 · 1 hop
/pt/tag/team-dynamics/feed/,/rss.xml,vertaald:feed,REDIRECT,301 · 1 hop
/pt/tag/team-dynamics/page/2/,/tag/team-dynamics/,vertaald:tag-paginering,REDIRECT,301 · 1 hop
/pt/tag/team-dynamics/page/3/,/tag/team-dynamics/,vertaald:tag-paginering,REDIRECT,301 · 1 hop
/pt/tag/team/,/tag/team/,vertaald:tag,REDIRECT,301 · 1 hop
/pt/tag/team/feed/,/rss.xml,vertaald:feed,REDIRECT,301 · 1 hop
/pt/tag/teamwork/,/tag/teamwork/,vertaald:tag,REDIRECT,301 · 1 hop
/pt/tag/teamwork/feed/,/rss.xml,vertaald:feed,REDIRECT,301 · 1 hop
/pt/tag/technical-debt/,/tag/technical-debt/,vertaald:tag,REDIRECT,301 · 1 hop
/pt/tag/technical-debt/feed/,/rss.xml,vertaald:feed,REDIRECT,301 · 1 hop
/pt/tag/technique/,/tag/technique/,vertaald:tag,REDIRECT,301 · 1 hop
/pt/tag/technique/feed/,/rss.xml,vertaald:feed,REDIRECT,301 · 1 hop
/pt/tag/techniques/,/tag/techniques/,vertaald:tag,REDIRECT,301 · 1 hop
/pt/tag/techniques/feed/,/rss.xml,vertaald:feed,REDIRECT,301 · 1 hop
/pt/tag/test-first/,/tag/test-first/,vertaald:tag,REDIRECT,301 · 1 hop
/pt/tag/test/,/tag/test/,vertaald:tag,REDIRECT,301 · 1 hop
/pt/tag/test/feed/,/rss.xml,vertaald:feed,REDIRECT,301 · 1 hop
/pt/tag/throughput/,/tag/throughput/,vertaald:tag,REDIRECT,301 · 1 hop
/pt/tag/throughput/feed/,/rss.xml,vertaald:feed,REDIRECT,301 · 1 hop
/pt/tag/timeboxing/,/tag/timeboxing/,vertaald:tag,REDIRECT,301 · 1 hop
/pt/tag/timeboxing/feed/,/rss.xml,vertaald:feed,REDIRECT,301 · 1 hop
/pt/tag/timelines/,/tag/timelines/,vertaald:tag,REDIRECT,301 · 1 hop
/pt/tag/timelines/feed/,/rss.xml,vertaald:feed,REDIRECT,301 · 1 hop
/pt/tag/transforming-teams/,/tag/transforming-teams/,vertaald:tag,REDIRECT,301 · 1 hop
/pt/tag/transforming-teams/feed/,/rss.xml,vertaald:feed,REDIRECT,301 · 1 hop
/pt/tag/trust/,/tag/trust/,vertaald:tag,REDIRECT,301 · 1 hop
/pt/tag/trust/feed/,/rss.xml,vertaald:feed,REDIRECT,301 · 1 hop
/pt/tag/tuckman-model/,/tag/tuckman-model/,vertaald:tag,REDIRECT,301 · 1 hop
/pt/tag/tuckman-model/feed/,/rss.xml,vertaald:feed,REDIRECT,301 · 1 hop
/pt/tag/understand/,/tag/understand/,vertaald:tag,REDIRECT,301 · 1 hop
/pt/tag/understand/feed/,/rss.xml,vertaald:feed,REDIRECT,301 · 1 hop
/pt/tag/user-stories/,/tag/user-stories/,vertaald:tag,REDIRECT,301 · 1 hop
/pt/tag/user-stories/feed/,/rss.xml,vertaald:feed,REDIRECT,301 · 1 hop
/pt/tag/utilization/,/tag/utilization/,vertaald:tag,REDIRECT,301 · 1 hop
/pt/tag/utilization/feed/,/rss.xml,vertaald:feed,REDIRECT,301 · 1 hop
/pt/tag/valeur-agile/,/tag/valeur-agile/,vertaald:tag,REDIRECT,301 · 1 hop
/pt/tag/valeur-agile/feed/,/rss.xml,vertaald:feed,REDIRECT,301 · 1 hop
/pt/tag/values/,/tag/values/,vertaald:tag,REDIRECT,301 · 1 hop
/pt/tag/values/feed/,/rss.xml,vertaald:feed,REDIRECT,301 · 1 hop
/pt/tag/video/,/tag/video/,vertaald:tag,REDIRECT,301 · 1 hop
/pt/tag/video/feed/,/rss.xml,vertaald:feed,REDIRECT,301 · 1 hop
/pt/tag/vision/,/tag/vision/,vertaald:tag,REDIRECT,301 · 1 hop
/pt/tag/vision/feed/,/rss.xml,vertaald:feed,REDIRECT,301 · 1 hop
/pt/tag/visual-acuity/,/tag/visual-acuity/,vertaald:tag,REDIRECT,301 · 1 hop
/pt/tag/visual-acuity/feed/,/rss.xml,vertaald:feed,REDIRECT,301 · 1 hop
/pt/tag/visual-art-terminology/,/tag/visual-art-terminology/,vertaald:tag,REDIRECT,301 · 1 hop
/pt/tag/visual-art-terminology/feed/,/rss.xml,vertaald:feed,REDIRECT,301 · 1 hop
/pt/tag/waste/,/tag/waste/,vertaald:tag,REDIRECT,301 · 1 hop
/pt/tag/waste/feed/,/rss.xml,vertaald:feed,REDIRECT,301 · 1 hop
/pt/tag/wip/,/tag/wip/,vertaald:tag,REDIRECT,301 · 1 hop
/pt/tag/wip/feed/,/rss.xml,vertaald:feed,REDIRECT,301 · 1 hop
/pt/tag/work-in-progress/,/tag/work-in-progress/,vertaald:tag,REDIRECT,301 · 1 hop
/pt/tag/working-agreements/,/tag/working-agreements/,vertaald:tag,REDIRECT,301 · 1 hop
/pt/tag/working-agreements/feed/,/rss.xml,vertaald:feed,REDIRECT,301 · 1 hop
/pt/tag/x-matrix/,/tag/x-matrix/,vertaald:tag,REDIRECT,301 · 1 hop
/pt/tag/zero-sum-thinking/,/tag/zero-sum-thinking/,vertaald:tag,REDIRECT,301 · 1 hop
/pt/tag/zero-sum-thinking/feed/,/rss.xml,vertaald:feed,REDIRECT,301 · 1 hop
/pt/tastycupcakes-home/,/,vertaald:pagina,REDIRECT,301 · 2 hops
/pt/tastycupcakes-home/feed/,/rss.xml,vertaald:feed,REDIRECT,301 · 1 hop
/pt/vision/,,vertaald:pagina,GONE,pagina ontbreekt in de Engelse export
/pt/vision/feed/,/rss.xml,vertaald:feed,REDIRECT,301 · 1 hop
/ru/2009/06/60-paces/,/ru/2009/06/60-paces/,vertaald:artikel,EXACT,
/ru/2009/06/60-paces/feed/,/ru/2009/06/60-paces/,vertaald:feed,REDIRECT,301 · 1 hop
/ru/2009/06/99-test-balloons/,/ru/2009/06/99-test-balloons/,vertaald:artikel,EXACT,
/ru/2009/06/99-test-balloons/feed/,/ru/2009/06/99-test-balloons/,vertaald:feed,REDIRECT,301 · 1 hop
/ru/2009/06/alaskan-road-trip/,/ru/2009/06/alaskan-road-trip/,vertaald:artikel,EXACT,
/ru/2009/06/alaskan-road-trip/feed/,/ru/2009/06/alaskan-road-trip/,vertaald:feed,REDIRECT,301 · 1 hop
/ru/2009/06/alphabet-game/,/2009/06/alphabet-game/,vertaald:artikel,REDIRECT,301 · 1 hop
/ru/2009/06/coin-sorting/,/ru/2009/06/coin-sorting/,vertaald:artikel,EXACT,
/ru/2009/06/coin-sorting/feed/,/ru/2009/06/coin-sorting/,vertaald:feed,REDIRECT,301 · 1 hop
/ru/2009/06/collaborative-origami/,/ru/2009/06/collaborative-origami/,vertaald:artikel,EXACT,
/ru/2009/06/doggy-planning/,/ru/2009/06/doggy-planning/,vertaald:artikel,EXACT,
/ru/2009/06/football-scrum/,/2009/06/football-scrum/,vertaald:artikel,REDIRECT,301 · 1 hop
/ru/2009/06/location-location-location/,/2009/06/location-location-location/,vertaald:artikel,REDIRECT,301 · 1 hop
/ru/2009/06/mr-happy-face/,/ru/2009/06/mr-happy-face/,vertaald:artikel,EXACT,
/ru/2009/06/mr-happy-face/feed/,/ru/2009/06/mr-happy-face/,vertaald:feed,REDIRECT,301 · 1 hop
/ru/2009/06/no-one-listens-to-me/,/ru/2009/06/no-one-listens-to-me/,vertaald:artikel,EXACT,
/ru/2009/06/no-one-listens-to-me/feed/,/ru/2009/06/no-one-listens-to-me/,vertaald:feed,REDIRECT,301 · 1 hop
/ru/2009/06/pair-programming-game/,/ru/2009/06/pair-programming-game/,vertaald:artikel,EXACT,
/ru/2009/06/pair-programming-game/feed/,/ru/2009/06/pair-programming-game/,vertaald:feed,REDIRECT,301 · 1 hop
/ru/2009/06/picture-me/,/ru/2009/06/picture-me/,vertaald:artikel,EXACT,
/ru/2009/06/planning-poker/,/ru/2009/06/planning-poker/,vertaald:artikel,EXACT,
/ru/2009/06/planning-poker/feed/,/ru/2009/06/planning-poker/,vertaald:feed,REDIRECT,301 · 1 hop
/ru/2009/06/presto-manifesto/,/ru/2009/06/presto-manifesto/,vertaald:artikel,EXACT,
/ru/2009/06/presto-manifesto/feed/,/ru/2009/06/presto-manifesto/,vertaald:feed,REDIRECT,301 · 1 hop
/ru/2009/06/process-doodle/,/ru/2009/06/process-doodle/,vertaald:artikel,EXACT,
/ru/2009/06/process-doodle/feed/,/ru/2009/06/process-doodle/,vertaald:feed,REDIRECT,301 · 1 hop
/ru/2009/06/question-game/,/ru/2009/06/question-game/,vertaald:artikel,EXACT,
/ru/2009/06/question-game/feed/,/ru/2009/06/question-game/,vertaald:feed,REDIRECT,301 · 1 hop
/ru/2009/06/rate-games-at-blog-tastycupcakes-com/,/2009/06/rate-games-at-blog-tastycupcakes-com/,vertaald:artikel,REDIRECT,301 · 1 hop
/ru/2009/06/rate-games-at-blog-tastycupcakes-com/feed/,/2009/06/rate-games-at-blog-tastycupcakes-com/,vertaald:feed,REDIRECT,301 · 1 hop
/ru/2009/06/resort-brochure/,/ru/2009/06/resort-brochure/,vertaald:artikel,EXACT,
/ru/2009/06/resort-brochure/feed/,/ru/2009/06/resort-brochure/,vertaald:feed,REDIRECT,301 · 1 hop
/ru/2009/06/submit-your-game/,/2009/06/submit-your-game/,vertaald:artikel,REDIRECT,301 · 1 hop
/ru/2009/06/submit-your-game/feed/,/2009/06/submit-your-game/,vertaald:feed,REDIRECT,301 · 1 hop
/ru/2009/06/tangled-mess/,/ru/2009/06/tangled-mess/,vertaald:artikel,EXACT,
/ru/2009/06/tangled-mess/feed/,/ru/2009/06/tangled-mess/,vertaald:feed,REDIRECT,301 · 1 hop
/ru/2009/06/telephone-game/,/ru/2009/06/telephone-game/,vertaald:artikel,EXACT,
/ru/2009/06/telephone-game/comment-page-1/,/ru/2009/06/telephone-game/,vertaald:reactiepagina,REDIRECT,301 · 1 hop
/ru/2009/06/telephone-game/feed/,/ru/2009/06/telephone-game/,vertaald:feed,REDIRECT,301 · 1 hop
/ru/2009/06/the-story-of-our-sprints/,/ru/2009/06/the-story-of-our-sprints/,vertaald:artikel,EXACT,
/ru/2009/06/the-story-of-our-sprints/feed/,/ru/2009/06/the-story-of-our-sprints/,vertaald:feed,REDIRECT,301 · 1 hop
/ru/2009/06/the-train-game/,/ru/2009/06/the-train-game/,vertaald:artikel,EXACT,
/ru/2009/06/the-train-game/feed/,/ru/2009/06/the-train-game/,vertaald:feed,REDIRECT,301 · 1 hop
/ru/2009/06/theory-of-constraints-dice-game/,/ru/2009/06/theory-of-constraints-dice-game/,vertaald:artikel,EXACT,
/ru/2009/06/theory-of-constraints-dice-game/feed/,/ru/2009/06/theory-of-constraints-dice-game/,vertaald:feed,REDIRECT,301 · 1 hop
/ru/2009/06/were-having-a-party/,/ru/2009/06/were-having-a-party/,vertaald:artikel,EXACT,
/ru/2009/06/were-having-a-party/feed/,/ru/2009/06/were-having-a-party/,vertaald:feed,REDIRECT,301 · 1 hop
/ru/2009/06/what-were-they-thinking/,/ru/2009/06/what-were-they-thinking/,vertaald:artikel,EXACT,
/ru/2009/06/why-agile-games/,/2009/06/why-agile-games/,vertaald:artikel,REDIRECT,301 · 1 hop
/ru/2009/06/why-agile-games/feed/,/2009/06/why-agile-games/,vertaald:feed,REDIRECT,301 · 1 hop
/ru/2009/06/word-at-a-time-letter/,/ru/2009/06/word-at-a-time-letter/,vertaald:artikel,EXACT,
/ru/2009/06/word-at-a-time-letter/feed/,/ru/2009/06/word-at-a-time-letter/,vertaald:feed,REDIRECT,301 · 1 hop
/ru/2009/06/you-are-not-in-control/,/ru/2009/06/you-are-not-in-control/,vertaald:artikel,EXACT,
/ru/2009/07/people-polling/,/ru/2009/07/people-polling/,vertaald:artikel,EXACT,
/ru/2009/07/people-polling/feed/,/ru/2009/07/people-polling/,vertaald:feed,REDIRECT,301 · 1 hop
/ru/2009/07/the-problem-with-principles/,/2009/07/the-problem-with-principles/,vertaald:artikel,REDIRECT,301 · 1 hop
/ru/2009/07/the-problem-with-principles/feed/,/2009/07/the-problem-with-principles/,vertaald:feed,REDIRECT,301 · 1 hop
/ru/2009/08/example-please/,/ru/2009/08/example-please/,vertaald:artikel,EXACT,
/ru/2009/09/sizing-game/,/ru/2009/09/sizing-game/,vertaald:artikel,EXACT,
/ru/2009/10/about/michael-mccullough/,,vertaald:attachment,GONE,attachmentpagina zonder bestaande post
/ru/2009/10/map-flap/,/2009/10/map-flap/,vertaald:artikel,REDIRECT,301 · 1 hop
/ru/2009/10/map-flap/feed/,/2009/10/map-flap/,vertaald:feed,REDIRECT,301 · 1 hop
/ru/2009/11/tastycupcakes-published-in-agile-journal/,/ru/2009/11/tastycupcakes-published-in-agile-journal/,vertaald:artikel,EXACT,
/ru/2009/11/tastycupcakes-published-in-agile-journal/feed/,/ru/2009/11/tastycupcakes-published-in-agile-journal/,vertaald:feed,REDIRECT,301 · 1 hop
/ru/2009/12/tastycupcakes-agile-games-podcast-with-improving-enterprises/,/2009/12/tastycupcakes-agile-games-podcast-with-improving-enterprises/,vertaald:artikel,REDIRECT,301 · 1 hop
/ru/2010/01/pocket-sized-principles/,/2010/01/pocket-sized-principles/,vertaald:artikel,REDIRECT,301 · 1 hop
/ru/2010/01/pocket-sized-principles/comment-page-1/,/2010/01/pocket-sized-principles/,vertaald:reactiepagina,REDIRECT,301 · 1 hop
/ru/2010/01/pocket-sized-principles/feed/,/2010/01/pocket-sized-principles/,vertaald:feed,REDIRECT,301 · 1 hop
/ru/2010/03/deep-agile-2010-empowering-teams-with-agile-games/,/2010/03/deep-agile-2010-empowering-teams-with-agile-games/,vertaald:artikel,REDIRECT,301 · 1 hop
/ru/2010/05/about/michael-mccullough/,,vertaald:attachment,GONE,attachmentpagina zonder bestaande post
/ru/2010/05/first-agile-games-conference-at-deepagile/,/2010/05/first-agile-games-conference-at-deepagile/,vertaald:artikel,REDIRECT,301 · 1 hop
/ru/2010/05/first-agile-games-conference-at-deepagile/feed/,/2010/05/first-agile-games-conference-at-deepagile/,vertaald:feed,REDIRECT,301 · 1 hop
/ru/2010/07/the-backlog-is-in-the-eye-of-the-beholder/,/ru/2010/07/the-backlog-is-in-the-eye-of-the-beholder/,vertaald:artikel,EXACT,
/ru/2010/07/the-backlog-is-in-the-eye-of-the-beholder/feed/,/ru/2010/07/the-backlog-is-in-the-eye-of-the-beholder/,vertaald:feed,REDIRECT,301 · 1 hop
/ru/2010/10/agile-games-conference-2011/,/2010/10/agile-games-conference-2011/,vertaald:artikel,REDIRECT,301 · 1 hop
/ru/2010/10/agile-games-conference-2011/feed/,/2010/10/agile-games-conference-2011/,vertaald:feed,REDIRECT,301 · 1 hop
/ru/2010/11/marshmallow-challenge/,/2010/11/marshmallow-challenge/,vertaald:artikel,REDIRECT,301 · 1 hop
/ru/2010/11/marshmallow-challenge/feed/,/2010/11/marshmallow-challenge/,vertaald:feed,REDIRECT,301 · 1 hop
/ru/2011/01/agile-games-2011-conference-super-early-bird-pricing-until-january-24-2011/,/2011/01/agile-games-2011-conference-super-early-bird-pricing-until-january-24-2011/,vertaald:artikel,REDIRECT,301 · 1 hop
/ru/2011/01/agile-games-2011-conference-super-early-bird-pricing-until-january-24-2011/feed/,/2011/01/agile-games-2011-conference-super-early-bird-pricing-until-january-24-2011/,vertaald:feed,REDIRECT,301 · 1 hop
/ru/2011/01/new-for-2011-tastycupcakes-updated-and-expanded-vision/,/2011/01/new-for-2011-tastycupcakes-updated-and-expanded-vision/,vertaald:artikel,REDIRECT,301 · 1 hop
/ru/2011/01/new-for-2011-tastycupcakes-updated-and-expanded-vision/feed/,/2011/01/new-for-2011-tastycupcakes-updated-and-expanded-vision/,vertaald:feed,REDIRECT,301 · 1 hop
/ru/2011/01/your-turn-to-play-get-involved-with-tasty-cupcakes/,/2011/01/your-turn-to-play-get-involved-with-tasty-cupcakes/,vertaald:artikel,REDIRECT,301 · 1 hop
/ru/2011/01/your-turn-to-play-get-involved-with-tasty-cupcakes/feed/,/2011/01/your-turn-to-play-get-involved-with-tasty-cupcakes/,vertaald:feed,REDIRECT,301 · 1 hop
/ru/2011/02/agile-games-2011-early-bird-prices-end-feb-28th/,/2011/02/agile-games-2011-early-bird-prices-end-feb-28th/,vertaald:artikel,REDIRECT,301 · 1 hop
/ru/2011/02/agile-games-2011-early-bird-prices-end-feb-28th/feed/,/2011/02/agile-games-2011-early-bird-prices-end-feb-28th/,vertaald:feed,REDIRECT,301 · 1 hop
/ru/2011/02/tasty-cupcakes-now-in-three-languages/,/2011/02/tasty-cupcakes-now-in-three-languages/,vertaald:artikel,REDIRECT,301 · 1 hop
/ru/2011/02/tasty-cupcakes-now-in-three-languages/feed/,/2011/02/tasty-cupcakes-now-in-three-languages/,vertaald:feed,REDIRECT,301 · 1 hop
/ru/2011/03/bang-for-the-buck-prioritization/,/2011/03/bang-for-the-buck-prioritization/,vertaald:artikel,REDIRECT,301 · 1 hop
/ru/2011/03/bang-for-the-buck-prioritization/feed/,/2011/03/bang-for-the-buck-prioritization/,vertaald:feed,REDIRECT,301 · 1 hop
/ru/2011/04/coaching-skills-dojo/,/2011/04/coaching-skills-dojo/,vertaald:artikel,REDIRECT,301 · 1 hop
/ru/2011/04/coaching-skills-dojo/feed/,/2011/04/coaching-skills-dojo/,vertaald:feed,REDIRECT,301 · 1 hop
/ru/2011/04/dont-blow-it/,/2011/04/dont-blow-it/,vertaald:artikel,REDIRECT,301 · 1 hop
/ru/2011/04/dont-blow-it/feed/,/2011/04/dont-blow-it/,vertaald:feed,REDIRECT,301 · 1 hop
/ru/2011/04/non-musical-chairs/,/ru/2011/04/non-musical-chairs/,vertaald:artikel,EXACT,
/ru/2011/04/non-musical-chairs/comment-page-1/,/ru/2011/04/non-musical-chairs/,vertaald:reactiepagina,REDIRECT,301 · 1 hop
/ru/2011/04/non-musical-chairs/feed/,/ru/2011/04/non-musical-chairs/,vertaald:feed,REDIRECT,301 · 1 hop
/ru/2011/04/pair-chess-exercise/,/ru/2011/04/pair-chess-exercise/,vertaald:artikel,EXACT,
/ru/2011/04/pair-chess-exercise/feed/,/ru/2011/04/pair-chess-exercise/,vertaald:feed,REDIRECT,301 · 1 hop
/ru/2011/04/redesign-the-gift-giving-experience/,/ru/2011/04/redesign-the-gift-giving-experience/,vertaald:artikel,EXACT,
/ru/2011/04/redesign-the-gift-giving-experience/feed/,/ru/2011/04/redesign-the-gift-giving-experience/,vertaald:feed,REDIRECT,301 · 1 hop
/ru/2011/04/sustaining-agility/,/ru/2011/04/sustaining-agility/,vertaald:artikel,EXACT,
/ru/2011/04/sustaining-agility/feed/,/ru/2011/04/sustaining-agility/,vertaald:feed,REDIRECT,301 · 1 hop
/ru/2011/04/tastycupcakes-community-update/,/2011/04/tastycupcakes-community-update/,vertaald:artikel,REDIRECT,301 · 1 hop
/ru/2011/04/tastycupcakes-community-update/feed/,/2011/04/tastycupcakes-community-update/,vertaald:feed,REDIRECT,301 · 1 hop
/ru/2011/05/screencast-four-ways-to-search-for-games-on-tastycupcakes/,/2011/05/screencast-four-ways-to-search-for-games-on-tastycupcakes/,vertaald:artikel,REDIRECT,301 · 1 hop
/ru/2011/05/screencast-four-ways-to-search-for-games-on-tastycupcakes/feed/,/2011/05/screencast-four-ways-to-search-for-games-on-tastycupcakes/,vertaald:feed,REDIRECT,301 · 1 hop
/ru/2011/05/we-played-innovationgames-to-plan-tastycupcakes-org/,/2011/05/we-played-innovationgames-to-plan-tastycupcakes-org/,vertaald:artikel,REDIRECT,301 · 1 hop
/ru/2011/05/we-played-innovationgames-to-plan-tastycupcakes-org/feed/,/2011/05/we-played-innovationgames-to-plan-tastycupcakes-org/,vertaald:feed,REDIRECT,301 · 1 hop
/ru/2011/05/we-played-innovationgames-to-plan-tastycupcakes-org/tastygames-printme/,/2011/05/we-played-innovationgames-to-plan-tastycupcakes-org/,vertaald:attachment,REDIRECT,301 · 1 hop
/ru/2011/05/we-played-innovationgames-to-plan-tastycupcakes-org/tastygames-printme/feed/,/2011/05/we-played-innovationgames-to-plan-tastycupcakes-org/,vertaald:feed,REDIRECT,301 · 1 hop
/ru/2011/06/cover-story-2/,/ru/2011/06/cover-story-2/,vertaald:artikel,EXACT,
/ru/2011/06/cover-story-2/feed/,/ru/2011/06/cover-story-2/,vertaald:feed,REDIRECT,301 · 1 hop
/ru/2011/06/empathy-map/,/ru/2011/06/empathy-map/,vertaald:artikel,EXACT,
/ru/2011/06/empathy-map/feed/,/ru/2011/06/empathy-map/,vertaald:feed,REDIRECT,301 · 1 hop
/ru/2011/06/online-plusdelta-game/,/2011/06/online-plusdelta-game/,vertaald:artikel,REDIRECT,301 · 1 hop
/ru/2011/06/online-plusdelta-game/feed/,/2011/06/online-plusdelta-game/,vertaald:feed,REDIRECT,301 · 1 hop
/ru/2011/06/prune-the-product-tree/,/ru/2011/06/prune-the-product-tree/,vertaald:artikel,EXACT,
/ru/2011/06/prune-the-product-tree/feed/,/ru/2011/06/prune-the-product-tree/,vertaald:feed,REDIRECT,301 · 1 hop
/ru/2011/06/rock-paper-scissors-happiness/,/2011/06/rock-paper-scissors-happiness/,vertaald:artikel,REDIRECT,301 · 1 hop
/ru/2011/06/rock-paper-scissors-happiness/feed/,/2011/06/rock-paper-scissors-happiness/,vertaald:feed,REDIRECT,301 · 1 hop
/ru/2011/06/speed-boat/,/2011/06/speed-boat/,vertaald:artikel,REDIRECT,301 · 1 hop
/ru/2011/06/speed-boat/feed/,/2011/06/speed-boat/,vertaald:feed,REDIRECT,301 · 1 hop
/ru/2011/06/the-whole-product-game/,/2011/06/the-whole-product-game/,vertaald:artikel,REDIRECT,301 · 1 hop
/ru/2011/06/the-whole-product-game/feed/,/2011/06/the-whole-product-game/,vertaald:feed,REDIRECT,301 · 1 hop
/ru/2011/07/actions-for-retrospectives-2/,/2011/07/actions-for-retrospectives-2/,vertaald:artikel,REDIRECT,301 · 1 hop
/ru/2011/07/actions-for-retrospectives-2/feed/,/2011/07/actions-for-retrospectives-2/,vertaald:feed,REDIRECT,301 · 1 hop
/ru/2011/07/agile-airplanes/,/2011/07/agile-airplanes/,vertaald:artikel,REDIRECT,301 · 1 hop
/ru/2011/07/agile-airplanes/agile_airplane/,/2011/07/agile-airplanes/,vertaald:attachment,REDIRECT,301 · 1 hop
/ru/2011/07/agile-airplanes/agile_airplane/feed/,/2011/07/agile-airplanes/,vertaald:feed,REDIRECT,301 · 1 hop
/ru/2011/07/agile-airplanes/comment-page-1/,/2011/07/agile-airplanes/,vertaald:reactiepagina,REDIRECT,301 · 1 hop
/ru/2011/07/agile-airplanes/feed/,/2011/07/agile-airplanes/,vertaald:feed,REDIRECT,301 · 1 hop
/ru/2011/07/agile-game-incubator-agile-games-2011/,/2011/07/agile-game-incubator-agile-games-2011/,vertaald:artikel,REDIRECT,301 · 1 hop
/ru/2011/07/agile-game-incubator-agile-games-2011/feed/,/2011/07/agile-game-incubator-agile-games-2011/,vertaald:feed,REDIRECT,301 · 1 hop
/ru/2011/07/agile-game-incubator-online/,/2011/07/agile-game-incubator-online/,vertaald:artikel,REDIRECT,301 · 1 hop
/ru/2011/07/agile-game-incubator-online/feed/,/2011/07/agile-game-incubator-online/,vertaald:feed,REDIRECT,301 · 1 hop
/ru/2011/07/dodontisisnt/,/2011/07/dodontisisnt/,vertaald:artikel,REDIRECT,301 · 1 hop
/ru/2011/07/dodontisisnt/dodontisisnt/,/2011/07/dodontisisnt/,vertaald:attachment,REDIRECT,301 · 1 hop
/ru/2011/07/dodontisisnt/dodontisisnt/feed/,/2011/07/dodontisisnt/,vertaald:feed,REDIRECT,301 · 1 hop
/ru/2011/07/dodontisisnt/feed/,/2011/07/dodontisisnt/,vertaald:feed,REDIRECT,301 · 1 hop
/ru/2011/07/how-now-wow-matrix/,/2011/07/how-now-wow-matrix/,vertaald:artikel,REDIRECT,301 · 1 hop
/ru/2011/07/how-now-wow-matrix/feed/,/2011/07/how-now-wow-matrix/,vertaald:feed,REDIRECT,301 · 1 hop
/ru/2011/07/impact-effort-matrix/,/2011/07/impact-effort-matrix/,vertaald:artikel,REDIRECT,301 · 1 hop
/ru/2011/07/impact-effort-matrix/feed/,/2011/07/impact-effort-matrix/,vertaald:feed,REDIRECT,301 · 1 hop
/ru/2011/07/proscons-game/,/2011/07/proscons-game/,vertaald:artikel,REDIRECT,301 · 1 hop
/ru/2011/07/proscons-game/feed/,/2011/07/proscons-game/,vertaald:feed,REDIRECT,301 · 1 hop
/ru/2011/07/swot-analysis-game/,/2011/07/swot-analysis-game/,vertaald:artikel,REDIRECT,301 · 1 hop
/ru/2011/07/swot-analysis-game/feed/,/2011/07/swot-analysis-game/,vertaald:feed,REDIRECT,301 · 1 hop
/ru/2011/07/the-big-payoff/,/ru/2011/07/the-big-payoff/,vertaald:artikel,EXACT,
/ru/2011/07/the-big-payoff/feed/,/ru/2011/07/the-big-payoff/,vertaald:feed,REDIRECT,301 · 1 hop
/ru/2011/08/circles-and-soup/,/2011/08/circles-and-soup/,vertaald:artikel,REDIRECT,301 · 1 hop
/ru/2011/08/circles-and-soup/comment-page-1/,/2011/08/circles-and-soup/,vertaald:reactiepagina,REDIRECT,301 · 1 hop
/ru/2011/08/circles-and-soup/feed/,/2011/08/circles-and-soup/,vertaald:feed,REDIRECT,301 · 1 hop
/ru/2011/08/learning-matrix/,/2011/08/learning-matrix/,vertaald:artikel,REDIRECT,301 · 1 hop
/ru/2011/08/learning-matrix/feed/,/2011/08/learning-matrix/,vertaald:feed,REDIRECT,301 · 1 hop
/ru/2011/08/merrill-covey-matrix/,/2011/08/merrill-covey-matrix/,vertaald:artikel,REDIRECT,301 · 1 hop
/ru/2011/08/merrill-covey-matrix/feed/,/2011/08/merrill-covey-matrix/,vertaald:feed,REDIRECT,301 · 1 hop
/ru/2011/08/zhong-zhi-a-one-handed-agile-game-for-illustrating-problems-and-finding-solutions/,/2011/08/zhong-zhi-a-one-handed-agile-game-for-illustrating-problems-and-finding-solutions/,vertaald:artikel,REDIRECT,301 · 1 hop
/ru/2011/08/zhong-zhi-a-one-handed-agile-game-for-illustrating-problems-and-finding-solutions/feed/,/2011/08/zhong-zhi-a-one-handed-agile-game-for-illustrating-problems-and-finding-solutions/,vertaald:feed,REDIRECT,301 · 1 hop
/ru/2011/10/continuous-integration-with-lego/,/2011/10/continuous-integration-with-lego/,vertaald:artikel,REDIRECT,301 · 1 hop
/ru/2011/10/continuous-integration-with-lego/comment-page-1/,/2011/10/continuous-integration-with-lego/,vertaald:reactiepagina,REDIRECT,301 · 1 hop
/ru/2011/10/continuous-integration-with-lego/feed/,/2011/10/continuous-integration-with-lego/,vertaald:feed,REDIRECT,301 · 1 hop
/ru/2011/10/continuous-integration-with-lego/finished-cube-real-1/,/2011/10/continuous-integration-with-lego/,vertaald:attachment,REDIRECT,301 · 1 hop
/ru/2011/10/continuous-integration-with-lego/finished-cube-real-1/feed/,/2011/10/continuous-integration-with-lego/,vertaald:feed,REDIRECT,301 · 1 hop
/ru/2011/10/continuous-integration-with-lego/finished-cube-real-2/,/2011/10/continuous-integration-with-lego/,vertaald:attachment,REDIRECT,301 · 1 hop
/ru/2011/10/continuous-integration-with-lego/finished-cube-real-2/feed/,/2011/10/continuous-integration-with-lego/,vertaald:feed,REDIRECT,301 · 1 hop
/ru/2011/10/continuous-integration-with-lego/finished-cube-real-3/,/2011/10/continuous-integration-with-lego/,vertaald:attachment,REDIRECT,301 · 1 hop
/ru/2011/10/continuous-integration-with-lego/finished-cube-real-3/feed/,/2011/10/continuous-integration-with-lego/,vertaald:feed,REDIRECT,301 · 1 hop
/ru/2011/10/continuous-integration-with-lego/finished-cube-real-4/,/2011/10/continuous-integration-with-lego/,vertaald:attachment,REDIRECT,301 · 1 hop
/ru/2011/10/continuous-integration-with-lego/finished-cube-real-4/feed/,/2011/10/continuous-integration-with-lego/,vertaald:feed,REDIRECT,301 · 1 hop
/ru/2011/10/mitch-lacey-team-prioritization/,/2011/10/mitch-lacey-team-prioritization/,vertaald:artikel,REDIRECT,301 · 1 hop
/ru/2011/10/mitch-lacey-team-prioritization/feed/,/2011/10/mitch-lacey-team-prioritization/,vertaald:feed,REDIRECT,301 · 1 hop
/ru/2011/10/pairing-for-non-programmers/,/2011/10/pairing-for-non-programmers/,vertaald:artikel,REDIRECT,301 · 1 hop
/ru/2011/10/pairing-for-non-programmers/comment-page-1/,/2011/10/pairing-for-non-programmers/,vertaald:reactiepagina,REDIRECT,301 · 1 hop
/ru/2011/10/pairing-for-non-programmers/feed/,/2011/10/pairing-for-non-programmers/,vertaald:feed,REDIRECT,301 · 1 hop
/ru/2011/11/human-knot/,/2011/11/human-knot/,vertaald:artikel,REDIRECT,301 · 1 hop
/ru/2011/11/human-knot/feed/,/2011/11/human-knot/,vertaald:feed,REDIRECT,301 · 1 hop
/ru/2011/12/circles-of-influence/,/2011/12/circles-of-influence/,vertaald:artikel,REDIRECT,301 · 1 hop
/ru/2011/12/circles-of-influence/feed/,/2011/12/circles-of-influence/,vertaald:feed,REDIRECT,301 · 1 hop
/ru/2011/12/values-driven-retrospective-game/,/2011/12/values-driven-retrospective-game/,vertaald:artikel,REDIRECT,301 · 1 hop
/ru/2011/12/values-driven-retrospective-game/feed/,/2011/12/values-driven-retrospective-game/,vertaald:feed,REDIRECT,301 · 1 hop
/ru/2012/01/agile-games-2012-call-for-games/,/2012/01/agile-games-2012-call-for-games/,vertaald:artikel,REDIRECT,301 · 1 hop
/ru/2012/01/agile-games-2012-call-for-games/feed/,/2012/01/agile-games-2012-call-for-games/,vertaald:feed,REDIRECT,301 · 1 hop
/ru/2012/02/is-it-ragu-or-bolognese/,/2012/02/is-it-ragu-or-bolognese/,vertaald:artikel,REDIRECT,301 · 1 hop
/ru/2012/02/is-it-ragu-or-bolognese/feed/,/2012/02/is-it-ragu-or-bolognese/,vertaald:feed,REDIRECT,301 · 1 hop
/ru/2012/02/multitasking-game-handsnumberssong/,/2012/02/multitasking-game-handsnumberssong/,vertaald:artikel,REDIRECT,301 · 1 hop
/ru/2012/02/multitasking-game-handsnumberssong/feed/,/2012/02/multitasking-game-handsnumberssong/,vertaald:feed,REDIRECT,301 · 1 hop
/ru/2012/02/nobodys-perfct/,/2012/02/nobodys-perfct/,vertaald:artikel,REDIRECT,301 · 1 hop
/ru/2012/02/nobodys-perfct/feed/,/2012/02/nobodys-perfct/,vertaald:feed,REDIRECT,301 · 1 hop
/ru/2012/02/you-sunk-my-methodology/,/2012/02/you-sunk-my-methodology/,vertaald:artikel,REDIRECT,301 · 1 hop
/ru/2012/02/you-sunk-my-methodology/feed/,/2012/02/you-sunk-my-methodology/,vertaald:feed,REDIRECT,301 · 1 hop
/ru/2012/03/fearless-journey-the-game-that-gets-your-team-unstuck/,/2012/03/fearless-journey-the-game-that-gets-your-team-unstuck/,vertaald:artikel,REDIRECT,301 · 1 hop
/ru/2012/03/fearless-journey-the-game-that-gets-your-team-unstuck/feed/,/2012/03/fearless-journey-the-game-that-gets-your-team-unstuck/,vertaald:feed,REDIRECT,301 · 1 hop
/ru/2012/03/job-or-joy/,/2012/03/job-or-joy/,vertaald:artikel,REDIRECT,301 · 1 hop
/ru/2012/03/job-or-joy/feed/,/2012/03/job-or-joy/,vertaald:feed,REDIRECT,301 · 1 hop
/ru/2012/03/one-word-storytelling/,/2012/03/one-word-storytelling/,vertaald:artikel,REDIRECT,301 · 1 hop
/ru/2012/03/one-word-storytelling/feed/,/2012/03/one-word-storytelling/,vertaald:feed,REDIRECT,301 · 1 hop
/ru/2012/03/ouija-board-estimation/,/2012/03/ouija-board-estimation/,vertaald:artikel,REDIRECT,301 · 1 hop
/ru/2012/03/ouija-board-estimation/comment-page-1/,/2012/03/ouija-board-estimation/,vertaald:reactiepagina,REDIRECT,301 · 1 hop
/ru/2012/03/ouija-board-estimation/feed/,/2012/03/ouija-board-estimation/,vertaald:feed,REDIRECT,301 · 1 hop
/ru/2012/04/scrum-simulation-with-lego-bricks/,/ru/2012/04/scrum-simulation-with-lego-bricks/,vertaald:artikel,EXACT,
/ru/2012/04/scrum-simulation-with-lego-bricks/feed/,/ru/2012/04/scrum-simulation-with-lego-bricks/,vertaald:feed,REDIRECT,301 · 1 hop
/ru/2012/04/tasty-estimation/,/2012/04/tasty-estimation/,vertaald:artikel,REDIRECT,301 · 1 hop
/ru/2012/04/tasty-estimation/feed/,/2012/04/tasty-estimation/,vertaald:feed,REDIRECT,301 · 1 hop
/ru/2012/05/lean-startup-snowflakes/,/2012/05/lean-startup-snowflakes/,vertaald:artikel,REDIRECT,301 · 1 hop
/ru/2012/05/lean-startup-snowflakes/comment-page-1/,/2012/05/lean-startup-snowflakes/,vertaald:reactiepagina,REDIRECT,301 · 1 hop
/ru/2012/05/lean-startup-snowflakes/feed/,/2012/05/lean-startup-snowflakes/,vertaald:feed,REDIRECT,301 · 1 hop
/ru/2012/05/ultimate-battle/,,vertaald:artikel,GONE,vertaalde fallback zonder EN-origineel
/ru/2012/05/ultimate-battle/feed/,,vertaald:feed,GONE,attachmentpagina zonder bestaande post
/ru/2012/06/2-brains-tell-it-sell-it/,/2012/06/2-brains-tell-it-sell-it/,vertaald:artikel,REDIRECT,301 · 1 hop
/ru/2012/06/2-brains-tell-it-sell-it/feed/,/2012/06/2-brains-tell-it-sell-it/,vertaald:feed,REDIRECT,301 · 1 hop
/ru/2012/07/challenger-selling-model/,/2012/07/challenger-selling-model/,vertaald:artikel,REDIRECT,301 · 1 hop
/ru/2012/07/challenger-selling-model/feed/,/2012/07/challenger-selling-model/,vertaald:feed,REDIRECT,301 · 1 hop
/ru/2012/07/gone-fishing-game/,/2012/07/gone-fishing-game/,vertaald:artikel,REDIRECT,301 · 1 hop
/ru/2012/07/gone-fishing-game/feed/,/2012/07/gone-fishing-game/,vertaald:feed,REDIRECT,301 · 1 hop
/ru/2012/07/innovation-ambition-matrix/,/2012/07/innovation-ambition-matrix/,vertaald:artikel,REDIRECT,301 · 1 hop
/ru/2012/07/innovation-ambition-matrix/feed/,/2012/07/innovation-ambition-matrix/,vertaald:feed,REDIRECT,301 · 1 hop
/ru/2012/08/customer-centric/,/2012/08/customer-centric/,vertaald:artikel,REDIRECT,301 · 1 hop
/ru/2012/08/customer-centric/feed/,/2012/08/customer-centric/,vertaald:feed,REDIRECT,301 · 1 hop
/ru/2012/08/die-card-die-the-interruption-game/,/2012/08/die-card-die-the-interruption-game/,vertaald:artikel,REDIRECT,301 · 1 hop
/ru/2012/08/die-card-die-the-interruption-game/comment-page-1/,/2012/08/die-card-die-the-interruption-game/,vertaald:reactiepagina,REDIRECT,301 · 1 hop
/ru/2012/08/die-card-die-the-interruption-game/die_card_die-2/,/2012/08/die-card-die-the-interruption-game/,vertaald:attachment,REDIRECT,301 · 1 hop
/ru/2012/08/die-card-die-the-interruption-game/die_card_die-2/feed/,/2012/08/die-card-die-the-interruption-game/,vertaald:feed,REDIRECT,301 · 1 hop
/ru/2012/08/die-card-die-the-interruption-game/feed/,/2012/08/die-card-die-the-interruption-game/,vertaald:feed,REDIRECT,301 · 1 hop
/ru/2012/08/innovation-generator/,/2012/08/innovation-generator/,vertaald:artikel,REDIRECT,301 · 1 hop
/ru/2012/08/innovation-generator/feed/,/2012/08/innovation-generator/,vertaald:feed,REDIRECT,301 · 1 hop
/ru/2012/08/kanban-tetris/,/2012/08/kanban-tetris/,vertaald:artikel,REDIRECT,301 · 1 hop
/ru/2012/08/kanban-tetris/feed/,/2012/08/kanban-tetris/,vertaald:feed,REDIRECT,301 · 1 hop
/ru/2012/08/safe-bold-framework/,/2012/08/safe-bold-framework/,vertaald:artikel,REDIRECT,301 · 1 hop
/ru/2012/08/safe-bold-framework/feed/,/2012/08/safe-bold-framework/,vertaald:feed,REDIRECT,301 · 1 hop
/ru/2012/08/wellbeing-north-star/,/2012/08/wellbeing-north-star/,vertaald:artikel,REDIRECT,301 · 1 hop
/ru/2012/08/wellbeing-north-star/feed/,/2012/08/wellbeing-north-star/,vertaald:feed,REDIRECT,301 · 1 hop
/ru/2012/09/the-domino-effect/,/2012/09/the-domino-effect/,vertaald:artikel,REDIRECT,301 · 1 hop
/ru/2012/09/the-domino-effect/feed/,/2012/09/the-domino-effect/,vertaald:feed,REDIRECT,301 · 1 hop
/ru/2012/09/the-project-managers-nightmare/,/2012/09/the-project-managers-nightmare/,vertaald:artikel,REDIRECT,301 · 1 hop
/ru/2012/09/the-project-managers-nightmare/feed/,/2012/09/the-project-managers-nightmare/,vertaald:feed,REDIRECT,301 · 1 hop
/ru/2012/09/we-want-a-city-scrum-simulation-with-lego-extension/,/2012/09/we-want-a-city-scrum-simulation-with-lego-extension/,vertaald:artikel,REDIRECT,301 · 1 hop
/ru/2012/09/we-want-a-city-scrum-simulation-with-lego-extension/feed/,/2012/09/we-want-a-city-scrum-simulation-with-lego-extension/,vertaald:feed,REDIRECT,301 · 1 hop
/ru/2012/10/balloon-animals/,/2012/10/balloon-animals/,vertaald:artikel,REDIRECT,301 · 1 hop
/ru/2012/10/balloon-animals/feed/,/2012/10/balloon-animals/,vertaald:feed,REDIRECT,301 · 1 hop
/ru/2012/10/celebrity-prioritisation/,/2012/10/celebrity-prioritisation/,vertaald:artikel,REDIRECT,301 · 1 hop
/ru/2012/10/celebrity-prioritisation/comment-page-1/,/2012/10/celebrity-prioritisation/,vertaald:reactiepagina,REDIRECT,301 · 1 hop
/ru/2012/10/celebrity-prioritisation/feed/,/2012/10/celebrity-prioritisation/,vertaald:feed,REDIRECT,301 · 1 hop
/ru/2012/10/destroy/,/2012/10/destroy/,vertaald:artikel,REDIRECT,301 · 1 hop
/ru/2012/10/destroy/feed/,/2012/10/destroy/,vertaald:feed,REDIRECT,301 · 1 hop
/ru/2012/10/first-letter-last-letter/,/2012/10/first-letter-last-letter/,vertaald:artikel,REDIRECT,301 · 1 hop
/ru/2012/10/first-letter-last-letter/feed/,/2012/10/first-letter-last-letter/,vertaald:feed,REDIRECT,301 · 1 hop
/ru/2012/10/free-market-prioritisation/,/2012/10/free-market-prioritisation/,vertaald:artikel,REDIRECT,301 · 1 hop
/ru/2012/10/intuitions/,/2012/10/intuitions/,vertaald:artikel,REDIRECT,301 · 1 hop
/ru/2012/10/intuitions/feed/,/2012/10/intuitions/,vertaald:feed,REDIRECT,301 · 1 hop
/ru/2012/10/movements-of-a-hypnotic-nature/,/2012/10/movements-of-a-hypnotic-nature/,vertaald:artikel,REDIRECT,301 · 1 hop
/ru/2012/10/movements-of-a-hypnotic-nature/feed/,/2012/10/movements-of-a-hypnotic-nature/,vertaald:feed,REDIRECT,301 · 1 hop
/ru/2012/10/musical-bells/,/2012/10/musical-bells/,vertaald:artikel,REDIRECT,301 · 1 hop
/ru/2012/10/musical-bells/feed/,/2012/10/musical-bells/,vertaald:feed,REDIRECT,301 · 1 hop
/ru/2012/10/once-upon-a-time-in-legoland/,/2012/10/once-upon-a-time-in-legoland/,vertaald:artikel,REDIRECT,301 · 1 hop
/ru/2012/10/once-upon-a-time-in-legoland/feed/,/2012/10/once-upon-a-time-in-legoland/,vertaald:feed,REDIRECT,301 · 1 hop
/ru/2012/10/story-spines/,/2012/10/story-spines/,vertaald:artikel,REDIRECT,301 · 1 hop
/ru/2012/10/story-spines/feed/,/2012/10/story-spines/,vertaald:feed,REDIRECT,301 · 1 hop
/ru/2012/10/swedish-stories/,/2012/10/swedish-stories/,vertaald:artikel,REDIRECT,301 · 1 hop
/ru/2012/10/swedish-stories/feed/,/2012/10/swedish-stories/,vertaald:feed,REDIRECT,301 · 1 hop
/ru/2012/10/the-blame-game/,/2012/10/the-blame-game/,vertaald:artikel,REDIRECT,301 · 1 hop
/ru/2012/10/the-blame-game/feed/,/2012/10/the-blame-game/,vertaald:feed,REDIRECT,301 · 1 hop
/ru/2012/10/the-sprint-limerick/,/2012/10/the-sprint-limerick/,vertaald:artikel,REDIRECT,301 · 1 hop
/ru/2012/10/the-sprint-limerick/feed/,/2012/10/the-sprint-limerick/,vertaald:feed,REDIRECT,301 · 1 hop
/ru/2012/10/the-sprint-mural/,/2012/10/the-sprint-mural/,vertaald:artikel,REDIRECT,301 · 1 hop
/ru/2012/10/the-sprint-mural/feed/,/2012/10/the-sprint-mural/,vertaald:feed,REDIRECT,301 · 1 hop
/ru/2012/10/thirty-five/,/2012/10/thirty-five/,vertaald:artikel,REDIRECT,301 · 1 hop
/ru/2012/10/thirty-five/comment-page-1/,/2012/10/thirty-five/,vertaald:reactiepagina,REDIRECT,301 · 1 hop
/ru/2012/10/thirty-five/feed/,/2012/10/thirty-five/,vertaald:feed,REDIRECT,301 · 1 hop
/ru/2012/10/top-traits/,/2012/10/top-traits/,vertaald:artikel,REDIRECT,301 · 1 hop
/ru/2012/10/top-traits/feed/,/2012/10/top-traits/,vertaald:feed,REDIRECT,301 · 1 hop
/ru/2012/10/upside-downside/,/2012/10/upside-downside/,vertaald:artikel,REDIRECT,301 · 1 hop
/ru/2012/10/upside-downside/feed/,/2012/10/upside-downside/,vertaald:feed,REDIRECT,301 · 1 hop
/ru/2012/10/video-reframing/,/2012/10/video-reframing/,vertaald:artikel,REDIRECT,301 · 1 hop
/ru/2012/10/video-reframing/feed/,/2012/10/video-reframing/,vertaald:feed,REDIRECT,301 · 1 hop
/ru/2012/11/delight/,/2012/11/delight/,vertaald:artikel,REDIRECT,301 · 1 hop
/ru/2012/11/delight/feed/,/2012/11/delight/,vertaald:feed,REDIRECT,301 · 1 hop
/ru/2012/11/gift-box/,/2012/11/gift-box/,vertaald:artikel,REDIRECT,301 · 1 hop
/ru/2012/11/gift-box/feed/,/2012/11/gift-box/,vertaald:feed,REDIRECT,301 · 1 hop
/ru/2012/11/questions-only/,/2012/11/questions-only/,vertaald:artikel,REDIRECT,301 · 1 hop
/ru/2012/11/questions-only/comment-page-1/,/2012/11/questions-only/,vertaald:reactiepagina,REDIRECT,301 · 1 hop
/ru/2012/11/questions-only/feed/,/2012/11/questions-only/,vertaald:feed,REDIRECT,301 · 1 hop
/ru/2012/11/tdd-test-driven-drawing/,/2012/11/tdd-test-driven-drawing/,vertaald:artikel,REDIRECT,301 · 1 hop
/ru/2012/11/tdd-test-driven-drawing/2012-11-06-10-23-07/,/2012/11/tdd-test-driven-drawing/,vertaald:attachment,REDIRECT,301 · 1 hop
/ru/2012/11/tdd-test-driven-drawing/2012-11-06-10-23-07/feed/,/2012/11/tdd-test-driven-drawing/,vertaald:feed,REDIRECT,301 · 1 hop
/ru/2012/11/tdd-test-driven-drawing/2012-11-06-10-23-14/,/2012/11/tdd-test-driven-drawing/,vertaald:attachment,REDIRECT,301 · 1 hop
/ru/2012/11/tdd-test-driven-drawing/2012-11-06-10-23-14/feed/,/2012/11/tdd-test-driven-drawing/,vertaald:feed,REDIRECT,301 · 1 hop
/ru/2012/11/tdd-test-driven-drawing/2012-11-06-10-40-29/,/2012/11/tdd-test-driven-drawing/,vertaald:attachment,REDIRECT,301 · 1 hop
/ru/2012/11/tdd-test-driven-drawing/2012-11-06-10-40-29/feed/,/2012/11/tdd-test-driven-drawing/,vertaald:feed,REDIRECT,301 · 1 hop
/ru/2012/11/tdd-test-driven-drawing/feed/,/2012/11/tdd-test-driven-drawing/,vertaald:feed,REDIRECT,301 · 1 hop
/ru/2012/11/tdd-test-driven-drawing/screen-shot-2012-11-07-at-22-01-41/,/2012/11/tdd-test-driven-drawing/,vertaald:attachment,REDIRECT,301 · 1 hop
/ru/2012/11/tdd-test-driven-drawing/screen-shot-2012-11-07-at-22-01-41/feed/,/2012/11/tdd-test-driven-drawing/,vertaald:feed,REDIRECT,301 · 1 hop
/ru/2012/11/three-headed-expert/,/2012/11/three-headed-expert/,vertaald:artikel,REDIRECT,301 · 1 hop
/ru/2012/11/three-headed-expert/comment-page-1/,/2012/11/three-headed-expert/,vertaald:reactiepagina,REDIRECT,301 · 1 hop
/ru/2012/11/three-headed-expert/feed/,/2012/11/three-headed-expert/,vertaald:feed,REDIRECT,301 · 1 hop
/ru/2012/11/werewolf-facilitation/,/2012/11/werewolf-facilitation/,vertaald:artikel,REDIRECT,301 · 1 hop
/ru/2012/11/werewolf-facilitation/feed/,/2012/11/werewolf-facilitation/,vertaald:feed,REDIRECT,301 · 1 hop
/ru/2012/12/take-the-win-win-wave/,/2012/12/take-the-win-win-wave/,vertaald:artikel,REDIRECT,301 · 1 hop
/ru/2012/12/take-the-win-win-wave/feed/,/2012/12/take-the-win-win-wave/,vertaald:feed,REDIRECT,301 · 1 hop
/ru/2013/02/52-card-pickup/,/2013/02/52-card-pickup/,vertaald:artikel,REDIRECT,301 · 1 hop
/ru/2013/02/52-card-pickup/feed/,/2013/02/52-card-pickup/,vertaald:feed,REDIRECT,301 · 1 hop
/ru/2013/02/copycats-2/,/2013/02/copycats-2/,vertaald:artikel,REDIRECT,301 · 1 hop
/ru/2013/02/copycats-2/feed/,/2013/02/copycats-2/,vertaald:feed,REDIRECT,301 · 1 hop
/ru/2013/02/the-herculean-doughnut/,/2013/02/the-herculean-doughnut/,vertaald:artikel,REDIRECT,301 · 1 hop
/ru/2013/02/the-herculean-doughnut/comment-page-1/,/2013/02/the-herculean-doughnut/,vertaald:reactiepagina,REDIRECT,301 · 1 hop
/ru/2013/02/the-herculean-doughnut/feed/,/2013/02/the-herculean-doughnut/,vertaald:feed,REDIRECT,301 · 1 hop
/ru/2013/03/8-monkeys-in-a-cage-–-a-mura-learning-game/,/2013/03/8-monkeys-in-a-cage-–-a-mura-learning-game/,vertaald:artikel,REDIRECT,301 · 1 hop
/ru/2013/03/8-monkeys-in-a-cage-–-a-mura-learning-game/feed/,/2013/03/8-monkeys-in-a-cage-–-a-mura-learning-game/,vertaald:feed,REDIRECT,301 · 1 hop
/ru/2013/03/play-doh-zoo-agile-ux-unleashed/,/2013/03/play-doh-zoo-agile-ux-unleashed/,vertaald:artikel,REDIRECT,301 · 1 hop
/ru/2013/03/play-doh-zoo-agile-ux-unleashed/feed/,/2013/03/play-doh-zoo-agile-ux-unleashed/,vertaald:feed,REDIRECT,301 · 1 hop
/ru/2013/03/the-high-risk-airplane-factory/,/2013/03/the-high-risk-airplane-factory/,vertaald:artikel,REDIRECT,301 · 1 hop
/ru/2013/03/the-high-risk-airplane-factory/feed/,/2013/03/the-high-risk-airplane-factory/,vertaald:feed,REDIRECT,301 · 1 hop
/ru/2013/04/communication-race/,/2013/04/communication-race/,vertaald:artikel,REDIRECT,301 · 1 hop
/ru/2013/04/communication-race/feed/,/2013/04/communication-race/,vertaald:feed,REDIRECT,301 · 1 hop
/ru/2013/04/e-w-a-n-mcgregor/,/2013/04/e-w-a-n-mcgregor/,vertaald:artikel,REDIRECT,301 · 1 hop
/ru/2013/04/e-w-a-n-mcgregor/feed/,/2013/04/e-w-a-n-mcgregor/,vertaald:feed,REDIRECT,301 · 1 hop
/ru/2013/04/the-risk-is-in-the-blocks/,/2013/04/the-risk-is-in-the-blocks/,vertaald:artikel,REDIRECT,301 · 1 hop
/ru/2013/04/the-risk-is-in-the-blocks/comment-page-1/,/2013/04/the-risk-is-in-the-blocks/,vertaald:reactiepagina,REDIRECT,301 · 1 hop
/ru/2013/04/the-risk-is-in-the-blocks/feed/,/2013/04/the-risk-is-in-the-blocks/,vertaald:feed,REDIRECT,301 · 1 hop
/ru/2013/05/the-penny-game/,/2013/05/the-penny-game/,vertaald:artikel,REDIRECT,301 · 1 hop
/ru/2013/05/the-penny-game/comment-page-1/,/2013/05/the-penny-game/,vertaald:reactiepagina,REDIRECT,301 · 1 hop
/ru/2013/05/the-penny-game/feed/,/2013/05/the-penny-game/,vertaald:feed,REDIRECT,301 · 1 hop
/ru/2013/07/francais-99-ballons-de-test/,/2013/07/francais-99-ballons-de-test/,vertaald:artikel,REDIRECT,301 · 1 hop
/ru/2013/07/francais-99-ballons-de-test/feed/,/2013/07/francais-99-ballons-de-test/,vertaald:feed,REDIRECT,301 · 1 hop
/ru/2013/07/moodgraph/,/2013/07/moodgraph/,vertaald:artikel,REDIRECT,301 · 1 hop
/ru/2013/07/moodgraph/feed/,/2013/07/moodgraph/,vertaald:feed,REDIRECT,301 · 1 hop
/ru/2013/08/software-kanban-games/,/2013/08/software-kanban-games/,vertaald:artikel,REDIRECT,301 · 1 hop
/ru/2013/08/software-kanban-games/event-cards/,/2013/08/software-kanban-games/,vertaald:attachment,REDIRECT,301 · 1 hop
/ru/2013/08/software-kanban-games/event-cards/feed/,/2013/08/software-kanban-games/,vertaald:feed,REDIRECT,301 · 1 hop
/ru/2013/08/software-kanban-games/expedite-story-cards/,/2013/08/software-kanban-games/,vertaald:attachment,REDIRECT,301 · 1 hop
/ru/2013/08/software-kanban-games/expedite-story-cards/feed/,/2013/08/software-kanban-games/,vertaald:feed,REDIRECT,301 · 1 hop
/ru/2013/08/software-kanban-games/feed/,/2013/08/software-kanban-games/,vertaald:feed,REDIRECT,301 · 1 hop
/ru/2013/08/software-kanban-games/fixed-date-story-cards/,/2013/08/software-kanban-games/,vertaald:attachment,REDIRECT,301 · 1 hop
/ru/2013/08/software-kanban-games/fixed-date-story-cards/feed/,/2013/08/software-kanban-games/,vertaald:feed,REDIRECT,301 · 1 hop
/ru/2013/08/software-kanban-games/standard-story-cards/,/2013/08/software-kanban-games/,vertaald:attachment,REDIRECT,301 · 1 hop
/ru/2013/08/software-kanban-games/standard-story-cards/feed/,/2013/08/software-kanban-games/,vertaald:feed,REDIRECT,301 · 1 hop
/ru/2013/09/leadership-magic-trick/,/2013/09/leadership-magic-trick/,vertaald:artikel,REDIRECT,301 · 1 hop
/ru/2013/09/leadership-magic-trick/feed/,/2013/09/leadership-magic-trick/,vertaald:feed,REDIRECT,301 · 1 hop
/ru/2013/09/line-up/,/2013/09/line-up/,vertaald:artikel,REDIRECT,301 · 1 hop
/ru/2013/09/line-up/feed/,/2013/09/line-up/,vertaald:feed,REDIRECT,301 · 1 hop
/ru/2013/09/mind-reading/,/2013/09/mind-reading/,vertaald:artikel,REDIRECT,301 · 1 hop
/ru/2013/09/mind-reading/feed/,/2013/09/mind-reading/,vertaald:feed,REDIRECT,301 · 1 hop
/ru/2013/09/mind-reading/mind-reader-game-elinor-slomba-with-independent-software-team/,/2013/09/mind-reading/,vertaald:attachment,REDIRECT,301 · 1 hop
/ru/2013/09/mind-reading/mind-reader-game-elinor-slomba-with-independent-software-team/feed/,/2013/09/mind-reading/,vertaald:feed,REDIRECT,301 · 1 hop
/ru/2013/10/a-day-in-the-perfect-company-movie/,/2013/10/a-day-in-the-perfect-company-movie/,vertaald:artikel,REDIRECT,301 · 1 hop
/ru/2013/10/a-day-in-the-perfect-company-movie/feed/,/2013/10/a-day-in-the-perfect-company-movie/,vertaald:feed,REDIRECT,301 · 1 hop
/ru/2013/11/mobile-introspection-aka-opening-your-curatorial-eye/,/2013/11/mobile-introspection-aka-opening-your-curatorial-eye/,vertaald:artikel,REDIRECT,301 · 1 hop
/ru/2013/11/mobile-introspection-aka-opening-your-curatorial-eye/feed/,/2013/11/mobile-introspection-aka-opening-your-curatorial-eye/,vertaald:feed,REDIRECT,301 · 1 hop
/ru/2013/11/three-projects-three-experiments/,/2013/11/three-projects-three-experiments/,vertaald:artikel,REDIRECT,301 · 1 hop
/ru/2013/12/2014-san-jose-budget-games/,/2013/12/2014-san-jose-budget-games/,vertaald:artikel,REDIRECT,301 · 1 hop
/ru/2013/12/2014-san-jose-budget-games/feed/,/2013/12/2014-san-jose-budget-games/,vertaald:feed,REDIRECT,301 · 1 hop
/ru/2013/12/values-advocacy/,/2013/12/values-advocacy/,vertaald:artikel,REDIRECT,301 · 1 hop
/ru/2013/12/values-advocacy/feed/,/2013/12/values-advocacy/,vertaald:feed,REDIRECT,301 · 1 hop
/ru/2014/01/christmas-lucky-dip-game-with-a-twist-energise-your-christmas-party/,/2014/01/christmas-lucky-dip-game-with-a-twist-energise-your-christmas-party/,vertaald:artikel,REDIRECT,301 · 1 hop
/ru/2014/01/christmas-lucky-dip-game-with-a-twist-energise-your-christmas-party/comment-page-1/,/2014/01/christmas-lucky-dip-game-with-a-twist-energise-your-christmas-party/,vertaald:reactiepagina,REDIRECT,301 · 1 hop
/ru/2014/01/christmas-lucky-dip-game-with-a-twist-energise-your-christmas-party/feed/,/2014/01/christmas-lucky-dip-game-with-a-twist-energise-your-christmas-party/,vertaald:feed,REDIRECT,301 · 1 hop
/ru/2014/01/scrum-roles-and-responsibilities-game.html,,vertaald:bestand,GONE,stray-html
/ru/2014/01/scrum-roles-and-responsibilities-game/,/2014/01/scrum-roles-and-responsibilities-game/,vertaald:artikel,REDIRECT,301 · 1 hop
/ru/2014/01/scrum-roles-and-responsibilities-game/comment-page-1/,/2014/01/scrum-roles-and-responsibilities-game/,vertaald:reactiepagina,REDIRECT,301 · 1 hop
/ru/2014/01/scrum-roles-and-responsibilities-game/feed/,/2014/01/scrum-roles-and-responsibilities-game/,vertaald:feed,REDIRECT,301 · 1 hop
/ru/2014/02/card-in-a-sealed-envelope/,/2014/02/card-in-a-sealed-envelope/,vertaald:artikel,REDIRECT,301 · 1 hop
/ru/2014/02/card-in-a-sealed-envelope/feed/,/2014/02/card-in-a-sealed-envelope/,vertaald:feed,REDIRECT,301 · 1 hop
/ru/2014/02/matching-values/,/2014/02/matching-values/,vertaald:artikel,REDIRECT,301 · 1 hop
/ru/2014/02/matching-values/feed/,/2014/02/matching-values/,vertaald:feed,REDIRECT,301 · 1 hop
/ru/2014/02/means-first-then-states/,/2014/02/means-first-then-states/,vertaald:artikel,REDIRECT,301 · 1 hop
/ru/2014/02/means-first-then-states/feed/,/2014/02/means-first-then-states/,vertaald:feed,REDIRECT,301 · 1 hop
/ru/2014/03/the-sandwich-retrospective/,/2014/03/the-sandwich-retrospective/,vertaald:artikel,REDIRECT,301 · 1 hop
/ru/2014/03/the-sandwich-retrospective/feed/,/2014/03/the-sandwich-retrospective/,vertaald:feed,REDIRECT,301 · 1 hop
/ru/2014/05/ball-flow-game/,/2014/05/ball-flow-game/,vertaald:artikel,REDIRECT,301 · 1 hop
/ru/2014/05/ball-flow-game/feed/,/2014/05/ball-flow-game/,vertaald:feed,REDIRECT,301 · 1 hop
/ru/2014/05/lego-flow-game/,/2014/05/lego-flow-game/,vertaald:artikel,REDIRECT,301 · 1 hop
/ru/2014/05/lego-flow-game/feed/,/2014/05/lego-flow-game/,vertaald:feed,REDIRECT,301 · 1 hop
/ru/2014/05/the-product-owner-role/,/2014/05/the-product-owner-role/,vertaald:artikel,REDIRECT,301 · 1 hop
/ru/2014/05/the-product-owner-role/feed/,/2014/05/the-product-owner-role/,vertaald:feed,REDIRECT,301 · 1 hop
/ru/2014/06/defining-done/,/2014/06/defining-done/,vertaald:artikel,REDIRECT,301 · 1 hop
/ru/2014/06/defining-done/comment-page-1/,/2014/06/defining-done/,vertaald:reactiepagina,REDIRECT,301 · 1 hop
/ru/2014/06/defining-done/feed/,/2014/06/defining-done/,vertaald:feed,REDIRECT,301 · 1 hop
/ru/2014/06/epic-bedtime-story/,/2014/06/epic-bedtime-story/,vertaald:artikel,REDIRECT,301 · 1 hop
/ru/2014/06/epic-bedtime-story/feed/,/2014/06/epic-bedtime-story/,vertaald:feed,REDIRECT,301 · 1 hop
/ru/2014/06/the-rocket-retrospective/,/2014/06/the-rocket-retrospective/,vertaald:artikel,REDIRECT,301 · 1 hop
/ru/2014/06/the-rocket-retrospective/comment-page-1/,/2014/06/the-rocket-retrospective/,vertaald:reactiepagina,REDIRECT,301 · 1 hop
/ru/2014/06/the-rocket-retrospective/feed/,/2014/06/the-rocket-retrospective/,vertaald:feed,REDIRECT,301 · 1 hop
/ru/2014/07/project-snapper-an-inception-value-realisation-game/,/2014/07/project-snapper-an-inception-value-realisation-game/,vertaald:artikel,REDIRECT,301 · 1 hop
/ru/2014/07/project-snapper-an-inception-value-realisation-game/feed/,/2014/07/project-snapper-an-inception-value-realisation-game/,vertaald:feed,REDIRECT,301 · 1 hop
/ru/2014/07/scrumheads-the-daily-scrum-game/,/2014/07/scrumheads-the-daily-scrum-game/,vertaald:artikel,REDIRECT,301 · 1 hop
/ru/2014/07/scrumheads-the-daily-scrum-game/feed/,/2014/07/scrumheads-the-daily-scrum-game/,vertaald:feed,REDIRECT,301 · 1 hop
/ru/2014/07/sudokuban-a-kanban-in-action-game-in-puzzles/,/2014/07/sudokuban-a-kanban-in-action-game-in-puzzles/,vertaald:artikel,REDIRECT,301 · 1 hop
/ru/2014/07/sudokuban-a-kanban-in-action-game-in-puzzles/feed/,/2014/07/sudokuban-a-kanban-in-action-game-in-puzzles/,vertaald:feed,REDIRECT,301 · 1 hop
/ru/2014/07/the-cultural-radars/,/2014/07/the-cultural-radars/,vertaald:artikel,REDIRECT,301 · 1 hop
/ru/2014/07/the-cultural-radars/comment-page-1/,/2014/07/the-cultural-radars/,vertaald:reactiepagina,REDIRECT,301 · 1 hop
/ru/2014/07/the-cultural-radars/feed/,/2014/07/the-cultural-radars/,vertaald:feed,REDIRECT,301 · 1 hop
/ru/2014/08/cynefin-with-the-team-drawer/,/2014/08/cynefin-with-the-team-drawer/,vertaald:artikel,REDIRECT,301 · 1 hop
/ru/2014/08/the-newlywed-game/,/2014/08/the-newlywed-game/,vertaald:artikel,REDIRECT,301 · 1 hop
/ru/2014/08/the-newlywed-game/comment-page-1/,/2014/08/the-newlywed-game/,vertaald:reactiepagina,REDIRECT,301 · 1 hop
/ru/2014/08/the-newlywed-game/feed/,/2014/08/the-newlywed-game/,vertaald:feed,REDIRECT,301 · 1 hop
/ru/2014/09/new-kanban-simulation-game-featureban/,/2014/09/new-kanban-simulation-game-featureban/,vertaald:artikel,REDIRECT,301 · 1 hop
/ru/2014/09/the-estimation-quest/,/2014/09/the-estimation-quest/,vertaald:artikel,REDIRECT,301 · 1 hop
/ru/2014/09/the-estimation-quest/feed/,/2014/09/the-estimation-quest/,vertaald:feed,REDIRECT,301 · 1 hop
/ru/2014/10/fellowship-of-the-goal-gamify-the-cardwall/,/2014/10/fellowship-of-the-goal-gamify-the-cardwall/,vertaald:artikel,REDIRECT,301 · 1 hop
/ru/2014/10/fellowship-of-the-goal-gamify-the-cardwall/feed/,/2014/10/fellowship-of-the-goal-gamify-the-cardwall/,vertaald:feed,REDIRECT,301 · 1 hop
/ru/2014/10/team-responsibility-game/,/2014/10/team-responsibility-game/,vertaald:artikel,REDIRECT,301 · 1 hop
/ru/2014/10/team-responsibility-game/comment-page-1/,/2014/10/team-responsibility-game/,vertaald:reactiepagina,REDIRECT,301 · 1 hop
/ru/2014/10/team-responsibility-game/feed/,/2014/10/team-responsibility-game/,vertaald:feed,REDIRECT,301 · 1 hop
/ru/2014/10/the-planning-quest/,/2014/10/the-planning-quest/,vertaald:artikel,REDIRECT,301 · 1 hop
/ru/2014/10/the-planning-quest/feed/,/2014/10/the-planning-quest/,vertaald:feed,REDIRECT,301 · 1 hop
/ru/2014/11/the-zmey-planning/,/2014/11/the-zmey-planning/,vertaald:artikel,REDIRECT,301 · 1 hop
/ru/2014/11/the-zmey-planning/feed/,/2014/11/the-zmey-planning/,vertaald:feed,REDIRECT,301 · 1 hop
/ru/2014/11/user-stories-vs-requirements/,/2014/11/user-stories-vs-requirements/,vertaald:artikel,REDIRECT,301 · 1 hop
/ru/2014/11/user-stories-vs-requirements/comment-page-1/,/2014/11/user-stories-vs-requirements/,vertaald:reactiepagina,REDIRECT,301 · 1 hop
/ru/2014/11/user-stories-vs-requirements/feed/,/2014/11/user-stories-vs-requirements/,vertaald:feed,REDIRECT,301 · 1 hop
/ru/2014/12/team-trust-canvas/,/2014/12/team-trust-canvas/,vertaald:artikel,REDIRECT,301 · 1 hop
/ru/2014/12/team-trust-canvas/feed/,/2014/12/team-trust-canvas/,vertaald:feed,REDIRECT,301 · 1 hop
/ru/2014/12/team-trust-canvas/team-trust-canvas-eng/,/2014/12/team-trust-canvas/,vertaald:attachment,REDIRECT,301 · 1 hop
/ru/2014/12/team-trust-canvas/team-trust-canvas-eng/feed/,/2014/12/team-trust-canvas/,vertaald:feed,REDIRECT,301 · 1 hop
/ru/2014/12/the-fatware-matrix/,/2014/12/the-fatware-matrix/,vertaald:artikel,REDIRECT,301 · 1 hop
/ru/2014/12/the-fatware-matrix/feed/,/2014/12/the-fatware-matrix/,vertaald:feed,REDIRECT,301 · 1 hop
/ru/2015/01/hold-the-ball-longer-stronger-together/,/2015/01/hold-the-ball-longer-stronger-together/,vertaald:artikel,REDIRECT,301 · 1 hop
/ru/2015/01/hold-the-ball-longer-stronger-together/comment-page-1/,/2015/01/hold-the-ball-longer-stronger-together/,vertaald:reactiepagina,REDIRECT,301 · 1 hop
/ru/2015/01/hold-the-ball-longer-stronger-together/feed/,/2015/01/hold-the-ball-longer-stronger-together/,vertaald:feed,REDIRECT,301 · 1 hop
/ru/2015/01/hold-the-ball-longer-stronger-together/image-for-3-2-section/,/2015/01/hold-the-ball-longer-stronger-together/,vertaald:attachment,REDIRECT,301 · 1 hop
/ru/2015/01/hold-the-ball-longer-stronger-together/image-for-3-2-section/feed/,/2015/01/hold-the-ball-longer-stronger-together/,vertaald:feed,REDIRECT,301 · 1 hop
/ru/2015/01/hold-the-ball-longer-stronger-together/image-for-5-2-section/,/2015/01/hold-the-ball-longer-stronger-together/,vertaald:attachment,REDIRECT,301 · 1 hop
/ru/2015/01/hold-the-ball-longer-stronger-together/image-for-5-2-section/feed/,/2015/01/hold-the-ball-longer-stronger-together/,vertaald:feed,REDIRECT,301 · 1 hop
/ru/2015/01/hold-the-ball-longer-stronger-together/image-for-6-3-section/,/2015/01/hold-the-ball-longer-stronger-together/,vertaald:attachment,REDIRECT,301 · 1 hop
/ru/2015/01/product-owner-challenge/,/2015/01/product-owner-challenge/,vertaald:artikel,REDIRECT,301 · 1 hop
/ru/2015/01/product-owner-challenge/feed/,/2015/01/product-owner-challenge/,vertaald:feed,REDIRECT,301 · 1 hop
/ru/2015/01/story-cube-time-line/,/2015/01/story-cube-time-line/,vertaald:artikel,REDIRECT,301 · 1 hop
/ru/2015/01/story-cube-time-line/feed/,/2015/01/story-cube-time-line/,vertaald:feed,REDIRECT,301 · 1 hop
/ru/2015/01/the-battle-of-the-retrospectives/,/2015/01/the-battle-of-the-retrospectives/,vertaald:artikel,REDIRECT,301 · 1 hop
/ru/2015/01/the-battle-of-the-retrospectives/feed/,/2015/01/the-battle-of-the-retrospectives/,vertaald:feed,REDIRECT,301 · 1 hop
/ru/2015/02/face-facts/,/2015/02/face-facts/,vertaald:artikel,REDIRECT,301 · 1 hop
/ru/2015/02/face-facts/feed/,/2015/02/face-facts/,vertaald:feed,REDIRECT,301 · 1 hop
/ru/2015/02/scrumble-an-agile-board-game/,/ru/2015/02/scrumble-an-agile-board-game/,vertaald:artikel,EXACT,
/ru/2015/02/scrumble-an-agile-board-game/feed/,/ru/2015/02/scrumble-an-agile-board-game/,vertaald:feed,REDIRECT,301 · 1 hop
/ru/2015/02/the-workplace-equations/,/2015/02/the-workplace-equations/,vertaald:artikel,REDIRECT,301 · 1 hop
/ru/2015/02/the-workplace-equations/feed/,/2015/02/the-workplace-equations/,vertaald:feed,REDIRECT,301 · 1 hop
/ru/2015/02/video-scrum/,/2015/02/video-scrum/,vertaald:artikel,REDIRECT,301 · 1 hop
/ru/2015/02/video-scrum/comment-page-1/,/2015/02/video-scrum/,vertaald:reactiepagina,REDIRECT,301 · 1 hop
/ru/2015/02/video-scrum/feed/,/2015/02/video-scrum/,vertaald:feed,REDIRECT,301 · 1 hop
/ru/2015/03/a-day-at-the-movies/,/2015/03/a-day-at-the-movies/,vertaald:artikel,REDIRECT,301 · 1 hop
/ru/2015/03/a-day-at-the-movies/feed/,/2015/03/a-day-at-the-movies/,vertaald:feed,REDIRECT,301 · 1 hop
/ru/2015/03/the-teamwork-oscars/,/2015/03/the-teamwork-oscars/,vertaald:artikel,REDIRECT,301 · 1 hop
/ru/2015/03/the-teamwork-oscars/feed/,/2015/03/the-teamwork-oscars/,vertaald:feed,REDIRECT,301 · 1 hop
/ru/2015/04/mytoy-agile-product-development-game/,/2015/04/mytoy-agile-product-development-game/,vertaald:artikel,REDIRECT,301 · 1 hop
/ru/2015/04/mytoy-agile-product-development-game/feed/,/2015/04/mytoy-agile-product-development-game/,vertaald:feed,REDIRECT,301 · 1 hop
/ru/2015/04/play4agile-north-america-sept-11-13-2015/,/2015/04/play4agile-north-america-sept-11-13-2015/,vertaald:artikel,REDIRECT,301 · 1 hop
/ru/2015/04/play4agile-north-america-sept-11-13-2015/feed/,/2015/04/play4agile-north-america-sept-11-13-2015/,vertaald:feed,REDIRECT,301 · 1 hop
/ru/2015/05/4729/,/2015/05/4729/,vertaald:artikel,REDIRECT,301 · 1 hop
/ru/2015/05/4729/telestrations-2/,/2015/05/4729/,vertaald:attachment,REDIRECT,301 · 1 hop
/ru/2015/05/4729/telestrations-2/feed/,/2015/05/4729/,vertaald:feed,REDIRECT,301 · 1 hop
/ru/2015/05/agile-clock/,/2015/05/agile-clock/,vertaald:artikel,REDIRECT,301 · 1 hop
/ru/2015/05/agile-clock/comment-page-1/,/2015/05/agile-clock/,vertaald:reactiepagina,REDIRECT,301 · 1 hop
/ru/2015/05/agile-clock/feed/,/2015/05/agile-clock/,vertaald:feed,REDIRECT,301 · 1 hop
/ru/2015/05/weekend-escape/,/2015/05/weekend-escape/,vertaald:artikel,REDIRECT,301 · 1 hop
/ru/2015/05/weekend-escape/feed/,/2015/05/weekend-escape/,vertaald:feed,REDIRECT,301 · 1 hop
/ru/2015/07/agile-scrum-framework-at-glance/,/2015/07/agile-scrum-framework-at-glance/,vertaald:artikel,REDIRECT,301 · 1 hop
/ru/2015/07/agile-scrum-framework-at-glance/feed/,/2015/07/agile-scrum-framework-at-glance/,vertaald:feed,REDIRECT,301 · 1 hop
/ru/2015/07/more-meaningful-stories/,/2015/07/more-meaningful-stories/,vertaald:artikel,REDIRECT,301 · 1 hop
/ru/2015/07/more-meaningful-stories/comment-page-1/,/2015/07/more-meaningful-stories/,vertaald:reactiepagina,REDIRECT,301 · 1 hop
/ru/2015/07/more-meaningful-stories/feed/,/2015/07/more-meaningful-stories/,vertaald:feed,REDIRECT,301 · 1 hop
/ru/2015/07/penny-flow/,/2015/07/penny-flow/,vertaald:artikel,REDIRECT,301 · 1 hop
/ru/2015/07/penny-flow/comment-page-1/,/2015/07/penny-flow/,vertaald:reactiepagina,REDIRECT,301 · 1 hop
/ru/2015/07/penny-flow/feed/,/2015/07/penny-flow/,vertaald:feed,REDIRECT,301 · 1 hop
/ru/2015/08/kanban-pizza-game/,/2015/08/kanban-pizza-game/,vertaald:artikel,REDIRECT,301 · 1 hop
/ru/2015/08/kanban-pizza-game/feed/,/2015/08/kanban-pizza-game/,vertaald:feed,REDIRECT,301 · 1 hop
/ru/2015/08/one-word-retrospective-game/,/2015/08/one-word-retrospective-game/,vertaald:artikel,REDIRECT,301 · 1 hop
/ru/2015/08/one-word-retrospective-game/comment-page-1/,/2015/08/one-word-retrospective-game/,vertaald:reactiepagina,REDIRECT,301 · 1 hop
/ru/2015/08/one-word-retrospective-game/feed/,/2015/08/one-word-retrospective-game/,vertaald:feed,REDIRECT,301 · 1 hop
/ru/2015/08/retrospective-darts/,/2015/08/retrospective-darts/,vertaald:artikel,REDIRECT,301 · 1 hop
/ru/2015/08/retrospective-darts/feed/,/2015/08/retrospective-darts/,vertaald:feed,REDIRECT,301 · 1 hop
/ru/2015/08/the-bicycle-game/,/2015/08/the-bicycle-game/,vertaald:artikel,REDIRECT,301 · 1 hop
/ru/2015/09/scrumgauntlet/,/2015/09/scrumgauntlet/,vertaald:artikel,REDIRECT,301 · 1 hop
/ru/2015/09/scrumgauntlet/gauntletreqs/,/2015/09/scrumgauntlet/,vertaald:attachment,REDIRECT,301 · 1 hop
/ru/2015/09/scrumgauntlet/gauntletreqs/feed/,/2015/09/scrumgauntlet/,vertaald:feed,REDIRECT,301 · 1 hop
/ru/2015/09/scrumgauntlet/positioning-2/,/2015/09/scrumgauntlet/,vertaald:attachment,REDIRECT,301 · 1 hop
/ru/2015/09/scrumgauntlet/positioning-2/feed/,/2015/09/scrumgauntlet/,vertaald:feed,REDIRECT,301 · 1 hop
/ru/2015/09/scrumgauntlet/todototest/,/2015/09/scrumgauntlet/,vertaald:attachment,REDIRECT,301 · 1 hop
/ru/2015/09/scrumgauntlet/todototest/feed/,/2015/09/scrumgauntlet/,vertaald:feed,REDIRECT,301 · 1 hop
/ru/2015/09/spreadsheet-craftsmanship/,/2015/09/spreadsheet-craftsmanship/,vertaald:artikel,REDIRECT,301 · 1 hop
/ru/2015/09/spreadsheet-craftsmanship/feed/,/2015/09/spreadsheet-craftsmanship/,vertaald:feed,REDIRECT,301 · 1 hop
/ru/2015/10/4-ls/,/2015/10/4-ls/,vertaald:artikel,REDIRECT,301 · 1 hop
/ru/2015/10/4-ls/4ls/,/2015/10/4-ls/,vertaald:attachment,REDIRECT,301 · 1 hop
/ru/2015/10/jargonbust/,/2015/10/jargonbust/,vertaald:artikel,REDIRECT,301 · 1 hop
/ru/2015/10/jargonbust/feed/,/2015/10/jargonbust/,vertaald:feed,REDIRECT,301 · 1 hop
/ru/2015/11/silent-collaboration/,/2015/11/silent-collaboration/,vertaald:artikel,REDIRECT,301 · 1 hop
/ru/2015/11/silent-collaboration/feed/,/2015/11/silent-collaboration/,vertaald:feed,REDIRECT,301 · 1 hop
/ru/2015/12/this-sprint-future-o-spective-with-santa-claus/,/2015/12/this-sprint-future-o-spective-with-santa-claus/,vertaald:artikel,REDIRECT,301 · 1 hop
/ru/2015/12/this-sprint-future-o-spective-with-santa-claus/feed/,/2015/12/this-sprint-future-o-spective-with-santa-claus/,vertaald:feed,REDIRECT,301 · 1 hop
/ru/2015/12/this-sprint-future-o-spective-with-santa-claus/wp_20151216_003/,/2015/12/this-sprint-future-o-spective-with-santa-claus/,vertaald:attachment,REDIRECT,301 · 1 hop
/ru/2016/01/daily-stand-up-simulation/,/2016/01/daily-stand-up-simulation/,vertaald:artikel,REDIRECT,301 · 1 hop
/ru/2016/01/daily-stand-up-simulation/comment-page-1/,/2016/01/daily-stand-up-simulation/,vertaald:reactiepagina,REDIRECT,301 · 1 hop
/ru/2016/01/daily-stand-up-simulation/feed/,/2016/01/daily-stand-up-simulation/,vertaald:feed,REDIRECT,301 · 1 hop
/ru/2016/01/hitting-the-target-business-value-in-mission-focused-organizations/,/2016/01/hitting-the-target-business-value-in-mission-focused-organizations/,vertaald:artikel,REDIRECT,301 · 1 hop
/ru/2016/01/hitting-the-target-business-value-in-mission-focused-organizations/feed/,/2016/01/hitting-the-target-business-value-in-mission-focused-organizations/,vertaald:feed,REDIRECT,301 · 1 hop
/ru/2016/01/the-job-title-game/,/2016/01/the-job-title-game/,vertaald:artikel,REDIRECT,301 · 1 hop
/ru/2016/01/the-job-title-game/feed/,/2016/01/the-job-title-game/,vertaald:feed,REDIRECT,301 · 1 hop
/ru/2016/02/iterative-incremental-big-bang-2/,/2016/02/iterative-incremental-big-bang-2/,vertaald:artikel,REDIRECT,301 · 1 hop
/ru/2016/02/iterative-incremental-big-bang-2/comment-page-1/,/2016/02/iterative-incremental-big-bang-2/,vertaald:reactiepagina,REDIRECT,301 · 1 hop
/ru/2016/02/iterative-incremental-big-bang-2/feed/,/2016/02/iterative-incremental-big-bang-2/,vertaald:feed,REDIRECT,301 · 1 hop
/ru/2016/02/the-misemotions-game/,/2016/02/the-misemotions-game/,vertaald:artikel,REDIRECT,301 · 1 hop
/ru/2016/02/the-misemotions-game/feed/,/2016/02/the-misemotions-game/,vertaald:feed,REDIRECT,301 · 1 hop
/ru/2016/02/the-roast/,/2016/02/the-roast/,vertaald:artikel,REDIRECT,301 · 1 hop
/ru/2016/02/the-roast/feed/,/2016/02/the-roast/,vertaald:feed,REDIRECT,301 · 1 hop
/ru/2016/02/try-or-die-the-x-periment/,/2016/02/try-or-die-the-x-periment/,vertaald:artikel,REDIRECT,301 · 1 hop
/ru/2016/02/try-or-die-the-x-periment/comment-page-1/,/2016/02/try-or-die-the-x-periment/,vertaald:reactiepagina,REDIRECT,301 · 1 hop
/ru/2016/02/try-or-die-the-x-periment/feed/,/2016/02/try-or-die-the-x-periment/,vertaald:feed,REDIRECT,301 · 1 hop
/ru/2016/03/agile-jenga-testing-game/,/2016/03/agile-jenga-testing-game/,vertaald:artikel,REDIRECT,301 · 1 hop
/ru/2016/03/agile-jenga-testing-game/feed/,/2016/03/agile-jenga-testing-game/,vertaald:feed,REDIRECT,301 · 1 hop
/ru/2016/04/play4agile-north-america-2016-sept-9-11/,/2016/04/play4agile-north-america-2016-sept-9-11/,vertaald:artikel,REDIRECT,301 · 1 hop
/ru/2016/04/play4agile-north-america-2016-sept-9-11/feed/,/2016/04/play4agile-north-america-2016-sept-9-11/,vertaald:feed,REDIRECT,301 · 1 hop
/ru/2016/05/5668/,/2016/05/5668/,vertaald:artikel,REDIRECT,301 · 1 hop
/ru/2016/05/5668/comment-page-1/,/2016/05/5668/,vertaald:reactiepagina,REDIRECT,301 · 1 hop
/ru/2016/05/5668/feed/,/2016/05/5668/,vertaald:feed,REDIRECT,301 · 1 hop
/ru/2016/05/n-listen/,/2016/05/n-listen/,vertaald:artikel,REDIRECT,301 · 1 hop
/ru/2016/05/n-listen/feed/,/2016/05/n-listen/,vertaald:feed,REDIRECT,301 · 1 hop
/ru/2016/05/personal-space-workshop/,/2016/05/personal-space-workshop/,vertaald:artikel,REDIRECT,301 · 1 hop
/ru/2016/05/personal-space-workshop/feed/,/2016/05/personal-space-workshop/,vertaald:feed,REDIRECT,301 · 1 hop
/ru/2016/05/throw-the-cat-and-other-objects/,/2016/05/throw-the-cat-and-other-objects/,vertaald:artikel,REDIRECT,301 · 1 hop
/ru/2016/05/throw-the-cat-and-other-objects/feed/,/2016/05/throw-the-cat-and-other-objects/,vertaald:feed,REDIRECT,301 · 1 hop
/ru/2016/06/first-things-first/,/2016/06/first-things-first/,vertaald:artikel,REDIRECT,301 · 1 hop
/ru/2016/06/first-things-first/feed/,/2016/06/first-things-first/,vertaald:feed,REDIRECT,301 · 1 hop
/ru/2016/06/judgement-juggler/,/2016/06/judgement-juggler/,vertaald:artikel,REDIRECT,301 · 1 hop
/ru/2016/06/judgement-juggler/comment-page-1/,/2016/06/judgement-juggler/,vertaald:reactiepagina,REDIRECT,301 · 1 hop
/ru/2016/06/judgement-juggler/feed/,/2016/06/judgement-juggler/,vertaald:feed,REDIRECT,301 · 1 hop
/ru/2016/06/paint-the-story-point/,/ru/2016/06/paint-the-story-point/,vertaald:artikel,EXACT,
/ru/2016/06/paint-the-story-point/comment-page-1/,/ru/2016/06/paint-the-story-point/,vertaald:reactiepagina,REDIRECT,301 · 1 hop
/ru/2016/06/paint-the-story-point/feed/,/ru/2016/06/paint-the-story-point/,vertaald:feed,REDIRECT,301 · 1 hop
/ru/2016/06/scrum-card-game/,/2016/06/scrum-card-game/,vertaald:artikel,REDIRECT,301 · 1 hop
/ru/2016/06/scrum-card-game/feed/,/2016/06/scrum-card-game/,vertaald:feed,REDIRECT,301 · 1 hop
/ru/2016/06/scrum-values-roles-card-game/,/2016/06/scrum-values-roles-card-game/,vertaald:artikel,REDIRECT,301 · 1 hop
/ru/2016/06/scrum-values-roles-card-game/cardset/,/2016/06/scrum-values-roles-card-game/,vertaald:attachment,REDIRECT,301 · 1 hop
/ru/2016/06/scrum-values-roles-card-game/feed/,/2016/06/scrum-values-roles-card-game/,vertaald:feed,REDIRECT,301 · 1 hop
/ru/2016/06/the-agile-mindset-workshop/,/2016/06/the-agile-mindset-workshop/,vertaald:artikel,REDIRECT,301 · 1 hop
/ru/2016/06/the-agile-mindset-workshop/feed/,/2016/06/the-agile-mindset-workshop/,vertaald:feed,REDIRECT,301 · 1 hop
/ru/2016/07/nexus-zoo-a-scaling-simulator/,/2016/07/nexus-zoo-a-scaling-simulator/,vertaald:artikel,REDIRECT,301 · 1 hop
/ru/2016/07/nexus-zoo-a-scaling-simulator/feed/,/2016/07/nexus-zoo-a-scaling-simulator/,vertaald:feed,REDIRECT,301 · 1 hop
/ru/2016/07/nexus-zoo-a-scaling-simulator/nexuszoo/,/2016/07/nexus-zoo-a-scaling-simulator/,vertaald:attachment,REDIRECT,301 · 1 hop
/ru/2016/07/scrum-simulation-with-minecraft/,/2016/07/scrum-simulation-with-minecraft/,vertaald:artikel,REDIRECT,301 · 1 hop
/ru/2016/07/scrum-simulation-with-minecraft/feed/,/2016/07/scrum-simulation-with-minecraft/,vertaald:feed,REDIRECT,301 · 1 hop
/ru/2016/08/pitfalls-possibilities/,/2016/08/pitfalls-possibilities/,vertaald:artikel,REDIRECT,301 · 1 hop
/ru/2016/08/story-cubes-retrospective/,/2016/08/story-cubes-retrospective/,vertaald:artikel,REDIRECT,301 · 1 hop
/ru/2016/09/to-plan-or-not-to-plan/,/2016/09/to-plan-or-not-to-plan/,vertaald:artikel,REDIRECT,301 · 1 hop
/ru/2016/09/to-plan-or-not-to-plan/comment-page-1/,/2016/09/to-plan-or-not-to-plan/,vertaald:reactiepagina,REDIRECT,301 · 1 hop
/ru/2016/09/to-plan-or-not-to-plan/feed/,/2016/09/to-plan-or-not-to-plan/,vertaald:feed,REDIRECT,301 · 1 hop
/ru/2016/10/the-coffee-game/,/2016/10/the-coffee-game/,vertaald:artikel,REDIRECT,301 · 1 hop
/ru/2016/10/the-coffee-game/feed/,/2016/10/the-coffee-game/,vertaald:feed,REDIRECT,301 · 1 hop
/ru/2016/12/lego-team-building/,/2016/12/lego-team-building/,vertaald:artikel,REDIRECT,301 · 1 hop
/ru/2017/01/francais-jeu-des-roles-et-des-responsabilites-de-scrum/,/2017/01/francais-jeu-des-roles-et-des-responsabilites-de-scrum/,vertaald:artikel,REDIRECT,301 · 1 hop
/ru/2017/02/cards-against-agility/,/2017/02/cards-against-agility/,vertaald:artikel,REDIRECT,301 · 1 hop
/ru/2017/02/cards-against-agility/feed/,/2017/02/cards-against-agility/,vertaald:feed,REDIRECT,301 · 1 hop
/ru/2017/02/failure-memory-game/,/2017/02/failure-memory-game/,vertaald:artikel,REDIRECT,301 · 1 hop
/ru/2017/02/failure-memory-game/cc-sa4-0-2/,/2017/02/failure-memory-game/,vertaald:attachment,REDIRECT,301 · 1 hop
/ru/2017/02/failure-memory-game/cc-sa4-0-2/feed/,/2017/02/failure-memory-game/,vertaald:feed,REDIRECT,301 · 1 hop
/ru/2017/02/failure-memory-game/feed/,/2017/02/failure-memory-game/,vertaald:feed,REDIRECT,301 · 1 hop
/ru/2017/02/simplicity-in-lego-technical-practices/,/2017/02/simplicity-in-lego-technical-practices/,vertaald:artikel,REDIRECT,301 · 1 hop
/ru/2017/03/x-matrix-jigsaw-puzzle/,/2017/03/x-matrix-jigsaw-puzzle/,vertaald:artikel,REDIRECT,301 · 1 hop
/ru/2017/03/x-matrix-jigsaw-puzzle/feed/,/2017/03/x-matrix-jigsaw-puzzle/,vertaald:feed,REDIRECT,301 · 1 hop
/ru/2017/04/company-profile/,/2017/04/company-profile/,vertaald:artikel,REDIRECT,301 · 1 hop
/ru/2017/04/company-profile/feed/,/2017/04/company-profile/,vertaald:feed,REDIRECT,301 · 1 hop
/ru/2017/04/the-lean-star-game/,/2017/04/the-lean-star-game/,vertaald:artikel,REDIRECT,301 · 1 hop
/ru/2017/04/the-lean-star-game/comment-page-1/,/2017/04/the-lean-star-game/,vertaald:reactiepagina,REDIRECT,301 · 1 hop
/ru/2017/04/the-lean-star-game/feed/,/2017/04/the-lean-star-game/,vertaald:feed,REDIRECT,301 · 1 hop
/ru/2017/05/gameception-–-the-team-game-that-creates-itself/,/2017/05/gameception-–-the-team-game-that-creates-itself/,vertaald:artikel,REDIRECT,301 · 1 hop
/ru/2017/05/gameception-–-the-team-game-that-creates-itself/feed/,/2017/05/gameception-–-the-team-game-that-creates-itself/,vertaald:feed,REDIRECT,301 · 1 hop
/ru/2017/05/may-the-4th-force-be-with-you-retrospective/,/2017/05/may-the-4th-force-be-with-you-retrospective/,vertaald:artikel,REDIRECT,301 · 1 hop
/ru/2017/05/may-the-4th-force-be-with-you-retrospective/feed/,/2017/05/may-the-4th-force-be-with-you-retrospective/,vertaald:feed,REDIRECT,301 · 1 hop
/ru/2017/05/scrum-events-cycle/,/2017/05/scrum-events-cycle/,vertaald:artikel,REDIRECT,301 · 1 hop
/ru/2017/05/scrum-events-cycle/feed/,/2017/05/scrum-events-cycle/,vertaald:feed,REDIRECT,301 · 1 hop
/ru/2017/06/lets-take-a-journey-retrospective/,/2017/06/lets-take-a-journey-retrospective/,vertaald:artikel,REDIRECT,301 · 1 hop
/ru/2017/06/the-kanban-silly-tasks-game/,/2017/06/the-kanban-silly-tasks-game/,vertaald:artikel,REDIRECT,301 · 1 hop
/ru/2017/06/the-league-of-extraordinarily-shortsighted-agile-superleaders-retrospective/,/2017/06/the-league-of-extraordinarily-shortsighted-agile-superleaders-retrospective/,vertaald:artikel,REDIRECT,301 · 1 hop
/ru/2017/07/decoration-kanban/,/2017/07/decoration-kanban/,vertaald:artikel,REDIRECT,301 · 1 hop
/ru/2017/07/time-tree-fertilizer-retro/,/2017/07/time-tree-fertilizer-retro/,vertaald:artikel,REDIRECT,301 · 1 hop
/ru/2017/07/time-tree-fertilizer-retro/comment-page-1/,/2017/07/time-tree-fertilizer-retro/,vertaald:reactiepagina,REDIRECT,301 · 1 hop
/ru/2017/07/time-tree-fertilizer-retro/feed/,/2017/07/time-tree-fertilizer-retro/,vertaald:feed,REDIRECT,301 · 1 hop
/ru/2017/09/cardunit-a-unit-testing-simulation/,/2017/09/cardunit-a-unit-testing-simulation/,vertaald:artikel,REDIRECT,301 · 1 hop
/ru/2017/09/positive-change-canvas/,/2017/09/positive-change-canvas/,vertaald:artikel,REDIRECT,301 · 1 hop
/ru/2017/09/positive-change-canvas/feed/,/2017/09/positive-change-canvas/,vertaald:feed,REDIRECT,301 · 1 hop
/ru/2017/09/the-large-scale-scrum-less-dynamics-game/,/2017/09/the-large-scale-scrum-less-dynamics-game/,vertaald:artikel,REDIRECT,301 · 1 hop
/ru/2017/10/deep-dive-into-kanban-essentials-using-donut-making/,/2017/10/deep-dive-into-kanban-essentials-using-donut-making/,vertaald:artikel,REDIRECT,301 · 1 hop
/ru/2017/10/sinking-islands/,/2017/10/sinking-islands/,vertaald:artikel,REDIRECT,301 · 1 hop
/ru/2017/10/the-core-beliefs-of-waterfall-agile-and-lean/,/2017/10/the-core-beliefs-of-waterfall-agile-and-lean/,vertaald:artikel,REDIRECT,301 · 1 hop
/ru/2017/10/the-core-beliefs-of-waterfall-agile-and-lean/comment-page-1/,/2017/10/the-core-beliefs-of-waterfall-agile-and-lean/,vertaald:reactiepagina,REDIRECT,301 · 1 hop
/ru/2017/12/core-scrum-game/,/2017/12/core-scrum-game/,vertaald:artikel,REDIRECT,301 · 1 hop
/ru/2018/01/the-fast-and-the-furious-and-other-fs-retrospective-activity/,/2018/01/the-fast-and-the-furious-and-other-fs-retrospective-activity/,vertaald:artikel,REDIRECT,301 · 1 hop
/ru/2018/02/kitchen-prioritization/,/2018/02/kitchen-prioritization/,vertaald:artikel,REDIRECT,301 · 1 hop
/ru/2018/03/dice-of-debt/,/2018/03/dice-of-debt/,vertaald:artikel,REDIRECT,301 · 1 hop
/ru/2018/04/pass-the-perfection/,/2018/04/pass-the-perfection/,vertaald:artikel,REDIRECT,301 · 1 hop
/ru/2018/05/sprint-simulation-scrum-practice-game/,/2018/05/sprint-simulation-scrum-practice-game/,vertaald:artikel,REDIRECT,301 · 1 hop
/ru/2018/06/sequence-an-agile-integration-game/,/2018/06/sequence-an-agile-integration-game/,vertaald:artikel,REDIRECT,301 · 1 hop
/ru/2018/07/a-non-it-scrum-simulation-game-learn-scrum-and-self-organizing-through-a-game/,/2018/07/a-non-it-scrum-simulation-game-learn-scrum-and-self-organizing-through-a-game/,vertaald:artikel,REDIRECT,301 · 1 hop
/ru/2018/07/check-your-mindset/,/2018/07/check-your-mindset/,vertaald:artikel,REDIRECT,301 · 1 hop
/ru/2018/07/the-feedback-game/,/2018/07/the-feedback-game/,vertaald:artikel,REDIRECT,301 · 1 hop
/ru/2018/07/the-feedback-game/feed/,/2018/07/the-feedback-game/,vertaald:feed,REDIRECT,301 · 1 hop
/ru/2018/08/the-matchup-canvas/,/2018/08/the-matchup-canvas/,vertaald:artikel,REDIRECT,301 · 1 hop
/ru/2018/08/the-spark-engine/,/2018/08/the-spark-engine/,vertaald:artikel,REDIRECT,301 · 1 hop
/ru/2018/08/the-spark-engine/comment-page-1/,/2018/08/the-spark-engine/,vertaald:reactiepagina,REDIRECT,301 · 1 hop
/ru/2018/08/the-spark-engine/feed/,/2018/08/the-spark-engine/,vertaald:feed,REDIRECT,301 · 1 hop
/ru/2018/09/heart-of-agile-psychic-handshake/,/2018/09/heart-of-agile-psychic-handshake/,vertaald:artikel,REDIRECT,301 · 1 hop
/ru/2018/11/core-less-game/,/2018/11/core-less-game/,vertaald:artikel,REDIRECT,301 · 1 hop
/ru/2018/12/valuable-paper-airplanes/,/2018/12/valuable-paper-airplanes/,vertaald:artikel,REDIRECT,301 · 1 hop
/ru/2019/01/witches-cooking-reunion/,/2019/01/witches-cooking-reunion/,vertaald:artikel,REDIRECT,301 · 1 hop
/ru/about/,/about/,vertaald:pagina,REDIRECT,301 · 1 hop
/ru/about/don-mcgreal/,/about/don-mcgreal/,vertaald:pagina,REDIRECT,301 · 1 hop
/ru/about/don-mcgreal/feed/,/rss.xml,vertaald:feed,REDIRECT,301 · 1 hop
/ru/about/feed/,/rss.xml,vertaald:feed,REDIRECT,301 · 1 hop
/ru/about/get-involved/,/about/get-involved/,vertaald:pagina,REDIRECT,301 · 1 hop
/ru/about/get-involved/feed/,/rss.xml,vertaald:feed,REDIRECT,301 · 1 hop
/ru/about/michael-mccullough/,/about/michael-mccullough/,vertaald:pagina,REDIRECT,301 · 1 hop
/ru/about/michael-mccullough/feed/,/rss.xml,vertaald:feed,REDIRECT,301 · 1 hop
/ru/about/michael-mccullough/michael-mccullough/,/about/michael-mccullough/,vertaald:pagina,REDIRECT,301 · 2 hops
/ru/about/michael-mccullough/michael-mccullough/feed/,/rss.xml,vertaald:feed,REDIRECT,301 · 1 hop
/ru/about/michael-sahota/,/about/michael-sahota/,vertaald:pagina,REDIRECT,301 · 1 hop
/ru/about/michael-sahota/feed/,/rss.xml,vertaald:feed,REDIRECT,301 · 1 hop
/ru/about/translation-project/,/about/translation-project/,vertaald:pagina,REDIRECT,301 · 1 hop
/ru/about/translation-project/feed/,/rss.xml,vertaald:feed,REDIRECT,301 · 1 hop
/ru/agile-games-conference-2011/,/agile-games-conference-2011/,vertaald:pagina,REDIRECT,301 · 1 hop
/ru/agile-games-conference-2011/feed/,/rss.xml,vertaald:feed,REDIRECT,301 · 1 hop
/ru/all-games/,,vertaald:pagina,GONE,pagina ontbreekt in de Engelse export
/ru/all-games/feed/,/rss.xml,vertaald:feed,REDIRECT,301 · 1 hop
/ru/author/aaturuit-com/,/author/uruit-agile-adoption-team/,vertaald:auteur,REDIRECT,301 · 1 hop
/ru/author/aaturuit-com/feed/,/rss.xml,vertaald:feed,REDIRECT,301 · 1 hop
/ru/author/abi-bellgmail-com/,/author/abi-bellamkonda/,vertaald:auteur,REDIRECT,301 · 1 hop
/ru/author/about/michael-mccullough/,,vertaald:auteur,GONE,author-nested
/ru/author/admin/,/author/michael-mccullough/,vertaald:auteur,REDIRECT,301 · 1 hop
/ru/author/admin/feed/,/rss.xml,vertaald:feed,REDIRECT,301 · 1 hop
/ru/author/agiledoodgmail-com/,/author/jason-little/,vertaald:auteur,REDIRECT,301 · 1 hop
/ru/author/agiledoodgmail-com/feed/,/rss.xml,vertaald:feed,REDIRECT,301 · 1 hop
/ru/author/agileinitiativesgmail-com/,/author/gretchen-knode/,vertaald:auteur,REDIRECT,301 · 1 hop
/ru/author/agileschoolsgmail-com/,/author/john-miller/,vertaald:auteur,REDIRECT,301 · 1 hop
/ru/author/agileschoolsgmail-com/feed/,/rss.xml,vertaald:feed,REDIRECT,301 · 1 hop
/ru/author/agilityteamduo-nl/,/author/duo-agilityteam/,vertaald:auteur,REDIRECT,301 · 1 hop
/ru/author/ahilesblueyonder-co-uk/,/author/andy-hiles/,vertaald:auteur,REDIRECT,301 · 1 hop
/ru/author/ahilesblueyonder-co-uk/feed/,/rss.xml,vertaald:feed,REDIRECT,301 · 1 hop
/ru/author/aleem-khan360pmo-com/,/author/aleem-khan/,vertaald:auteur,REDIRECT,301 · 1 hop
/ru/author/alexb/,/author/alex-boutin/,vertaald:auteur,REDIRECT,301 · 1 hop
/ru/author/alexb/feed/,/rss.xml,vertaald:feed,REDIRECT,301 · 1 hop
/ru/author/alexey-pikulevagiletech-ru/,/author/alexey-pikulev/,vertaald:auteur,REDIRECT,301 · 1 hop
/ru/author/alexey-pikulevagiletech-ru/feed/,/rss.xml,vertaald:feed,REDIRECT,301 · 1 hop
/ru/author/alexeykrivitskygmail-com/,/author/alexey-krivitsky/,vertaald:auteur,REDIRECT,301 · 1 hop
/ru/author/amr-noamangmail-com/,/author/amr-noaman/,vertaald:auteur,REDIRECT,301 · 1 hop
/ru/author/amr-noamangmail-com/feed/,/rss.xml,vertaald:feed,REDIRECT,301 · 1 hop
/ru/author/andrewjcharltonhotmail-com/,/author/andrew-charlton/,vertaald:auteur,REDIRECT,301 · 1 hop
/ru/author/andrewruslinghotmail-com/,/author/andrew-rusling/,vertaald:auteur,REDIRECT,301 · 1 hop
/ru/author/andrewruslinghotmail-com/feed/,/rss.xml,vertaald:feed,REDIRECT,301 · 1 hop
/ru/author/artsintersticesgmail-com/,/author/elinor-slomba/,vertaald:auteur,REDIRECT,301 · 1 hop
/ru/author/artsintersticesgmail-com/feed/,/rss.xml,vertaald:feed,REDIRECT,301 · 1 hop
/ru/author/b-scharlauabdn-ac-uk/,/author/b-scharlau-abdn-ac-uk/,vertaald:auteur,REDIRECT,301 · 1 hop
/ru/author/bencarey/,/author/ben-carey/,vertaald:auteur,REDIRECT,301 · 1 hop
/ru/author/bencarey/feed/,/rss.xml,vertaald:feed,REDIRECT,301 · 1 hop
/ru/author/brunot-nicolasgmail-com/,/author/nicolas-brunot/,vertaald:auteur,REDIRECT,301 · 1 hop
/ru/author/brunot-nicolasgmail-com/feed/,/rss.xml,vertaald:feed,REDIRECT,301 · 1 hop
/ru/author/carolina-gorositogmail-com/,/author/carolina-gorosito/,vertaald:auteur,REDIRECT,301 · 1 hop
/ru/author/carolina-gorositogmail-com/feed/,/rss.xml,vertaald:feed,REDIRECT,301 · 1 hop
/ru/author/cetidata-pl/,/author/adam-cetnerowski/,vertaald:auteur,REDIRECT,301 · 1 hop
/ru/author/cetidata-pl/feed/,/rss.xml,vertaald:feed,REDIRECT,301 · 1 hop
/ru/author/chrisdeniaud-eu/,/author/chris-deniaud/,vertaald:auteur,REDIRECT,301 · 1 hop
/ru/author/chrisdeniaud-eu/feed/,/rss.xml,vertaald:feed,REDIRECT,301 · 1 hop
/ru/author/craig-browncraigwbrown-net/,,vertaald:auteur,GONE,auteurarchief zonder gemigreerd record
/ru/author/craig-browncraigwbrown-net/feed/,/rss.xml,vertaald:feed,REDIRECT,301 · 1 hop
/ru/author/craigstrongandagile-co-uk/,/author/craig-strong/,vertaald:auteur,REDIRECT,301 · 1 hop
/ru/author/craigstrongandagile-co-uk/feed/,/rss.xml,vertaald:feed,REDIRECT,301 · 1 hop
/ru/author/d-andre-dhondtgmail-com/,/author/andre-dhondt/,vertaald:auteur,REDIRECT,301 · 1 hop
/ru/author/d-andre-dhondtgmail-com/feed/,/rss.xml,vertaald:feed,REDIRECT,301 · 1 hop
/ru/author/david_kanehouseofyin-com/,/author/david-kane/,vertaald:auteur,REDIRECT,301 · 1 hop
/ru/author/davidscrumandkanban-co-uk/,/author/david-lowe/,vertaald:auteur,REDIRECT,301 · 1 hop
/ru/author/ddwebgate-ltd-uk/,/author/derek-davidson/,vertaald:auteur,REDIRECT,301 · 1 hop
/ru/author/ddwebgate-ltd-uk/feed/,/rss.xml,vertaald:feed,REDIRECT,301 · 1 hop
/ru/author/debdeborahpreuss-com/,/author/deborah-hartmann-preuss/,vertaald:auteur,REDIRECT,301 · 1 hop
/ru/author/debdeborahpreuss-com/feed/,/rss.xml,vertaald:feed,REDIRECT,301 · 1 hop
/ru/author/deepakjsfwltd-co-uk/,/author/deepak-joshi/,vertaald:auteur,REDIRECT,301 · 1 hop
/ru/author/deepakjsfwltd-co-uk/feed/,/rss.xml,vertaald:feed,REDIRECT,301 · 1 hop
/ru/author/dennis-somervillegmail-com/,/author/dennis-somerville/,vertaald:auteur,REDIRECT,301 · 1 hop
/ru/author/dennis-somervillegmail-com/feed/,/rss.xml,vertaald:feed,REDIRECT,301 · 1 hop
/ru/author/dkoontz/,/author/david-koontz/,vertaald:auteur,REDIRECT,301 · 1 hop
/ru/author/dkoontz/feed/,/rss.xml,vertaald:feed,REDIRECT,301 · 1 hop
/ru/author/docanotherthought-com/,/author/doc-list/,vertaald:auteur,REDIRECT,301 · 1 hop
/ru/author/docanotherthought-com/feed/,/rss.xml,vertaald:feed,REDIRECT,301 · 1 hop
/ru/author/don/,/author/don-mcgreal/,vertaald:auteur,REDIRECT,301 · 1 hop
/ru/author/don/feed/,/rss.xml,vertaald:feed,REDIRECT,301 · 1 hop
/ru/author/edbruingmail-com/,/author/e-bruin/,vertaald:auteur,REDIRECT,301 · 1 hop
/ru/author/egrove/,/author/ellen-grove/,vertaald:auteur,REDIRECT,301 · 1 hop
/ru/author/egrove/feed/,/rss.xml,vertaald:feed,REDIRECT,301 · 1 hop
/ru/author/eloise-pelsergmail-com/,/author/eloise-pelser/,vertaald:auteur,REDIRECT,301 · 1 hop
/ru/author/eloise-pelsergmail-com/feed/,/rss.xml,vertaald:feed,REDIRECT,301 · 1 hop
/ru/author/erichbuhlerhotmail-com/,/author/erich-buhler/,vertaald:auteur,REDIRECT,301 · 1 hop
/ru/author/erichbuhlerhotmail-com/feed/,/rss.xml,vertaald:feed,REDIRECT,301 · 1 hop
/ru/author/erwinkoogh-com/,/author/erwin-van-der-koogh/,vertaald:auteur,REDIRECT,301 · 1 hop
/ru/author/erwinkoogh-com/feed/,/rss.xml,vertaald:feed,REDIRECT,301 · 1 hop
/ru/author/fabrice-aimettigmail-com/,/author/fabrice-aimetti/,vertaald:auteur,REDIRECT,301 · 1 hop
/ru/author/fabrice-aimettigmail-com/feed/,/rss.xml,vertaald:feed,REDIRECT,301 · 1 hop
/ru/author/fancydevgmail-com/,/author/illya-pavlichenko/,vertaald:auteur,REDIRECT,301 · 1 hop
/ru/author/fancydevgmail-com/feed/,/rss.xml,vertaald:feed,REDIRECT,301 · 1 hop
/ru/author/fredrikwendt-se/,/author/fredrik-wendt/,vertaald:auteur,REDIRECT,301 · 1 hop
/ru/author/geoffwatts/,/author/geoff-watts/,vertaald:auteur,REDIRECT,301 · 1 hop
/ru/author/geoffwatts/feed/,/rss.xml,vertaald:feed,REDIRECT,301 · 1 hop
/ru/author/heitor/,/author/heitor-filho/,vertaald:auteur,REDIRECT,301 · 1 hop
/ru/author/heitor/feed/,/rss.xml,vertaald:feed,REDIRECT,301 · 1 hop
/ru/author/hugo-emondgmail-com/,/author/hugo-emond/,vertaald:auteur,REDIRECT,301 · 1 hop
/ru/author/hugo-emondgmail-com/feed/,/rss.xml,vertaald:feed,REDIRECT,301 · 1 hop
/ru/author/infojesusmendez-ca/,/author/jesus-mendez/,vertaald:auteur,REDIRECT,301 · 1 hop
/ru/author/infojesusmendez-ca/feed/,/rss.xml,vertaald:feed,REDIRECT,301 · 1 hop
/ru/author/jameshurricanefour-com/,/author/james-scrimshire/,vertaald:auteur,REDIRECT,301 · 1 hop
/ru/author/jameshurricanefour-com/feed/,/rss.xml,vertaald:feed,REDIRECT,301 · 1 hop
/ru/author/jason-t-knightgmail-com/,/author/jason-knight/,vertaald:auteur,REDIRECT,301 · 1 hop
/ru/author/jason-t-knightgmail-com/feed/,/rss.xml,vertaald:feed,REDIRECT,301 · 1 hop
/ru/author/javamvgmail-com/,/author/slava-moskalenko/,vertaald:auteur,REDIRECT,301 · 1 hop
/ru/author/jeremy-willetsonbase-com/,/author/jeremy-willets/,vertaald:auteur,REDIRECT,301 · 1 hop
/ru/author/jonathanbitwix-com/,/author/jonathan-clarke/,vertaald:auteur,REDIRECT,301 · 1 hop
/ru/author/jonathanbitwix-com/feed/,/rss.xml,vertaald:feed,REDIRECT,301 · 1 hop
/ru/author/jonnorthernshoreconsulting-co-uk/,/author/jon-mcnestrie/,vertaald:auteur,REDIRECT,301 · 1 hop
/ru/author/julio-augustogmail-com/,/author/julio-oliveira/,vertaald:auteur,REDIRECT,301 · 1 hop
/ru/author/karlscotland/,/author/karl-scotland/,vertaald:auteur,REDIRECT,301 · 1 hop
/ru/author/karlscotland/feed/,/rss.xml,vertaald:feed,REDIRECT,301 · 1 hop
/ru/author/kosciejewgmail-com/,/author/jeff-kosciejew/,vertaald:auteur,REDIRECT,301 · 1 hop
/ru/author/kosciejewgmail-com/feed/,/rss.xml,vertaald:feed,REDIRECT,301 · 1 hop
/ru/author/kruse-ralfgooglemail-com/,/author/ralf-kruse/,vertaald:auteur,REDIRECT,301 · 1 hop
/ru/author/lthomasburrislogistics-com/,/author/lauren-thomas/,vertaald:auteur,REDIRECT,301 · 1 hop
/ru/author/lthomasburrislogistics-com/feed/,/rss.xml,vertaald:feed,REDIRECT,301 · 1 hop
/ru/author/luke-hohmann/,/author/luke-hohmann/,vertaald:auteur,REDIRECT,301 · 1 hop
/ru/author/luke-hohmann/feed/,/rss.xml,vertaald:feed,REDIRECT,301 · 1 hop
/ru/author/marcin-floryangmail-com/,/author/marcin-floryan/,vertaald:auteur,REDIRECT,301 · 1 hop
/ru/author/marcin-floryangmail-com/feed/,/rss.xml,vertaald:feed,REDIRECT,301 · 1 hop
/ru/author/marketinguruitgmail-com/,/author/martin-mari/,vertaald:auteur,REDIRECT,301 · 1 hop
/ru/author/markus-wittwerweb-de/,/author/markus-wittwer/,vertaald:auteur,REDIRECT,301 · 1 hop
/ru/author/markus-wittwerweb-de/feed/,/rss.xml,vertaald:feed,REDIRECT,301 · 1 hop
/ru/author/martenscljgmail-com/,/author/christo-martens/,vertaald:auteur,REDIRECT,301 · 1 hop
/ru/author/martenscljgmail-com/feed/,/rss.xml,vertaald:feed,REDIRECT,301 · 1 hop
/ru/author/matthewrphilipgmail-com/,/author/matt-philip/,vertaald:auteur,REDIRECT,301 · 1 hop
/ru/author/matthewrphilipgmail-com/feed/,/rss.xml,vertaald:feed,REDIRECT,301 · 1 hop
/ru/author/matthias-jouangmail-com/,/author/matthias-jouan/,vertaald:auteur,REDIRECT,301 · 1 hop
/ru/author/matthias-jouangmail-com/feed/,/rss.xml,vertaald:feed,REDIRECT,301 · 1 hop
/ru/author/mbowlergargoylesoftware-com/,/author/mike-bowler/,vertaald:auteur,REDIRECT,301 · 1 hop
/ru/author/mbowlergargoylesoftware-com/feed/,/rss.xml,vertaald:feed,REDIRECT,301 · 1 hop
/ru/author/mburrows/,/author/mike-burrows/,vertaald:auteur,REDIRECT,301 · 1 hop
/ru/author/mburrows/feed/,/rss.xml,vertaald:feed,REDIRECT,301 · 1 hop
/ru/author/mcjenkinsgmail-com/,/author/marie-claire-dean/,vertaald:auteur,REDIRECT,301 · 1 hop
/ru/author/mcjenkinsgmail-com/feed/,/rss.xml,vertaald:feed,REDIRECT,301 · 1 hop
/ru/author/michael-sahota/,/author/michael-sahota/,vertaald:auteur,REDIRECT,301 · 1 hop
/ru/author/michael-sahota/feed/,/rss.xml,vertaald:feed,REDIRECT,301 · 1 hop
/ru/author/mike-burnsalumni-qut-edu-au/,/author/mike-burns/,vertaald:auteur,REDIRECT,301 · 1 hop
/ru/author/mike-mccullough/,/author/mike-mccullough/,vertaald:auteur,REDIRECT,301 · 1 hop
/ru/author/mike-mccullough/feed/,/rss.xml,vertaald:feed,REDIRECT,301 · 1 hop
/ru/author/mikeleanintuit-com/,/author/mike-leanintuit-com/,vertaald:auteur,REDIRECT,301 · 1 hop
/ru/author/mikeleanintuit-com/feed/,/rss.xml,vertaald:feed,REDIRECT,301 · 1 hop
/ru/author/mozratgmail-com/,/author/simon-morris/,vertaald:auteur,REDIRECT,301 · 1 hop
/ru/author/mozratgmail-com/feed/,/rss.xml,vertaald:feed,REDIRECT,301 · 1 hop
/ru/author/mtbadgleygmail-com/,/author/matt-badgley/,vertaald:auteur,REDIRECT,301 · 1 hop
/ru/author/mtbadgleygmail-com/feed/,/rss.xml,vertaald:feed,REDIRECT,301 · 1 hop
/ru/author/n_zdunicyahoo-com-au/,/author/nick-zdunic/,vertaald:auteur,REDIRECT,301 · 1 hop
/ru/author/n_zdunicyahoo-com-au/feed/,/rss.xml,vertaald:feed,REDIRECT,301 · 1 hop
/ru/author/ntalensgmail-com/,/author/niels-talens/,vertaald:auteur,REDIRECT,301 · 1 hop
/ru/author/ntalensgmail-com/feed/,/rss.xml,vertaald:feed,REDIRECT,301 · 1 hop
/ru/author/nuno_borgeshotmail-com/,/author/nuno-borges/,vertaald:auteur,REDIRECT,301 · 1 hop
/ru/author/ocbermudezgmail-com/,/author/ocbermudez/,vertaald:auteur,REDIRECT,301 · 1 hop
/ru/author/ocbermudezgmail-com/feed/,/rss.xml,vertaald:feed,REDIRECT,301 · 1 hop
/ru/author/olivier-destradefree-fr/,/author/olivier-destrade/,vertaald:auteur,REDIRECT,301 · 1 hop
/ru/author/olivier-destradefree-fr/feed/,/rss.xml,vertaald:feed,REDIRECT,301 · 1 hop
/ru/author/paul-osbornpharmacyonesource-com/,/author/paul-osborn/,vertaald:auteur,REDIRECT,301 · 1 hop
/ru/author/paul-osbornpharmacyonesource-com/feed/,/rss.xml,vertaald:feed,REDIRECT,301 · 1 hop
/ru/author/paulagilify-co-uk/,/author/paul-goddard/,vertaald:auteur,REDIRECT,301 · 1 hop
/ru/author/paulagilify-co-uk/feed/,/rss.xml,vertaald:feed,REDIRECT,301 · 1 hop
/ru/author/pib-mtgmx-de/,/author/michael-tarnowski/,vertaald:auteur,REDIRECT,301 · 1 hop
/ru/author/pierreneisgmail-com/,/author/pierre-e-neis/,vertaald:auteur,REDIRECT,301 · 1 hop
/ru/author/pierreneisgmail-com/feed/,/rss.xml,vertaald:feed,REDIRECT,301 · 1 hop
/ru/author/rdenisoncaptechconsulting-com/,/author/rob-denison/,vertaald:auteur,REDIRECT,301 · 1 hop
/ru/author/renee-troughtongmail-com/,/author/renee-troughton/,vertaald:auteur,REDIRECT,301 · 1 hop
/ru/author/renee-troughtongmail-com/feed/,/rss.xml,vertaald:feed,REDIRECT,301 · 1 hop
/ru/author/richardkasperowski/,/author/richard-kasperowski/,vertaald:auteur,REDIRECT,301 · 1 hop
/ru/author/robert-batusekgmail-com/,/author/robert-batusek/,vertaald:auteur,REDIRECT,301 · 1 hop
/ru/author/robert-batusekgmail-com/feed/,/rss.xml,vertaald:feed,REDIRECT,301 · 1 hop
/ru/author/romaintrocheriegmail-com/,/author/romain-trocherie/,vertaald:auteur,REDIRECT,301 · 1 hop
/ru/author/romaintrocheriegmail-com/feed/,/rss.xml,vertaald:feed,REDIRECT,301 · 1 hop
/ru/author/sabbaghgmail-com/,/author/rafael-sabbagh/,vertaald:auteur,REDIRECT,301 · 1 hop
/ru/author/sabbaghgmail-com/feed/,/rss.xml,vertaald:feed,REDIRECT,301 · 1 hop
/ru/author/samuelnew-bamboo-co-uk/,/author/sam-whiting/,vertaald:auteur,REDIRECT,301 · 1 hop
/ru/author/samuelnew-bamboo-co-uk/feed/,/rss.xml,vertaald:feed,REDIRECT,301 · 1 hop
/ru/author/seabreezes1iglide-net/,/author/karen-favazza-spencer-2/,vertaald:auteur,REDIRECT,301 · 1 hop
/ru/author/seabreezes1iglide-net/feed/,/rss.xml,vertaald:feed,REDIRECT,301 · 1 hop
/ru/author/seanseantrobinson-co-uk/,/author/sean-robinson/,vertaald:auteur,REDIRECT,301 · 1 hop
/ru/author/seanseantrobinson-co-uk/feed/,/rss.xml,vertaald:feed,REDIRECT,301 · 1 hop
/ru/author/sgh-nijenhuisgmail-com/,/author/stefan-nijenhuis/,vertaald:auteur,REDIRECT,301 · 1 hop
/ru/author/sgh-nijenhuisgmail-com/feed/,/rss.xml,vertaald:feed,REDIRECT,301 · 1 hop
/ru/author/stavrossfmi-uni-sofia-bg/,/author/stavros-stavru/,vertaald:auteur,REDIRECT,301 · 1 hop
/ru/author/stavrossfmi-uni-sofia-bg/feed/,/rss.xml,vertaald:feed,REDIRECT,301 · 1 hop
/ru/author/steverogalsky-ca/,/author/steve-rogalsky/,vertaald:auteur,REDIRECT,301 · 1 hop
/ru/author/steverogalsky-ca/feed/,/rss.xml,vertaald:feed,REDIRECT,301 · 1 hop
/ru/author/stiedlmoccasoft-com/,/author/anja-stiedl/,vertaald:auteur,REDIRECT,301 · 1 hop
/ru/author/stiedlmoccasoft-com/feed/,/rss.xml,vertaald:feed,REDIRECT,301 · 1 hop
/ru/author/sune-lomholtgmail-com/,/author/sune-lomholt/,vertaald:auteur,REDIRECT,301 · 1 hop
/ru/author/sune-lomholtgmail-com/feed/,/rss.xml,vertaald:feed,REDIRECT,301 · 1 hop
/ru/author/tatyanayanush/,/author/tatyana-yanush/,vertaald:auteur,REDIRECT,301 · 1 hop
/ru/author/tatyanayanush/feed/,/rss.xml,vertaald:feed,REDIRECT,301 · 1 hop
/ru/author/tctc-dk/,/author/tc-tc-dk/,vertaald:auteur,REDIRECT,301 · 1 hop
/ru/author/tctc-dk/feed/,/rss.xml,vertaald:feed,REDIRECT,301 · 1 hop
/ru/author/thomy-kayonline-de/,/author/thomy-kay/,vertaald:auteur,REDIRECT,301 · 1 hop
/ru/author/thomy-kayonline-de/feed/,/rss.xml,vertaald:feed,REDIRECT,301 · 1 hop
/ru/author/timyevgrashyn/,/author/tim-yevgrashyn/,vertaald:auteur,REDIRECT,301 · 1 hop
/ru/author/timyevgrashyn/feed/,/rss.xml,vertaald:feed,REDIRECT,301 · 1 hop
/ru/author/toddtoddcharron-com/,/author/todd-charron/,vertaald:auteur,REDIRECT,301 · 1 hop
/ru/author/toddtoddcharron-com/feed/,/rss.xml,vertaald:feed,REDIRECT,301 · 1 hop
/ru/author/vasan-ramtastycupcakesgmail-com-2/,/author/ram-srinivasan/,vertaald:auteur,REDIRECT,301 · 1 hop
/ru/author/vasan-ramtastycupcakesgmail-com-2/feed/,/rss.xml,vertaald:feed,REDIRECT,301 · 1 hop
/ru/author/vkbandaruyahoo-com/,/author/vijay-bandaru-2/,vertaald:auteur,REDIRECT,301 · 1 hop
/ru/author/vkbandaruyahoo-com/feed/,/rss.xml,vertaald:feed,REDIRECT,301 · 1 hop
/ru/author/wasitovayahoo-com/,/author/silvana-wasitova/,vertaald:auteur,REDIRECT,301 · 1 hop
/ru/author/wasitovayahoo-com/feed/,/rss.xml,vertaald:feed,REDIRECT,301 · 1 hop
/ru/author/zvonimir-krizgmail-com/,,vertaald:auteur,GONE,auteurarchief zonder gemigreerd record
/ru/author/zvonimir-krizgmail-com/feed/,/rss.xml,vertaald:feed,REDIRECT,301 · 1 hop
/ru/category/agile/,/category/agile/,vertaald:categorie,REDIRECT,301 · 1 hop
/ru/category/agile/feed/,/rss.xml,vertaald:feed,REDIRECT,301 · 1 hop
/ru/category/agile/page/10/,/category/agile/page/10/,vertaald:categorie-paginering,REDIRECT,301 · 1 hop
/ru/category/agile/page/11/,/category/agile/page/11/,vertaald:categorie-paginering,REDIRECT,301 · 1 hop
/ru/category/agile/page/12/,/category/agile/page/12/,vertaald:categorie-paginering,REDIRECT,301 · 1 hop
/ru/category/agile/page/13/,/category/agile/page/13/,vertaald:categorie-paginering,REDIRECT,301 · 1 hop
/ru/category/agile/page/14/,/category/agile/page/14/,vertaald:categorie-paginering,REDIRECT,301 · 1 hop
/ru/category/agile/page/15/,/category/agile/page/15/,vertaald:categorie-paginering,REDIRECT,301 · 1 hop
/ru/category/agile/page/16/,/category/agile/page/16/,vertaald:categorie-paginering,REDIRECT,301 · 1 hop
/ru/category/agile/page/17/,/category/agile/page/17/,vertaald:categorie-paginering,REDIRECT,301 · 1 hop
/ru/category/agile/page/2/,/category/agile/page/2/,vertaald:categorie-paginering,REDIRECT,301 · 1 hop
/ru/category/agile/page/3/,/category/agile/page/3/,vertaald:categorie-paginering,REDIRECT,301 · 1 hop
/ru/category/agile/page/4/,/category/agile/page/4/,vertaald:categorie-paginering,REDIRECT,301 · 1 hop
/ru/category/agile/page/5/,/category/agile/page/5/,vertaald:categorie-paginering,REDIRECT,301 · 1 hop
/ru/category/agile/page/6/,/category/agile/page/6/,vertaald:categorie-paginering,REDIRECT,301 · 1 hop
/ru/category/agile/page/7/,/category/agile/page/7/,vertaald:categorie-paginering,REDIRECT,301 · 1 hop
/ru/category/agile/page/8/,/category/agile/page/8/,vertaald:categorie-paginering,REDIRECT,301 · 1 hop
/ru/category/agile/page/9/,/category/agile/page/9/,vertaald:categorie-paginering,REDIRECT,301 · 1 hop
/ru/category/communication/,/category/communication/,vertaald:categorie,REDIRECT,301 · 1 hop
/ru/category/communication/feed/,/rss.xml,vertaald:feed,REDIRECT,301 · 1 hop
/ru/category/communication/page/2/,/category/communication/page/2/,vertaald:categorie-paginering,REDIRECT,301 · 1 hop
/ru/category/communication/page/3/,/category/communication/page/3/,vertaald:categorie-paginering,REDIRECT,301 · 1 hop
/ru/category/communication/page/4/,/category/communication/page/4/,vertaald:categorie-paginering,REDIRECT,301 · 1 hop
/ru/category/communication/page/5/,/category/communication/page/5/,vertaald:categorie-paginering,REDIRECT,301 · 1 hop
/ru/category/communication/page/6/,/category/communication/page/6/,vertaald:categorie-paginering,REDIRECT,301 · 1 hop
/ru/category/communication/page/7/,/category/communication/page/7/,vertaald:categorie-paginering,REDIRECT,301 · 1 hop
/ru/category/communication/page/8/,/category/communication/page/8/,vertaald:categorie-paginering,REDIRECT,301 · 1 hop
/ru/category/development/,/category/development/,vertaald:categorie,REDIRECT,301 · 1 hop
/ru/category/development/feed/,/rss.xml,vertaald:feed,REDIRECT,301 · 1 hop
/ru/category/development/page/2/,/category/development/page/2/,vertaald:categorie-paginering,REDIRECT,301 · 1 hop
/ru/category/development/page/3/,/category/development/page/3/,vertaald:categorie-paginering,REDIRECT,301 · 1 hop
/ru/category/development/page/4/,/category/development/page/4/,vertaald:categorie-paginering,REDIRECT,301 · 1 hop
/ru/category/development/page/5/,/category/development/page/5/,vertaald:categorie-paginering,REDIRECT,301 · 1 hop
/ru/category/development/page/6/,/category/development/page/6/,vertaald:categorie-paginering,REDIRECT,301 · 1 hop
/ru/category/games/,/category/games/,vertaald:categorie,REDIRECT,301 · 1 hop
/ru/category/games/feed/,/rss.xml,vertaald:feed,REDIRECT,301 · 1 hop
/ru/category/games/page/10/,/category/games/page/10/,vertaald:categorie-paginering,REDIRECT,301 · 1 hop
/ru/category/games/page/11/,/category/games/page/11/,vertaald:categorie-paginering,REDIRECT,301 · 1 hop
/ru/category/games/page/12/,/category/games/page/12/,vertaald:categorie-paginering,REDIRECT,301 · 1 hop
/ru/category/games/page/13/,/category/games/page/13/,vertaald:categorie-paginering,REDIRECT,301 · 1 hop
/ru/category/games/page/14/,/category/games/page/14/,vertaald:categorie-paginering,REDIRECT,301 · 1 hop
/ru/category/games/page/15/,/category/games/page/15/,vertaald:categorie-paginering,REDIRECT,301 · 1 hop
/ru/category/games/page/16/,/category/games/page/16/,vertaald:categorie-paginering,REDIRECT,301 · 1 hop
/ru/category/games/page/17/,/category/games/page/17/,vertaald:categorie-paginering,REDIRECT,301 · 1 hop
/ru/category/games/page/18/,/category/games/page/18/,vertaald:categorie-paginering,REDIRECT,301 · 1 hop
/ru/category/games/page/19/,/category/games/page/19/,vertaald:categorie-paginering,REDIRECT,301 · 1 hop
/ru/category/games/page/2/,/category/games/page/2/,vertaald:categorie-paginering,REDIRECT,301 · 1 hop
/ru/category/games/page/20/,/category/games/page/20/,vertaald:categorie-paginering,REDIRECT,301 · 1 hop
/ru/category/games/page/21/,/category/games/page/21/,vertaald:categorie-paginering,REDIRECT,301 · 1 hop
/ru/category/games/page/22/,/category/games/page/22/,vertaald:categorie-paginering,REDIRECT,301 · 1 hop
/ru/category/games/page/3/,/category/games/page/3/,vertaald:categorie-paginering,REDIRECT,301 · 1 hop
/ru/category/games/page/4/,/category/games/page/4/,vertaald:categorie-paginering,REDIRECT,301 · 1 hop
/ru/category/games/page/5/,/category/games/page/5/,vertaald:categorie-paginering,REDIRECT,301 · 1 hop
/ru/category/games/page/6/,/category/games/page/6/,vertaald:categorie-paginering,REDIRECT,301 · 1 hop
/ru/category/games/page/7/,/category/games/page/7/,vertaald:categorie-paginering,REDIRECT,301 · 1 hop
/ru/category/games/page/8/,/category/games/page/8/,vertaald:categorie-paginering,REDIRECT,301 · 1 hop
/ru/category/games/page/9/,/category/games/page/9/,vertaald:categorie-paginering,REDIRECT,301 · 1 hop
/ru/category/instructing/,/category/instructing/,vertaald:categorie,REDIRECT,301 · 1 hop
/ru/category/instructing/feed/,/rss.xml,vertaald:feed,REDIRECT,301 · 1 hop
/ru/category/instructing/page/2/,/category/instructing/page/2/,vertaald:categorie-paginering,REDIRECT,301 · 1 hop
/ru/category/lean/,/category/lean/,vertaald:categorie,REDIRECT,301 · 1 hop
/ru/category/lean/feed/,/rss.xml,vertaald:feed,REDIRECT,301 · 1 hop
/ru/category/lean/page/2/,/category/lean/page/2/,vertaald:categorie-paginering,REDIRECT,301 · 1 hop
/ru/category/lean/page/3/,/category/lean/page/3/,vertaald:categorie-paginering,REDIRECT,301 · 1 hop
/ru/category/lean/page/4/,/category/lean/page/4/,vertaald:categorie-paginering,REDIRECT,301 · 1 hop
/ru/category/product/,/category/product/,vertaald:categorie,REDIRECT,301 · 1 hop
/ru/category/product/feed/,/rss.xml,vertaald:feed,REDIRECT,301 · 1 hop
/ru/category/product/page/2/,/category/product/page/2/,vertaald:categorie-paginering,REDIRECT,301 · 1 hop
/ru/category/product/page/3/,/category/product/page/3/,vertaald:categorie-paginering,REDIRECT,301 · 1 hop
/ru/category/product/page/4/,/category/product/page/4/,vertaald:categorie-paginering,REDIRECT,301 · 1 hop
/ru/category/product/page/5/,/category/product/page/5/,vertaald:categorie-paginering,REDIRECT,301 · 1 hop
/ru/category/product/page/6/,/category/product/page/6/,vertaald:categorie-paginering,REDIRECT,301 · 1 hop
/ru/category/project-management/,/category/project-management/,vertaald:categorie,REDIRECT,301 · 1 hop
/ru/category/project-management/feed/,/rss.xml,vertaald:feed,REDIRECT,301 · 1 hop
/ru/category/project-management/page/10/,/category/project-management/page/10/,vertaald:categorie-paginering,REDIRECT,301 · 1 hop
/ru/category/project-management/page/2/,/category/project-management/page/2/,vertaald:categorie-paginering,REDIRECT,301 · 1 hop
/ru/category/project-management/page/3/,/category/project-management/page/3/,vertaald:categorie-paginering,REDIRECT,301 · 1 hop
/ru/category/project-management/page/4/,/category/project-management/page/4/,vertaald:categorie-paginering,REDIRECT,301 · 1 hop
/ru/category/project-management/page/5/,/category/project-management/page/5/,vertaald:categorie-paginering,REDIRECT,301 · 1 hop
/ru/category/project-management/page/6/,/category/project-management/page/6/,vertaald:categorie-paginering,REDIRECT,301 · 1 hop
/ru/category/project-management/page/7/,/category/project-management/page/7/,vertaald:categorie-paginering,REDIRECT,301 · 1 hop
/ru/category/project-management/page/8/,/category/project-management/page/8/,vertaald:categorie-paginering,REDIRECT,301 · 1 hop
/ru/category/project-management/page/9/,/category/project-management/page/9/,vertaald:categorie-paginering,REDIRECT,301 · 1 hop
/ru/category/requirements/,/category/requirements/,vertaald:categorie,REDIRECT,301 · 1 hop
/ru/category/requirements/feed/,/rss.xml,vertaald:feed,REDIRECT,301 · 1 hop
/ru/category/requirements/page/2/,/category/requirements/page/2/,vertaald:categorie-paginering,REDIRECT,301 · 1 hop
/ru/category/requirements/page/3/,/category/requirements/page/3/,vertaald:categorie-paginering,REDIRECT,301 · 1 hop
/ru/category/requirements/page/4/,/category/requirements/page/4/,vertaald:categorie-paginering,REDIRECT,301 · 1 hop
/ru/category/requirements/page/5/,/category/requirements/page/5/,vertaald:categorie-paginering,REDIRECT,301 · 1 hop
/ru/category/team-dynamics/,/category/team-dynamics/,vertaald:categorie,REDIRECT,301 · 1 hop
/ru/category/team-dynamics/feed/,/rss.xml,vertaald:feed,REDIRECT,301 · 1 hop
/ru/category/team-dynamics/page/10/,/category/team-dynamics/page/10/,vertaald:categorie-paginering,REDIRECT,301 · 1 hop
/ru/category/team-dynamics/page/11/,/category/team-dynamics/page/11/,vertaald:categorie-paginering,REDIRECT,301 · 1 hop
/ru/category/team-dynamics/page/2/,/category/team-dynamics/page/2/,vertaald:categorie-paginering,REDIRECT,301 · 1 hop
/ru/category/team-dynamics/page/3/,/category/team-dynamics/page/3/,vertaald:categorie-paginering,REDIRECT,301 · 1 hop
/ru/category/team-dynamics/page/4/,/category/team-dynamics/page/4/,vertaald:categorie-paginering,REDIRECT,301 · 1 hop
/ru/category/team-dynamics/page/5/,/category/team-dynamics/page/5/,vertaald:categorie-paginering,REDIRECT,301 · 1 hop
/ru/category/team-dynamics/page/6/,/category/team-dynamics/page/6/,vertaald:categorie-paginering,REDIRECT,301 · 1 hop
/ru/category/team-dynamics/page/7/,/category/team-dynamics/page/7/,vertaald:categorie-paginering,REDIRECT,301 · 1 hop
/ru/category/team-dynamics/page/8/,/category/team-dynamics/page/8/,vertaald:categorie-paginering,REDIRECT,301 · 1 hop
/ru/category/team-dynamics/page/9/,/category/team-dynamics/page/9/,vertaald:categorie-paginering,REDIRECT,301 · 1 hop
/ru/category/uncategorized/,/category/uncategorized/,vertaald:categorie,REDIRECT,301 · 1 hop
/ru/category/uncategorized/feed/,/rss.xml,vertaald:feed,REDIRECT,301 · 1 hop
/ru/feed/,/rss.xml,vertaald:feed,REDIRECT,301 · 1 hop
/ru/feed/atom/,/rss.xml,vertaald:feed,REDIRECT,301 · 1 hop
/ru/game/,,vertaald:pagina,GONE,pagina vervalt volgens CONTENT-MODEL §4
/ru/game/comment-page-1/,,vertaald:pagina,GONE,pagina vervalt volgens CONTENT-MODEL §4
/ru/game/feed/,/rss.xml,vertaald:feed,REDIRECT,301 · 1 hop
/ru/submit-game-reference/,,vertaald:pagina,GONE,pagina vervalt volgens CONTENT-MODEL §4
/ru/submit-game-reference/feed/,/rss.xml,vertaald:feed,REDIRECT,301 · 1 hop
/ru/tag/acceptance-criteria/,/tag/acceptance-criteria/,vertaald:tag,REDIRECT,301 · 1 hop
/ru/tag/adoption/,/tag/adoption/,vertaald:tag,REDIRECT,301 · 1 hop
/ru/tag/adoption/feed/,/rss.xml,vertaald:feed,REDIRECT,301 · 1 hop
/ru/tag/aeroplane/,/tag/aeroplane/,vertaald:tag,REDIRECT,301 · 1 hop
/ru/tag/aeroplane/feed/,/rss.xml,vertaald:feed,REDIRECT,301 · 1 hop
/ru/tag/agile-manifesto/,/tag/agile-manifesto/,vertaald:tag,REDIRECT,301 · 1 hop
/ru/tag/agile-manifesto/feed/,/rss.xml,vertaald:feed,REDIRECT,301 · 1 hop
/ru/tag/agile-mindset/,/tag/agile-mindset/,vertaald:tag,REDIRECT,301 · 1 hop
/ru/tag/agile/,/tag/agile/,vertaald:tag,REDIRECT,301 · 1 hop
/ru/tag/agile/feed/,/rss.xml,vertaald:feed,REDIRECT,301 · 1 hop
/ru/tag/agile/page/2/,/tag/agile/,vertaald:tag-paginering,REDIRECT,301 · 1 hop
/ru/tag/agile/page/3/,/tag/agile/,vertaald:tag-paginering,REDIRECT,301 · 1 hop
/ru/tag/agile/page/4/,/tag/agile/,vertaald:tag-paginering,REDIRECT,301 · 1 hop
/ru/tag/agile/page/5/,/tag/agile/,vertaald:tag-paginering,REDIRECT,301 · 1 hop
/ru/tag/agile/page/6/,/tag/agile/,vertaald:tag-paginering,REDIRECT,301 · 1 hop
/ru/tag/agilite/,/tag/agilite/,vertaald:tag,REDIRECT,301 · 1 hop
/ru/tag/agilite/feed/,/rss.xml,vertaald:feed,REDIRECT,301 · 1 hop
/ru/tag/backlog/,/tag/backlog/,vertaald:tag,REDIRECT,301 · 1 hop
/ru/tag/backlog/feed/,/rss.xml,vertaald:feed,REDIRECT,301 · 1 hop
/ru/tag/ball-game/,/tag/ball-game/,vertaald:tag,REDIRECT,301 · 1 hop
/ru/tag/batches/,/tag/batches/,vertaald:tag,REDIRECT,301 · 1 hop
/ru/tag/batches/feed/,/rss.xml,vertaald:feed,REDIRECT,301 · 1 hop
/ru/tag/behaviours/,/tag/behaviours/,vertaald:tag,REDIRECT,301 · 1 hop
/ru/tag/behaviours/feed/,/rss.xml,vertaald:feed,REDIRECT,301 · 1 hop
/ru/tag/board-game/,/tag/board-game/,vertaald:tag,REDIRECT,301 · 1 hop
/ru/tag/board-game/feed/,/rss.xml,vertaald:feed,REDIRECT,301 · 1 hop
/ru/tag/cards/,/tag/cards/,vertaald:tag,REDIRECT,301 · 1 hop
/ru/tag/cards/feed/,/rss.xml,vertaald:feed,REDIRECT,301 · 1 hop
/ru/tag/cfd/,/tag/cfd/,vertaald:tag,REDIRECT,301 · 1 hop
/ru/tag/cfd/feed/,/rss.xml,vertaald:feed,REDIRECT,301 · 1 hop
/ru/tag/change/,/tag/change/,vertaald:tag,REDIRECT,301 · 1 hop
/ru/tag/change/feed/,/rss.xml,vertaald:feed,REDIRECT,301 · 1 hop
/ru/tag/check-in/,/tag/check-in/,vertaald:tag,REDIRECT,301 · 1 hop
/ru/tag/check-out/,/tag/check-out/,vertaald:tag,REDIRECT,301 · 1 hop
/ru/tag/choice/,/tag/choice/,vertaald:tag,REDIRECT,301 · 1 hop
/ru/tag/choice/feed/,/rss.xml,vertaald:feed,REDIRECT,301 · 1 hop
/ru/tag/coaching/,/tag/coaching/,vertaald:tag,REDIRECT,301 · 1 hop
/ru/tag/coaching/feed/,/rss.xml,vertaald:feed,REDIRECT,301 · 1 hop
/ru/tag/collaboration/,/tag/collaboration/,vertaald:tag,REDIRECT,301 · 1 hop
/ru/tag/collaboration/feed/,/rss.xml,vertaald:feed,REDIRECT,301 · 1 hop
/ru/tag/collaboration/page/2/,/tag/collaboration/,vertaald:tag-paginering,REDIRECT,301 · 1 hop
/ru/tag/collaboration/page/3/,/tag/collaboration/,vertaald:tag-paginering,REDIRECT,301 · 1 hop
/ru/tag/collaboration/page/4/,/tag/collaboration/,vertaald:tag-paginering,REDIRECT,301 · 1 hop
/ru/tag/collaboration/page/5/,/tag/collaboration/,vertaald:tag-paginering,REDIRECT,301 · 1 hop
/ru/tag/communication/,/tag/communication/,vertaald:tag,REDIRECT,301 · 1 hop
/ru/tag/communication/feed/,/rss.xml,vertaald:feed,REDIRECT,301 · 1 hop
/ru/tag/communication/page/2/,/tag/communication/,vertaald:tag-paginering,REDIRECT,301 · 1 hop
/ru/tag/companys-profile/,/tag/companys-profile/,vertaald:tag,REDIRECT,301 · 1 hop
/ru/tag/connections/,/tag/connections/,vertaald:tag,REDIRECT,301 · 1 hop
/ru/tag/connections/feed/,/rss.xml,vertaald:feed,REDIRECT,301 · 1 hop
/ru/tag/constraints/,/tag/constraints/,vertaald:tag,REDIRECT,301 · 1 hop
/ru/tag/constraints/feed/,/rss.xml,vertaald:feed,REDIRECT,301 · 1 hop
/ru/tag/context-switching/,/tag/context-switching/,vertaald:tag,REDIRECT,301 · 1 hop
/ru/tag/context-switching/feed/,/rss.xml,vertaald:feed,REDIRECT,301 · 1 hop
/ru/tag/continuous-improvement/,/tag/continuous-improvement/,vertaald:tag,REDIRECT,301 · 1 hop
/ru/tag/continuous-improvement/feed/,/rss.xml,vertaald:feed,REDIRECT,301 · 1 hop
/ru/tag/continuous-partial-attention/,/tag/continuous-partial-attention/,vertaald:tag,REDIRECT,301 · 1 hop
/ru/tag/continuous-partial-attention/feed/,/rss.xml,vertaald:feed,REDIRECT,301 · 1 hop
/ru/tag/contraints/,/tag/contraints/,vertaald:tag,REDIRECT,301 · 1 hop
/ru/tag/contraints/feed/,/rss.xml,vertaald:feed,REDIRECT,301 · 1 hop
/ru/tag/courage/,/tag/courage/,vertaald:tag,REDIRECT,301 · 1 hop
/ru/tag/courage/feed/,/rss.xml,vertaald:feed,REDIRECT,301 · 1 hop
/ru/tag/creativity/,/tag/creativity/,vertaald:tag,REDIRECT,301 · 1 hop
/ru/tag/creativity/feed/,/rss.xml,vertaald:feed,REDIRECT,301 · 1 hop
/ru/tag/cross-communication/,/tag/cross-communication/,vertaald:tag,REDIRECT,301 · 1 hop
/ru/tag/cross-communication/feed/,/rss.xml,vertaald:feed,REDIRECT,301 · 1 hop
/ru/tag/cross-functional-teams/,/tag/cross-functional-teams/,vertaald:tag,REDIRECT,301 · 1 hop
/ru/tag/cross-functional-teams/feed/,/rss.xml,vertaald:feed,REDIRECT,301 · 1 hop
/ru/tag/customer-understanding/,/tag/customer-understanding/,vertaald:tag,REDIRECT,301 · 1 hop
/ru/tag/customer-understanding/feed/,/rss.xml,vertaald:feed,REDIRECT,301 · 1 hop
/ru/tag/customer/,/tag/customer/,vertaald:tag,REDIRECT,301 · 1 hop
/ru/tag/customer/feed/,/rss.xml,vertaald:feed,REDIRECT,301 · 1 hop
/ru/tag/daily-scrum/,/tag/daily-scrum/,vertaald:tag,REDIRECT,301 · 1 hop
/ru/tag/daily-scrum/feed/,/rss.xml,vertaald:feed,REDIRECT,301 · 1 hop
/ru/tag/daily/,/tag/daily/,vertaald:tag,REDIRECT,301 · 1 hop
/ru/tag/daily/feed/,/rss.xml,vertaald:feed,REDIRECT,301 · 1 hop
/ru/tag/decision-making/,/tag/decision-making/,vertaald:tag,REDIRECT,301 · 1 hop
/ru/tag/decision-making/feed/,/rss.xml,vertaald:feed,REDIRECT,301 · 1 hop
/ru/tag/decision/,/tag/decision/,vertaald:tag,REDIRECT,301 · 1 hop
/ru/tag/decision/feed/,/rss.xml,vertaald:feed,REDIRECT,301 · 1 hop
/ru/tag/definition-of-done/,/tag/definition-of-done/,vertaald:tag,REDIRECT,301 · 1 hop
/ru/tag/developer/,/tag/developer/,vertaald:tag,REDIRECT,301 · 1 hop
/ru/tag/developer/feed/,/rss.xml,vertaald:feed,REDIRECT,301 · 1 hop
/ru/tag/development/,/tag/development/,vertaald:tag,REDIRECT,301 · 1 hop
/ru/tag/development/feed/,/rss.xml,vertaald:feed,REDIRECT,301 · 1 hop
/ru/tag/distributed-teams/,/tag/distributed-teams/,vertaald:tag,REDIRECT,301 · 1 hop
/ru/tag/distributed-teams/feed/,/rss.xml,vertaald:feed,REDIRECT,301 · 1 hop
/ru/tag/dod/,/tag/dod/,vertaald:tag,REDIRECT,301 · 1 hop
/ru/tag/dod/feed/,/rss.xml,vertaald:feed,REDIRECT,301 · 1 hop
/ru/tag/done/,/tag/done/,vertaald:tag,REDIRECT,301 · 1 hop
/ru/tag/done/feed/,/rss.xml,vertaald:feed,REDIRECT,301 · 1 hop
/ru/tag/emergence/,/tag/emergence/,vertaald:tag,REDIRECT,301 · 1 hop
/ru/tag/emergence/feed/,/rss.xml,vertaald:feed,REDIRECT,301 · 1 hop
/ru/tag/emergent-design/,/tag/emergent-design/,vertaald:tag,REDIRECT,301 · 1 hop
/ru/tag/emergent-design/feed/,/rss.xml,vertaald:feed,REDIRECT,301 · 1 hop
/ru/tag/empathy/,/tag/empathy/,vertaald:tag,REDIRECT,301 · 1 hop
/ru/tag/empathy/feed/,/rss.xml,vertaald:feed,REDIRECT,301 · 1 hop
/ru/tag/energise/,/tag/energise/,vertaald:tag,REDIRECT,301 · 1 hop
/ru/tag/energizer/,/tag/energizer/,vertaald:tag,REDIRECT,301 · 1 hop
/ru/tag/energizer/feed/,/rss.xml,vertaald:feed,REDIRECT,301 · 1 hop
/ru/tag/engagement/,/tag/engagement/,vertaald:tag,REDIRECT,301 · 1 hop
/ru/tag/engagement/feed/,/rss.xml,vertaald:feed,REDIRECT,301 · 1 hop
/ru/tag/estimation/,/tag/estimation/,vertaald:tag,REDIRECT,301 · 1 hop
/ru/tag/estimation/feed/,/rss.xml,vertaald:feed,REDIRECT,301 · 1 hop
/ru/tag/estimation/page/2/,/tag/estimation/,vertaald:tag-paginering,REDIRECT,301 · 1 hop
/ru/tag/evolutionary-design/,/tag/evolutionary-design/,vertaald:tag,REDIRECT,301 · 1 hop
/ru/tag/evolutionary-design/feed/,/rss.xml,vertaald:feed,REDIRECT,301 · 1 hop
/ru/tag/executive/,/tag/executive/,vertaald:tag,REDIRECT,301 · 1 hop
/ru/tag/executive/feed/,/rss.xml,vertaald:feed,REDIRECT,301 · 1 hop
/ru/tag/extreme-programming/,/tag/extreme-programming/,vertaald:tag,REDIRECT,301 · 1 hop
/ru/tag/extreme-programming/feed/,/rss.xml,vertaald:feed,REDIRECT,301 · 1 hop
/ru/tag/facilitation/,/tag/facilitation/,vertaald:tag,REDIRECT,301 · 1 hop
/ru/tag/facilitation/feed/,/rss.xml,vertaald:feed,REDIRECT,301 · 1 hop
/ru/tag/failure-culture/,/tag/failure-culture/,vertaald:tag,REDIRECT,301 · 1 hop
/ru/tag/failure-culture/feed/,/rss.xml,vertaald:feed,REDIRECT,301 · 1 hop
/ru/tag/feed-back/,/tag/feed-back/,vertaald:tag,REDIRECT,301 · 1 hop
/ru/tag/feed-back/feed/,/rss.xml,vertaald:feed,REDIRECT,301 · 1 hop
/ru/tag/flow/,/tag/flow/,vertaald:tag,REDIRECT,301 · 1 hop
/ru/tag/flow/feed/,/rss.xml,vertaald:feed,REDIRECT,301 · 1 hop
/ru/tag/focus/,/tag/focus/,vertaald:tag,REDIRECT,301 · 1 hop
/ru/tag/focus/feed/,/rss.xml,vertaald:feed,REDIRECT,301 · 1 hop
/ru/tag/forecasting/,/tag/forecasting/,vertaald:tag,REDIRECT,301 · 1 hop
/ru/tag/forming-teams/,/tag/forming-teams/,vertaald:tag,REDIRECT,301 · 1 hop
/ru/tag/forming-teams/feed/,/rss.xml,vertaald:feed,REDIRECT,301 · 1 hop
/ru/tag/fun/,/tag/fun/,vertaald:tag,REDIRECT,301 · 1 hop
/ru/tag/fun/feed/,/rss.xml,vertaald:feed,REDIRECT,301 · 1 hop
/ru/tag/game-creation/,/tag/game-creation/,vertaald:tag,REDIRECT,301 · 1 hop
/ru/tag/game-creation/feed/,/rss.xml,vertaald:feed,REDIRECT,301 · 1 hop
/ru/tag/game/,/tag/game/,vertaald:tag,REDIRECT,301 · 1 hop
/ru/tag/game/feed/,/rss.xml,vertaald:feed,REDIRECT,301 · 1 hop
/ru/tag/games/,/tag/games/,vertaald:tag,REDIRECT,301 · 1 hop
/ru/tag/games/feed/,/rss.xml,vertaald:feed,REDIRECT,301 · 1 hop
/ru/tag/gamification/,/tag/gamification/,vertaald:tag,REDIRECT,301 · 1 hop
/ru/tag/gamification/feed/,/rss.xml,vertaald:feed,REDIRECT,301 · 1 hop
/ru/tag/gather-insights/,/tag/gather-insights/,vertaald:tag,REDIRECT,301 · 1 hop
/ru/tag/huddle/,/tag/huddle/,vertaald:tag,REDIRECT,301 · 1 hop
/ru/tag/huddle/feed/,/rss.xml,vertaald:feed,REDIRECT,301 · 1 hop
/ru/tag/icebreaker/,/tag/icebreaker/,vertaald:tag,REDIRECT,301 · 1 hop
/ru/tag/icebreaker/feed/,/rss.xml,vertaald:feed,REDIRECT,301 · 1 hop
/ru/tag/improv/,/tag/improv/,vertaald:tag,REDIRECT,301 · 1 hop
/ru/tag/improv/feed/,/rss.xml,vertaald:feed,REDIRECT,301 · 1 hop
/ru/tag/improvement/,/tag/improvement/,vertaald:tag,REDIRECT,301 · 1 hop
/ru/tag/influence/,/tag/influence/,vertaald:tag,REDIRECT,301 · 1 hop
/ru/tag/influence/feed/,/rss.xml,vertaald:feed,REDIRECT,301 · 1 hop
/ru/tag/innovation-game/,/tag/innovation-game/,vertaald:tag,REDIRECT,301 · 1 hop
/ru/tag/innovation-game/feed/,/rss.xml,vertaald:feed,REDIRECT,301 · 1 hop
/ru/tag/innovation-games/,/tag/innovation-games/,vertaald:tag,REDIRECT,301 · 1 hop
/ru/tag/innovation-games/feed/,/rss.xml,vertaald:feed,REDIRECT,301 · 1 hop
/ru/tag/innovation-games/page/2/,/tag/innovation-games/,vertaald:tag-paginering,REDIRECT,301 · 1 hop
/ru/tag/innovation-games/page/3/,/tag/innovation-games/,vertaald:tag-paginering,REDIRECT,301 · 1 hop
/ru/tag/innovation/,/tag/innovation/,vertaald:tag,REDIRECT,301 · 1 hop
/ru/tag/innovation/feed/,/rss.xml,vertaald:feed,REDIRECT,301 · 1 hop
/ru/tag/instructing-techniques/,/tag/instructing-techniques/,vertaald:tag,REDIRECT,301 · 1 hop
/ru/tag/instructing-techniques/feed/,/rss.xml,vertaald:feed,REDIRECT,301 · 1 hop
/ru/tag/introductions/,/tag/introductions/,vertaald:tag,REDIRECT,301 · 1 hop
/ru/tag/introductions/feed/,/rss.xml,vertaald:feed,REDIRECT,301 · 1 hop
/ru/tag/introspection/,/tag/introspection/,vertaald:tag,REDIRECT,301 · 1 hop
/ru/tag/introspection/feed/,/rss.xml,vertaald:feed,REDIRECT,301 · 1 hop
/ru/tag/intuition/,/tag/intuition/,vertaald:tag,REDIRECT,301 · 1 hop
/ru/tag/intuition/feed/,/rss.xml,vertaald:feed,REDIRECT,301 · 1 hop
/ru/tag/invention/,/tag/invention/,vertaald:tag,REDIRECT,301 · 1 hop
/ru/tag/invention/feed/,/rss.xml,vertaald:feed,REDIRECT,301 · 1 hop
/ru/tag/iteration/,/tag/iteration/,vertaald:tag,REDIRECT,301 · 1 hop
/ru/tag/iteration/feed/,/rss.xml,vertaald:feed,REDIRECT,301 · 1 hop
/ru/tag/iterations/,/tag/iterations/,vertaald:tag,REDIRECT,301 · 1 hop
/ru/tag/iterations/feed/,/rss.xml,vertaald:feed,REDIRECT,301 · 1 hop
/ru/tag/kanban/,/tag/kanban/,vertaald:tag,REDIRECT,301 · 1 hop
/ru/tag/kanban/feed/,/rss.xml,vertaald:feed,REDIRECT,301 · 1 hop
/ru/tag/lead-time/,/tag/lead-time/,vertaald:tag,REDIRECT,301 · 1 hop
/ru/tag/lead-time/feed/,/rss.xml,vertaald:feed,REDIRECT,301 · 1 hop
/ru/tag/leadership/,/tag/leadership/,vertaald:tag,REDIRECT,301 · 1 hop
/ru/tag/leadership/feed/,/rss.xml,vertaald:feed,REDIRECT,301 · 1 hop
/ru/tag/lean/,/tag/lean/,vertaald:tag,REDIRECT,301 · 1 hop
/ru/tag/lean/feed/,/rss.xml,vertaald:feed,REDIRECT,301 · 1 hop
/ru/tag/learning/,/tag/learning/,vertaald:tag,REDIRECT,301 · 1 hop
/ru/tag/learning/feed/,/rss.xml,vertaald:feed,REDIRECT,301 · 1 hop
/ru/tag/lego-game/,/tag/lego-game/,vertaald:tag,REDIRECT,301 · 1 hop
/ru/tag/lego-game/feed/,/rss.xml,vertaald:feed,REDIRECT,301 · 1 hop
/ru/tag/lego/,/tag/lego/,vertaald:tag,REDIRECT,301 · 1 hop
/ru/tag/lego/feed/,/rss.xml,vertaald:feed,REDIRECT,301 · 1 hop
/ru/tag/limit-work-in-progress/,/tag/limit-work-in-progress/,vertaald:tag,REDIRECT,301 · 1 hop
/ru/tag/limit/,/tag/limit/,vertaald:tag,REDIRECT,301 · 1 hop
/ru/tag/limit/feed/,/rss.xml,vertaald:feed,REDIRECT,301 · 1 hop
/ru/tag/listening/,/tag/listening/,vertaald:tag,REDIRECT,301 · 1 hop
/ru/tag/listening/feed/,/rss.xml,vertaald:feed,REDIRECT,301 · 1 hop
/ru/tag/management/,/tag/management/,vertaald:tag,REDIRECT,301 · 1 hop
/ru/tag/management/feed/,/rss.xml,vertaald:feed,REDIRECT,301 · 1 hop
/ru/tag/manifesto/,/tag/manifesto/,vertaald:tag,REDIRECT,301 · 1 hop
/ru/tag/manifesto/feed/,/rss.xml,vertaald:feed,REDIRECT,301 · 1 hop
/ru/tag/marketing/,/tag/marketing/,vertaald:tag,REDIRECT,301 · 1 hop
/ru/tag/marketing/feed/,/rss.xml,vertaald:feed,REDIRECT,301 · 1 hop
/ru/tag/may-the-4th-be-with-you/,/tag/may-the-4th-be-with-you/,vertaald:tag,REDIRECT,301 · 1 hop
/ru/tag/meeting/,/tag/meeting/,vertaald:tag,REDIRECT,301 · 1 hop
/ru/tag/meeting/feed/,/rss.xml,vertaald:feed,REDIRECT,301 · 1 hop
/ru/tag/mindset/,/tag/mindset/,vertaald:tag,REDIRECT,301 · 1 hop
/ru/tag/mindset/feed/,/rss.xml,vertaald:feed,REDIRECT,301 · 1 hop
/ru/tag/minecraft/,/tag/minecraft/,vertaald:tag,REDIRECT,301 · 1 hop
/ru/tag/minecraft/feed/,/rss.xml,vertaald:feed,REDIRECT,301 · 1 hop
/ru/tag/multitasking/,/tag/multitasking/,vertaald:tag,REDIRECT,301 · 1 hop
/ru/tag/multitasking/feed/,/rss.xml,vertaald:feed,REDIRECT,301 · 1 hop
/ru/tag/news/,/tag/news/,vertaald:tag,REDIRECT,301 · 1 hop
/ru/tag/news/feed/,/rss.xml,vertaald:feed,REDIRECT,301 · 1 hop
/ru/tag/noise/,/tag/noise/,vertaald:tag,REDIRECT,301 · 1 hop
/ru/tag/non-functional-requirements/,/tag/non-functional-requirements/,vertaald:tag,REDIRECT,301 · 1 hop
/ru/tag/obstacles/,/tag/obstacles/,vertaald:tag,REDIRECT,301 · 1 hop
/ru/tag/obstacles/feed/,/rss.xml,vertaald:feed,REDIRECT,301 · 1 hop
/ru/tag/openess/,/tag/openess/,vertaald:tag,REDIRECT,301 · 1 hop
/ru/tag/openess/feed/,/rss.xml,vertaald:feed,REDIRECT,301 · 1 hop
/ru/tag/pair-programing/,/tag/pair-programing/,vertaald:tag,REDIRECT,301 · 1 hop
/ru/tag/pair-programing/feed/,/rss.xml,vertaald:feed,REDIRECT,301 · 1 hop
/ru/tag/paper-airplane/,/tag/paper-airplane/,vertaald:tag,REDIRECT,301 · 1 hop
/ru/tag/paper-airplane/feed/,/rss.xml,vertaald:feed,REDIRECT,301 · 1 hop
/ru/tag/parkinsons-law/,/tag/parkinsons-law/,vertaald:tag,REDIRECT,301 · 1 hop
/ru/tag/parkinsons-law/feed/,/rss.xml,vertaald:feed,REDIRECT,301 · 1 hop
/ru/tag/personas/,/tag/personas/,vertaald:tag,REDIRECT,301 · 1 hop
/ru/tag/personas/feed/,/rss.xml,vertaald:feed,REDIRECT,301 · 1 hop
/ru/tag/persuade/,/tag/persuade/,vertaald:tag,REDIRECT,301 · 1 hop
/ru/tag/persuade/feed/,/rss.xml,vertaald:feed,REDIRECT,301 · 1 hop
/ru/tag/persuasive/,/tag/persuasive/,vertaald:tag,REDIRECT,301 · 1 hop
/ru/tag/persuasive/feed/,/rss.xml,vertaald:feed,REDIRECT,301 · 1 hop
/ru/tag/planning/,/tag/planning/,vertaald:tag,REDIRECT,301 · 1 hop
/ru/tag/planning/feed/,/rss.xml,vertaald:feed,REDIRECT,301 · 1 hop
/ru/tag/planning/page/2/,/tag/planning/,vertaald:tag-paginering,REDIRECT,301 · 1 hop
/ru/tag/plus-delta/,/tag/plus-delta/,vertaald:tag,REDIRECT,301 · 1 hop
/ru/tag/plus-delta/feed/,/rss.xml,vertaald:feed,REDIRECT,301 · 1 hop
/ru/tag/practice/,/tag/practice/,vertaald:tag,REDIRECT,301 · 1 hop
/ru/tag/practice/feed/,/rss.xml,vertaald:feed,REDIRECT,301 · 1 hop
/ru/tag/preference-articulation/,/tag/preference-articulation/,vertaald:tag,REDIRECT,301 · 1 hop
/ru/tag/preference-articulation/feed/,/rss.xml,vertaald:feed,REDIRECT,301 · 1 hop
/ru/tag/principes-agile/,/tag/principes-agile/,vertaald:tag,REDIRECT,301 · 1 hop
/ru/tag/principes-agile/feed/,/rss.xml,vertaald:feed,REDIRECT,301 · 1 hop
/ru/tag/principles/,/tag/principles/,vertaald:tag,REDIRECT,301 · 1 hop
/ru/tag/principles/feed/,/rss.xml,vertaald:feed,REDIRECT,301 · 1 hop
/ru/tag/prioritisation/,/tag/prioritisation/,vertaald:tag,REDIRECT,301 · 1 hop
/ru/tag/prioritisation/feed/,/rss.xml,vertaald:feed,REDIRECT,301 · 1 hop
/ru/tag/prioritization/,/tag/prioritization/,vertaald:tag,REDIRECT,301 · 1 hop
/ru/tag/prioritization/feed/,/rss.xml,vertaald:feed,REDIRECT,301 · 1 hop
/ru/tag/problemsolving/,/tag/problemsolving/,vertaald:tag,REDIRECT,301 · 1 hop
/ru/tag/problemsolving/feed/,/rss.xml,vertaald:feed,REDIRECT,301 · 1 hop
/ru/tag/process/,/tag/process/,vertaald:tag,REDIRECT,301 · 1 hop
/ru/tag/process/feed/,/rss.xml,vertaald:feed,REDIRECT,301 · 1 hop
/ru/tag/product-backlog/,/tag/product-backlog/,vertaald:tag,REDIRECT,301 · 1 hop
/ru/tag/product-backlog/feed/,/rss.xml,vertaald:feed,REDIRECT,301 · 1 hop
/ru/tag/product-management/,/tag/product-management/,vertaald:tag,REDIRECT,301 · 1 hop
/ru/tag/product-management/feed/,/rss.xml,vertaald:feed,REDIRECT,301 · 1 hop
/ru/tag/product-owner/,/tag/product-owner/,vertaald:tag,REDIRECT,301 · 1 hop
/ru/tag/product-owner/feed/,/rss.xml,vertaald:feed,REDIRECT,301 · 1 hop
/ru/tag/product-owners/,/tag/product-owners/,vertaald:tag,REDIRECT,301 · 1 hop
/ru/tag/product-owners/feed/,/rss.xml,vertaald:feed,REDIRECT,301 · 1 hop
/ru/tag/productivity/,/tag/productivity/,vertaald:tag,REDIRECT,301 · 1 hop
/ru/tag/productivity/feed/,/rss.xml,vertaald:feed,REDIRECT,301 · 1 hop
/ru/tag/profile/,/tag/profile/,vertaald:tag,REDIRECT,301 · 1 hop
/ru/tag/project-management-2/,/tag/project-management-2/,vertaald:tag,REDIRECT,301 · 1 hop
/ru/tag/project-management-2/feed/,/rss.xml,vertaald:feed,REDIRECT,301 · 1 hop
/ru/tag/pull/,/tag/pull/,vertaald:tag,REDIRECT,301 · 1 hop
/ru/tag/pull/feed/,/rss.xml,vertaald:feed,REDIRECT,301 · 1 hop
/ru/tag/push/,/tag/push/,vertaald:tag,REDIRECT,301 · 1 hop
/ru/tag/push/feed/,/rss.xml,vertaald:feed,REDIRECT,301 · 1 hop
/ru/tag/quality-assurance/,/tag/quality-assurance/,vertaald:tag,REDIRECT,301 · 1 hop
/ru/tag/quality-assurance/feed/,/rss.xml,vertaald:feed,REDIRECT,301 · 1 hop
/ru/tag/questioning/,/tag/questioning/,vertaald:tag,REDIRECT,301 · 1 hop
/ru/tag/questioning/feed/,/rss.xml,vertaald:feed,REDIRECT,301 · 1 hop
/ru/tag/refactoring/,/tag/refactoring/,vertaald:tag,REDIRECT,301 · 1 hop
/ru/tag/refactoring/feed/,/rss.xml,vertaald:feed,REDIRECT,301 · 1 hop
/ru/tag/reflection/,/tag/reflection/,vertaald:tag,REDIRECT,301 · 1 hop
/ru/tag/reflection/feed/,/rss.xml,vertaald:feed,REDIRECT,301 · 1 hop
/ru/tag/requirements/,/tag/requirements/,vertaald:tag,REDIRECT,301 · 1 hop
/ru/tag/requirements/feed/,/rss.xml,vertaald:feed,REDIRECT,301 · 1 hop
/ru/tag/requirements/page/2/,/tag/requirements/,vertaald:tag-paginering,REDIRECT,301 · 1 hop
/ru/tag/respect/,/tag/respect/,vertaald:tag,REDIRECT,301 · 1 hop
/ru/tag/respect/feed/,/rss.xml,vertaald:feed,REDIRECT,301 · 1 hop
/ru/tag/responsibilities/,/tag/responsibilities/,vertaald:tag,REDIRECT,301 · 1 hop
/ru/tag/responsibilities/feed/,/rss.xml,vertaald:feed,REDIRECT,301 · 1 hop
/ru/tag/retrospective-analysis/,/tag/retrospective-analysis/,vertaald:tag,REDIRECT,301 · 1 hop
/ru/tag/retrospective-analysis/feed/,/rss.xml,vertaald:feed,REDIRECT,301 · 1 hop
/ru/tag/retrospective/,/tag/retrospective/,vertaald:tag,REDIRECT,301 · 1 hop
/ru/tag/retrospective/feed/,/rss.xml,vertaald:feed,REDIRECT,301 · 1 hop
/ru/tag/retrospective/page/2/,/tag/retrospective/,vertaald:tag-paginering,REDIRECT,301 · 1 hop
/ru/tag/retrospectives/,/tag/retrospectives/,vertaald:tag,REDIRECT,301 · 1 hop
/ru/tag/retrospectives/feed/,/rss.xml,vertaald:feed,REDIRECT,301 · 1 hop
/ru/tag/review/,/tag/review/,vertaald:tag,REDIRECT,301 · 1 hop
/ru/tag/review/feed/,/rss.xml,vertaald:feed,REDIRECT,301 · 1 hop
/ru/tag/risk/,/tag/risk/,vertaald:tag,REDIRECT,301 · 1 hop
/ru/tag/risk/feed/,/rss.xml,vertaald:feed,REDIRECT,301 · 1 hop
/ru/tag/roles/,/tag/roles/,vertaald:tag,REDIRECT,301 · 1 hop
/ru/tag/roles/feed/,/rss.xml,vertaald:feed,REDIRECT,301 · 1 hop
/ru/tag/scaled-agile/,/tag/scaled-agile/,vertaald:tag,REDIRECT,301 · 1 hop
/ru/tag/scaled-agile/feed/,/rss.xml,vertaald:feed,REDIRECT,301 · 1 hop
/ru/tag/scrum-events/,/tag/scrum-events/,vertaald:tag,REDIRECT,301 · 1 hop
/ru/tag/scrum-framework/,/tag/scrum-framework/,vertaald:tag,REDIRECT,301 · 1 hop
/ru/tag/scrum-framework/feed/,/rss.xml,vertaald:feed,REDIRECT,301 · 1 hop
/ru/tag/scrum-master/,/tag/scrum-master/,vertaald:tag,REDIRECT,301 · 1 hop
/ru/tag/scrum-master/feed/,/rss.xml,vertaald:feed,REDIRECT,301 · 1 hop
/ru/tag/scrum/,/tag/scrum/,vertaald:tag,REDIRECT,301 · 1 hop
/ru/tag/scrum/feed/,/rss.xml,vertaald:feed,REDIRECT,301 · 1 hop
/ru/tag/scrum/page/2/,/tag/scrum/,vertaald:tag-paginering,REDIRECT,301 · 1 hop
/ru/tag/scrum/page/3/,/tag/scrum/,vertaald:tag-paginering,REDIRECT,301 · 1 hop
/ru/tag/scrumble/,/tag/scrumble/,vertaald:tag,REDIRECT,301 · 1 hop
/ru/tag/scrumble/feed/,/rss.xml,vertaald:feed,REDIRECT,301 · 1 hop
/ru/tag/scrummaster/,/tag/scrummaster/,vertaald:tag,REDIRECT,301 · 1 hop
/ru/tag/scrummaster/feed/,/rss.xml,vertaald:feed,REDIRECT,301 · 1 hop
/ru/tag/selection/,/tag/selection/,vertaald:tag,REDIRECT,301 · 1 hop
/ru/tag/selection/feed/,/rss.xml,vertaald:feed,REDIRECT,301 · 1 hop
/ru/tag/self-organization/,/tag/self-organization/,vertaald:tag,REDIRECT,301 · 1 hop
/ru/tag/self-organization/feed/,/rss.xml,vertaald:feed,REDIRECT,301 · 1 hop
/ru/tag/self-organizing/,/tag/self-organizing/,vertaald:tag,REDIRECT,301 · 1 hop
/ru/tag/self-organizing/feed/,/rss.xml,vertaald:feed,REDIRECT,301 · 1 hop
/ru/tag/serious-games/,/tag/serious-games/,vertaald:tag,REDIRECT,301 · 1 hop
/ru/tag/serious-games/feed/,/rss.xml,vertaald:feed,REDIRECT,301 · 1 hop
/ru/tag/serious-games/page/2/,/tag/serious-games/,vertaald:tag-paginering,REDIRECT,301 · 1 hop
/ru/tag/serious-games/page/3/,/tag/serious-games/,vertaald:tag-paginering,REDIRECT,301 · 1 hop
/ru/tag/shared-goals/,/tag/shared-goals/,vertaald:tag,REDIRECT,301 · 1 hop
/ru/tag/shared-goals/feed/,/rss.xml,vertaald:feed,REDIRECT,301 · 1 hop
/ru/tag/simplicity/,/tag/simplicity/,vertaald:tag,REDIRECT,301 · 1 hop
/ru/tag/simplicity/feed/,/rss.xml,vertaald:feed,REDIRECT,301 · 1 hop
/ru/tag/simulation/,/tag/simulation/,vertaald:tag,REDIRECT,301 · 1 hop
/ru/tag/simulation/feed/,/rss.xml,vertaald:feed,REDIRECT,301 · 1 hop
/ru/tag/situational-awareness/,/tag/situational-awareness/,vertaald:tag,REDIRECT,301 · 1 hop
/ru/tag/situational-awareness/feed/,/rss.xml,vertaald:feed,REDIRECT,301 · 1 hop
/ru/tag/small-batches/,/tag/small-batches/,vertaald:tag,REDIRECT,301 · 1 hop
/ru/tag/small-batches/feed/,/rss.xml,vertaald:feed,REDIRECT,301 · 1 hop
/ru/tag/software-craftsmanship/,/tag/software-craftsmanship/,vertaald:tag,REDIRECT,301 · 1 hop
/ru/tag/sound/,/tag/sound/,vertaald:tag,REDIRECT,301 · 1 hop
/ru/tag/sprint/,/tag/sprint/,vertaald:tag,REDIRECT,301 · 1 hop
/ru/tag/sprint/feed/,/rss.xml,vertaald:feed,REDIRECT,301 · 1 hop
/ru/tag/stakeholder-theory/,/tag/stakeholder-theory/,vertaald:tag,REDIRECT,301 · 1 hop
/ru/tag/stakeholder/,/tag/stakeholder/,vertaald:tag,REDIRECT,301 · 1 hop
/ru/tag/stakeholder/feed/,/rss.xml,vertaald:feed,REDIRECT,301 · 1 hop
/ru/tag/stakeholders/,/tag/stakeholders/,vertaald:tag,REDIRECT,301 · 1 hop
/ru/tag/stakeholders/feed/,/rss.xml,vertaald:feed,REDIRECT,301 · 1 hop
/ru/tag/standup/,/tag/standup/,vertaald:tag,REDIRECT,301 · 1 hop
/ru/tag/standup/feed/,/rss.xml,vertaald:feed,REDIRECT,301 · 1 hop
/ru/tag/star-wars/,/tag/star-wars/,vertaald:tag,REDIRECT,301 · 1 hop
/ru/tag/start-where-you-are/,/tag/start-where-you-are/,vertaald:tag,REDIRECT,301 · 1 hop
/ru/tag/stories/,/tag/stories/,vertaald:tag,REDIRECT,301 · 1 hop
/ru/tag/stories/feed/,/rss.xml,vertaald:feed,REDIRECT,301 · 1 hop
/ru/tag/story/,/tag/story/,vertaald:tag,REDIRECT,301 · 1 hop
/ru/tag/story/feed/,/rss.xml,vertaald:feed,REDIRECT,301 · 1 hop
/ru/tag/strategy-deployment/,/tag/strategy-deployment/,vertaald:tag,REDIRECT,301 · 1 hop
/ru/tag/sustainable-development/,/tag/sustainable-development/,vertaald:tag,REDIRECT,301 · 1 hop
/ru/tag/tasks/,/tag/tasks/,vertaald:tag,REDIRECT,301 · 1 hop
/ru/tag/tasks/feed/,/rss.xml,vertaald:feed,REDIRECT,301 · 1 hop
/ru/tag/tdd/,/tag/tdd/,vertaald:tag,REDIRECT,301 · 1 hop
/ru/tag/tdd/feed/,/rss.xml,vertaald:feed,REDIRECT,301 · 1 hop
/ru/tag/team-building/,/tag/team-building/,vertaald:tag,REDIRECT,301 · 1 hop
/ru/tag/team-building/feed/,/rss.xml,vertaald:feed,REDIRECT,301 · 1 hop
/ru/tag/team-dynamics/,/tag/team-dynamics/,vertaald:tag,REDIRECT,301 · 1 hop
/ru/tag/team-dynamics/page/2/,/tag/team-dynamics/,vertaald:tag-paginering,REDIRECT,301 · 1 hop
/ru/tag/team/,/tag/team/,vertaald:tag,REDIRECT,301 · 1 hop
/ru/tag/team/feed/,/rss.xml,vertaald:feed,REDIRECT,301 · 1 hop
/ru/tag/teamwork/,/tag/teamwork/,vertaald:tag,REDIRECT,301 · 1 hop
/ru/tag/teamwork/feed/,/rss.xml,vertaald:feed,REDIRECT,301 · 1 hop
/ru/tag/technical-debt/,/tag/technical-debt/,vertaald:tag,REDIRECT,301 · 1 hop
/ru/tag/technical-debt/feed/,/rss.xml,vertaald:feed,REDIRECT,301 · 1 hop
/ru/tag/technique/,/tag/technique/,vertaald:tag,REDIRECT,301 · 1 hop
/ru/tag/technique/feed/,/rss.xml,vertaald:feed,REDIRECT,301 · 1 hop
/ru/tag/techniques/,/tag/techniques/,vertaald:tag,REDIRECT,301 · 1 hop
/ru/tag/techniques/feed/,/rss.xml,vertaald:feed,REDIRECT,301 · 1 hop
/ru/tag/test/,/tag/test/,vertaald:tag,REDIRECT,301 · 1 hop
/ru/tag/test/feed/,/rss.xml,vertaald:feed,REDIRECT,301 · 1 hop
/ru/tag/throughput/,/tag/throughput/,vertaald:tag,REDIRECT,301 · 1 hop
/ru/tag/throughput/feed/,/rss.xml,vertaald:feed,REDIRECT,301 · 1 hop
/ru/tag/timeboxing/,/tag/timeboxing/,vertaald:tag,REDIRECT,301 · 1 hop
/ru/tag/timeboxing/feed/,/rss.xml,vertaald:feed,REDIRECT,301 · 1 hop
/ru/tag/timelines/,/tag/timelines/,vertaald:tag,REDIRECT,301 · 1 hop
/ru/tag/timelines/feed/,/rss.xml,vertaald:feed,REDIRECT,301 · 1 hop
/ru/tag/transforming-teams/,/tag/transforming-teams/,vertaald:tag,REDIRECT,301 · 1 hop
/ru/tag/transforming-teams/feed/,/rss.xml,vertaald:feed,REDIRECT,301 · 1 hop
/ru/tag/trust/,/tag/trust/,vertaald:tag,REDIRECT,301 · 1 hop
/ru/tag/trust/feed/,/rss.xml,vertaald:feed,REDIRECT,301 · 1 hop
/ru/tag/tuckman-model/,/tag/tuckman-model/,vertaald:tag,REDIRECT,301 · 1 hop
/ru/tag/understand/,/tag/understand/,vertaald:tag,REDIRECT,301 · 1 hop
/ru/tag/understand/feed/,/rss.xml,vertaald:feed,REDIRECT,301 · 1 hop
/ru/tag/user-stories/,/tag/user-stories/,vertaald:tag,REDIRECT,301 · 1 hop
/ru/tag/user-stories/feed/,/rss.xml,vertaald:feed,REDIRECT,301 · 1 hop
/ru/tag/utilization/,/tag/utilization/,vertaald:tag,REDIRECT,301 · 1 hop
/ru/tag/utilization/feed/,/rss.xml,vertaald:feed,REDIRECT,301 · 1 hop
/ru/tag/valeur-agile/,/tag/valeur-agile/,vertaald:tag,REDIRECT,301 · 1 hop
/ru/tag/valeur-agile/feed/,/rss.xml,vertaald:feed,REDIRECT,301 · 1 hop
/ru/tag/values/,/tag/values/,vertaald:tag,REDIRECT,301 · 1 hop
/ru/tag/values/feed/,/rss.xml,vertaald:feed,REDIRECT,301 · 1 hop
/ru/tag/video/,/tag/video/,vertaald:tag,REDIRECT,301 · 1 hop
/ru/tag/video/feed/,/rss.xml,vertaald:feed,REDIRECT,301 · 1 hop
/ru/tag/vision/,/tag/vision/,vertaald:tag,REDIRECT,301 · 1 hop
/ru/tag/vision/feed/,/rss.xml,vertaald:feed,REDIRECT,301 · 1 hop
/ru/tag/visual-acuity/,/tag/visual-acuity/,vertaald:tag,REDIRECT,301 · 1 hop
/ru/tag/visual-acuity/feed/,/rss.xml,vertaald:feed,REDIRECT,301 · 1 hop
/ru/tag/visual-art-terminology/,/tag/visual-art-terminology/,vertaald:tag,REDIRECT,301 · 1 hop
/ru/tag/visual-art-terminology/feed/,/rss.xml,vertaald:feed,REDIRECT,301 · 1 hop
/ru/tag/waste/,/tag/waste/,vertaald:tag,REDIRECT,301 · 1 hop
/ru/tag/wip/,/tag/wip/,vertaald:tag,REDIRECT,301 · 1 hop
/ru/tag/wip/feed/,/rss.xml,vertaald:feed,REDIRECT,301 · 1 hop
/ru/tag/work-in-progress/,/tag/work-in-progress/,vertaald:tag,REDIRECT,301 · 1 hop
/ru/tag/work-in-progress/feed/,/rss.xml,vertaald:feed,REDIRECT,301 · 1 hop
/ru/tag/working-agreements/,/tag/working-agreements/,vertaald:tag,REDIRECT,301 · 1 hop
/ru/tag/working-agreements/feed/,/rss.xml,vertaald:feed,REDIRECT,301 · 1 hop
/ru/tag/x-matrix/,/tag/x-matrix/,vertaald:tag,REDIRECT,301 · 1 hop
/ru/tag/zero-sum-thinking/,/tag/zero-sum-thinking/,vertaald:tag,REDIRECT,301 · 1 hop
/ru/tag/zero-sum-thinking/feed/,/rss.xml,vertaald:feed,REDIRECT,301 · 1 hop
/ru/tastycupcakes-home/,/,vertaald:pagina,REDIRECT,301 · 2 hops
/ru/tastycupcakes-home/feed/,/rss.xml,vertaald:feed,REDIRECT,301 · 1 hop
/ru/vision/,,vertaald:pagina,GONE,pagina ontbreekt in de Engelse export
/ru/vision/feed/,/rss.xml,vertaald:feed,REDIRECT,301 · 1 hop
/submit-game-reference/,,pagina,GONE,pagina vervalt volgens CONTENT-MODEL §4
/submit-game-reference/feed/,/rss.xml,feed,REDIRECT,301 · 1 hop
/tag/a3-report/,/tag/a3-report/,tag,EXACT,
/tag/acceptance-criteria/,/tag/acceptance-criteria/,tag,EXACT,
/tag/acceptance-criteria/feed/,/rss.xml,feed,REDIRECT,301 · 1 hop
/tag/adoption/,/tag/adoption/,tag,EXACT,
/tag/adoption/feed/,/rss.xml,feed,REDIRECT,301 · 1 hop
/tag/aeroplane/,/tag/aeroplane/,tag,EXACT,
/tag/aeroplane/feed/,/rss.xml,feed,REDIRECT,301 · 1 hop
/tag/agile-games/,/tag/agile-games/,tag,EXACT,
/tag/agile-manifesto/,/tag/agile-manifesto/,tag,EXACT,
/tag/agile-mindset/,/tag/agile-mindset/,tag,EXACT,
/tag/agile-mindset/feed/,/rss.xml,feed,REDIRECT,301 · 1 hop
/tag/agile-mindset/page/2/,/tag/agile-mindset/,tag-paginering,REDIRECT,301 · 1 hop
/tag/agile-planning/,/tag/agile-planning/,tag,EXACT,
/tag/agile-project-management/,/tag/agile-project-management/,tag,EXACT,
/tag/agile-teams/,/tag/agile-teams/,tag,EXACT,
/tag/agile-teams/feed/,/rss.xml,feed,REDIRECT,301 · 1 hop
/tag/agile-teams/page/2/,/tag/agile-teams/,tag-paginering,REDIRECT,301 · 1 hop
/tag/agile-teams/page/3/,/tag/agile-teams/,tag-paginering,REDIRECT,301 · 1 hop
/tag/agile/,/tag/agile/,tag,EXACT,
/tag/agile/feed/,/rss.xml,feed,REDIRECT,301 · 1 hop
/tag/agile/page/2/,/tag/agile/,tag-paginering,REDIRECT,301 · 1 hop
/tag/agile/page/3/,/tag/agile/,tag-paginering,REDIRECT,301 · 1 hop
/tag/agile/page/4/,/tag/agile/,tag-paginering,REDIRECT,301 · 1 hop
/tag/agile/page/5/,/tag/agile/,tag-paginering,REDIRECT,301 · 1 hop
/tag/agile/page/6/,/tag/agile/,tag-paginering,REDIRECT,301 · 1 hop
/tag/agilite/,/tag/agilite/,tag,EXACT,
/tag/agilite/feed/,/rss.xml,feed,REDIRECT,301 · 1 hop
/tag/agility/,/tag/agility/,tag,EXACT,
/tag/alignment/,/tag/alignment/,tag,EXACT,
/tag/appreciation/,/tag/appreciation/,tag,EXACT,
/tag/appreciative/,/tag/appreciative/,tag,EXACT,
/tag/area/,/tag/area/,tag,EXACT,
/tag/art/,/tag/art/,tag,EXACT,
/tag/artificial-harmony/,/tag/artificial-harmony/,tag,EXACT,
/tag/assessment/,/tag/assessment/,tag,EXACT,
/tag/awareness/,/tag/awareness/,tag,EXACT,
/tag/backlog/,/tag/backlog/,tag,EXACT,
/tag/backlog/feed/,/rss.xml,feed,REDIRECT,301 · 1 hop
/tag/ball-game/,/tag/ball-game/,tag,EXACT,
/tag/ball-point-game/,/tag/ball-point-game/,tag,EXACT,
/tag/batches/,/tag/batches/,tag,EXACT,
/tag/batches/feed/,/rss.xml,feed,REDIRECT,301 · 1 hop
/tag/behaviours/,/tag/behaviours/,tag,EXACT,
/tag/behaviours/feed/,/rss.xml,feed,REDIRECT,301 · 1 hop
/tag/board-game/,/tag/board-game/,tag,EXACT,
/tag/board-game/feed/,/rss.xml,feed,REDIRECT,301 · 1 hop
/tag/canvas/,/tag/canvas/,tag,EXACT,
/tag/cards-for-agility/,/tag/cards-for-agility/,tag,EXACT,
/tag/cards/,/tag/cards/,tag,EXACT,
/tag/cards/feed/,/rss.xml,feed,REDIRECT,301 · 1 hop
/tag/cats/,/tag/cats/,tag,EXACT,
/tag/cfd/,/tag/cfd/,tag,EXACT,
/tag/cfd/feed/,/rss.xml,feed,REDIRECT,301 · 1 hop
/tag/change/,/tag/change/,tag,EXACT,
/tag/change/feed/,/rss.xml,feed,REDIRECT,301 · 1 hop
/tag/check-in/,/tag/check-in/,tag,EXACT,
/tag/check-out/,/tag/check-out/,tag,EXACT,
/tag/choice/,/tag/choice/,tag,EXACT,
/tag/choice/feed/,/rss.xml,feed,REDIRECT,301 · 1 hop
/tag/classroom-warmup/,/tag/classroom-warmup/,tag,EXACT,
/tag/classroom-warmup/feed/,/rss.xml,feed,REDIRECT,301 · 1 hop
/tag/clean-code/,/tag/clean-code/,tag,EXACT,
/tag/co-creation/,/tag/co-creation/,tag,EXACT,
/tag/coaching/,/tag/coaching/,tag,EXACT,
/tag/coaching/feed/,/rss.xml,feed,REDIRECT,301 · 1 hop
/tag/coaching/page/2/,/tag/coaching/,tag-paginering,REDIRECT,301 · 1 hop
/tag/collaboration/,/tag/collaboration/,tag,EXACT,
/tag/collaboration/feed/,/rss.xml,feed,REDIRECT,301 · 1 hop
/tag/collaboration/page/2/,/tag/collaboration/,tag-paginering,REDIRECT,301 · 1 hop
/tag/collaboration/page/3/,/tag/collaboration/,tag-paginering,REDIRECT,301 · 1 hop
/tag/collaboration/page/4/,/tag/collaboration/,tag-paginering,REDIRECT,301 · 1 hop
/tag/collaboration/page/5/,/tag/collaboration/,tag-paginering,REDIRECT,301 · 1 hop
/tag/communication/,/tag/communication/,tag,EXACT,
/tag/communication/feed/,/rss.xml,feed,REDIRECT,301 · 1 hop
/tag/communication/page/2/,/tag/communication/,tag-paginering,REDIRECT,301 · 1 hop
/tag/communication/page/3/,/tag/communication/,tag-paginering,REDIRECT,301 · 1 hop
/tag/companys-profile/,/tag/companys-profile/,tag,EXACT,
/tag/comunication/,/tag/comunication/,tag,EXACT,
/tag/comunication/feed/,/rss.xml,feed,REDIRECT,301 · 1 hop
/tag/connections/,/tag/connections/,tag,EXACT,
/tag/connections/feed/,/rss.xml,feed,REDIRECT,301 · 1 hop
/tag/constraints/,/tag/constraints/,tag,EXACT,
/tag/constraints/feed/,/rss.xml,feed,REDIRECT,301 · 1 hop
/tag/context-switching/,/tag/context-switching/,tag,EXACT,
/tag/context-switching/feed/,/rss.xml,feed,REDIRECT,301 · 1 hop
/tag/continuous-delivery/,/tag/continuous-delivery/,tag,EXACT,
/tag/continuous-improvement/,/tag/continuous-improvement/,tag,EXACT,
/tag/continuous-improvement/feed/,/rss.xml,feed,REDIRECT,301 · 1 hop
/tag/continuous-integration/,/tag/continuous-integration/,tag,EXACT,
/tag/continuous-partial-attention/,/tag/continuous-partial-attention/,tag,EXACT,
/tag/continuous-partial-attention/feed/,/rss.xml,feed,REDIRECT,301 · 1 hop
/tag/contraints/,/tag/contraints/,tag,EXACT,
/tag/contraints/feed/,/rss.xml,feed,REDIRECT,301 · 1 hop
/tag/courage/,/tag/courage/,tag,EXACT,
/tag/courage/feed/,/rss.xml,feed,REDIRECT,301 · 1 hop
/tag/creativity/,/tag/creativity/,tag,EXACT,
/tag/creativity/feed/,/rss.xml,feed,REDIRECT,301 · 1 hop
/tag/creativity/page/2/,/tag/creativity/,tag-paginering,REDIRECT,301 · 1 hop
/tag/cross-communication/,/tag/cross-communication/,tag,EXACT,
/tag/cross-communication/feed/,/rss.xml,feed,REDIRECT,301 · 1 hop
/tag/cross-functional-teams/,/tag/cross-functional-teams/,tag,EXACT,
/tag/cross-functional-teams/feed/,/rss.xml,feed,REDIRECT,301 · 1 hop
/tag/customer-understanding/,/tag/customer-understanding/,tag,EXACT,
/tag/customer-understanding/feed/,/rss.xml,feed,REDIRECT,301 · 1 hop
/tag/customer-understanding/page/2/,/tag/customer-understanding/,tag-paginering,REDIRECT,301 · 1 hop
/tag/customer/,/tag/customer/,tag,EXACT,
/tag/customer/feed/,/rss.xml,feed,REDIRECT,301 · 1 hop
/tag/daily-scrum/,/tag/daily-scrum/,tag,EXACT,
/tag/daily-scrum/feed/,/rss.xml,feed,REDIRECT,301 · 1 hop
/tag/daily/,/tag/daily/,tag,EXACT,
/tag/daily/feed/,/rss.xml,feed,REDIRECT,301 · 1 hop
/tag/decision-making/,/tag/decision-making/,tag,EXACT,
/tag/decision-making/feed/,/rss.xml,feed,REDIRECT,301 · 1 hop
/tag/decision/,/tag/decision/,tag,EXACT,
/tag/decision/feed/,/rss.xml,feed,REDIRECT,301 · 1 hop
/tag/definition-of-done/,/tag/definition-of-done/,tag,EXACT,
/tag/definition-of-done/feed/,/rss.xml,feed,REDIRECT,301 · 1 hop
/tag/descaling/,/tag/descaling/,tag,EXACT,
/tag/developer/,/tag/developer/,tag,EXACT,
/tag/developer/feed/,/rss.xml,feed,REDIRECT,301 · 1 hop
/tag/development/,/tag/development/,tag,EXACT,
/tag/development/feed/,/rss.xml,feed,REDIRECT,301 · 1 hop
/tag/development/page/2/,/tag/development/,tag-paginering,REDIRECT,301 · 1 hop
/tag/devops/,/tag/devops/,tag,EXACT,
/tag/dice/,/tag/dice/,tag,EXACT,
/tag/distributed-teams/,/tag/distributed-teams/,tag,EXACT,
/tag/distributed-teams/feed/,/rss.xml,feed,REDIRECT,301 · 1 hop
/tag/dod/,/tag/dod/,tag,EXACT,
/tag/dod/feed/,/rss.xml,feed,REDIRECT,301 · 1 hop
/tag/dogs/,/tag/dogs/,tag,EXACT,
/tag/done/,/tag/done/,tag,EXACT,
/tag/done/feed/,/rss.xml,feed,REDIRECT,301 · 1 hop
/tag/doughnut/,/tag/doughnut/,tag,EXACT,
/tag/doughnut/feed/,/rss.xml,feed,REDIRECT,301 · 1 hop
/tag/emergence/,/tag/emergence/,tag,EXACT,
/tag/emergence/feed/,/rss.xml,feed,REDIRECT,301 · 1 hop
/tag/emergent-design/,/tag/emergent-design/,tag,EXACT,
/tag/emergent-design/feed/,/rss.xml,feed,REDIRECT,301 · 1 hop
/tag/emotional/,/tag/emotional/,tag,EXACT,
/tag/empathy/,/tag/empathy/,tag,EXACT,
/tag/empathy/feed/,/rss.xml,feed,REDIRECT,301 · 1 hop
/tag/energise/,/tag/energise/,tag,EXACT,
/tag/energiser/,/tag/energiser/,tag,EXACT,
/tag/energizer/,/tag/energizer/,tag,EXACT,
/tag/engagement/,/tag/engagement/,tag,EXACT,
/tag/engagement/feed/,/rss.xml,feed,REDIRECT,301 · 1 hop
/tag/escaperoom/,/tag/escaperoom/,tag,EXACT,
/tag/estimation/,/tag/estimation/,tag,EXACT,
/tag/estimation/feed/,/rss.xml,feed,REDIRECT,301 · 1 hop
/tag/estimation/page/2/,/tag/estimation/,tag-paginering,REDIRECT,301 · 1 hop
/tag/evolutionary-design/,/tag/evolutionary-design/,tag,EXACT,
/tag/evolutionary-design/feed/,/rss.xml,feed,REDIRECT,301 · 1 hop
/tag/executive/,/tag/executive/,tag,EXACT,
/tag/executive/feed/,/rss.xml,feed,REDIRECT,301 · 1 hop
/tag/experimentation/,,tag,GONE,tag zonder gepubliceerde posts
/tag/experiments/,,tag,GONE,tag zonder gepubliceerde posts
/tag/extreme-programming/,/tag/extreme-programming/,tag,EXACT,
/tag/facilitation/,/tag/facilitation/,tag,EXACT,
/tag/facilitation/feed/,/rss.xml,feed,REDIRECT,301 · 1 hop
/tag/failure-culture/,/tag/failure-culture/,tag,EXACT,
/tag/feed-back/,/tag/feed-back/,tag,EXACT,
/tag/feed-back/feed/,/rss.xml,feed,REDIRECT,301 · 1 hop
/tag/feedback-loops/,/tag/feedback-loops/,tag,EXACT,
/tag/feedback/,/tag/feedback/,tag,EXACT,
/tag/flow/,/tag/flow/,tag,EXACT,
/tag/flow/feed/,/rss.xml,feed,REDIRECT,301 · 1 hop
/tag/flow/page/2/,/tag/flow/,tag-paginering,REDIRECT,301 · 1 hop
/tag/focus/,/tag/focus/,tag,EXACT,
/tag/focus/feed/,/rss.xml,feed,REDIRECT,301 · 1 hop
/tag/forecasting/,/tag/forecasting/,tag,EXACT,
/tag/forming-teams/,/tag/forming-teams/,tag,EXACT,
/tag/forming-teams/feed/,/rss.xml,feed,REDIRECT,301 · 1 hop
/tag/fun/,/tag/fun/,tag,EXACT,
/tag/fun/feed/,/rss.xml,feed,REDIRECT,301 · 1 hop
/tag/fun/page/2/,/tag/fun/,tag-paginering,REDIRECT,301 · 1 hop
/tag/funny/,/tag/funny/,tag,EXACT,
/tag/futurespective/,/tag/futurespective/,tag,EXACT,
/tag/game-creation/,/tag/game-creation/,tag,EXACT,
/tag/game-creation/feed/,/rss.xml,feed,REDIRECT,301 · 1 hop
/tag/game/,/tag/game/,tag,EXACT,
/tag/game/feed/,/rss.xml,feed,REDIRECT,301 · 1 hop
/tag/games/,/tag/games/,tag,EXACT,
/tag/games/feed/,/rss.xml,feed,REDIRECT,301 · 1 hop
/tag/games/page/2/,/tag/games/,tag-paginering,REDIRECT,301 · 1 hop
/tag/gamification/,/tag/gamification/,tag,EXACT,
/tag/gamification/feed/,/rss.xml,feed,REDIRECT,301 · 1 hop
/tag/gamification/page/2/,/tag/gamification/,tag-paginering,REDIRECT,301 · 1 hop
/tag/gather-insights/,/tag/gather-insights/,tag,EXACT,
/tag/hero/,/tag/hero/,tag,EXACT,
/tag/huddle/,/tag/huddle/,tag,EXACT,
/tag/huddle/feed/,/rss.xml,feed,REDIRECT,301 · 1 hop
/tag/ice-breaker/,/tag/ice-breaker/,tag,EXACT,
/tag/icebreaker/,/tag/icebreaker/,tag,EXACT,
/tag/icebreaker/feed/,/rss.xml,feed,REDIRECT,301 · 1 hop
/tag/improv/,/tag/improv/,tag,EXACT,
/tag/improv/feed/,/rss.xml,feed,REDIRECT,301 · 1 hop
/tag/improv/page/2/,/tag/improv/,tag-paginering,REDIRECT,301 · 1 hop
/tag/improvement/,/tag/improvement/,tag,EXACT,
/tag/improvement/feed/,/rss.xml,feed,REDIRECT,301 · 1 hop
/tag/independency/,/tag/independency/,tag,EXACT,
/tag/influence/,/tag/influence/,tag,EXACT,
/tag/influence/feed/,/rss.xml,feed,REDIRECT,301 · 1 hop
/tag/innovation-game/,/tag/innovation-game/,tag,EXACT,
/tag/innovation-game/feed/,/rss.xml,feed,REDIRECT,301 · 1 hop
/tag/innovation-games/,/tag/innovation-games/,tag,EXACT,
/tag/innovation-games/feed/,/rss.xml,feed,REDIRECT,301 · 1 hop
/tag/innovation-games/page/2/,/tag/innovation-games/,tag-paginering,REDIRECT,301 · 1 hop
/tag/innovation-games/page/3/,/tag/innovation-games/,tag-paginering,REDIRECT,301 · 1 hop
/tag/innovation/,/tag/innovation/,tag,EXACT,
/tag/innovation/feed/,/rss.xml,feed,REDIRECT,301 · 1 hop
/tag/instructing-techniques/,/tag/instructing-techniques/,tag,EXACT,
/tag/instructing-techniques/feed/,/rss.xml,feed,REDIRECT,301 · 1 hop
/tag/instructing-techniques/page/2/,/tag/instructing-techniques/,tag-paginering,REDIRECT,301 · 1 hop
/tag/intention/,/tag/intention/,tag,EXACT,
/tag/introductions/,/tag/introductions/,tag,EXACT,
/tag/introductions/feed/,/rss.xml,feed,REDIRECT,301 · 1 hop
/tag/introspection/,/tag/introspection/,tag,EXACT,
/tag/introspection/feed/,/rss.xml,feed,REDIRECT,301 · 1 hop
/tag/intuition/,/tag/intuition/,tag,EXACT,
/tag/intuition/feed/,/rss.xml,feed,REDIRECT,301 · 1 hop
/tag/invention/,/tag/invention/,tag,EXACT,
/tag/invention/feed/,/rss.xml,feed,REDIRECT,301 · 1 hop
/tag/iteration/,/tag/iteration/,tag,EXACT,
/tag/iteration/feed/,/rss.xml,feed,REDIRECT,301 · 1 hop
/tag/iterations/,/tag/iterations/,tag,EXACT,
/tag/iterations/feed/,/rss.xml,feed,REDIRECT,301 · 1 hop
/tag/iterative/,/tag/iterative/,tag,EXACT,
/tag/journey_line/,/tag/journey_line/,tag,EXACT,
/tag/kaizen/,/tag/kaizen/,tag,EXACT,
/tag/kanban/,/tag/kanban/,tag,EXACT,
/tag/kanban/feed/,/rss.xml,feed,REDIRECT,301 · 1 hop
/tag/kanban/page/2/,/tag/kanban/,tag-paginering,REDIRECT,301 · 1 hop
/tag/kanban/page/3/,/tag/kanban/,tag-paginering,REDIRECT,301 · 1 hop
/tag/large-scale-scrum/,/tag/large-scale-scrum/,tag,EXACT,
/tag/large/,/tag/large/,tag,EXACT,
/tag/lead-time/,/tag/lead-time/,tag,EXACT,
/tag/lead-time/feed/,/rss.xml,feed,REDIRECT,301 · 1 hop
/tag/leader/,/tag/leader/,tag,EXACT,
/tag/leadership/,/tag/leadership/,tag,EXACT,
/tag/leadership/feed/,/rss.xml,feed,REDIRECT,301 · 1 hop
/tag/leading/,/tag/leading/,tag,EXACT,
/tag/league/,/tag/league/,tag,EXACT,
/tag/lean-agile-thinking/,/tag/lean-agile-thinking/,tag,EXACT,
/tag/lean/,/tag/lean/,tag,EXACT,
/tag/lean/feed/,/rss.xml,feed,REDIRECT,301 · 1 hop
/tag/lean/page/2/,/tag/lean/,tag-paginering,REDIRECT,301 · 1 hop
/tag/lean/page/3/,/tag/lean/,tag-paginering,REDIRECT,301 · 1 hop
/tag/learning/,/tag/learning/,tag,EXACT,
/tag/learning/feed/,/rss.xml,feed,REDIRECT,301 · 1 hop
/tag/learning/page/2/,/tag/learning/,tag-paginering,REDIRECT,301 · 1 hop
/tag/learning/page/3/,/tag/learning/,tag-paginering,REDIRECT,301 · 1 hop
/tag/legacy/,/tag/legacy/,tag,EXACT,
/tag/lego-game/,/tag/lego-game/,tag,EXACT,
/tag/lego-game/feed/,/rss.xml,feed,REDIRECT,301 · 1 hop
/tag/lego/,/tag/lego/,tag,EXACT,
/tag/lego/feed/,/rss.xml,feed,REDIRECT,301 · 1 hop
/tag/less/,/tag/less/,tag,EXACT,
/tag/letting-go/,/tag/letting-go/,tag,EXACT,
/tag/liftoff/,/tag/liftoff/,tag,EXACT,
/tag/limit-work-in-progress/,/tag/limit-work-in-progress/,tag,EXACT,
/tag/limit/,/tag/limit/,tag,EXACT,
/tag/limit/feed/,/rss.xml,feed,REDIRECT,301 · 1 hop
/tag/listening/,/tag/listening/,tag,EXACT,
/tag/listening/feed/,/rss.xml,feed,REDIRECT,301 · 1 hop
/tag/magic-maze/,/tag/magic-maze/,tag,EXACT,
/tag/management/,/tag/management/,tag,EXACT,
/tag/management/feed/,/rss.xml,feed,REDIRECT,301 · 1 hop
/tag/management/page/2/,/tag/management/,tag-paginering,REDIRECT,301 · 1 hop
/tag/managing-dependencies/,/tag/managing-dependencies/,tag,EXACT,
/tag/manifesto/,/tag/manifesto/,tag,EXACT,
/tag/manifesto/feed/,/rss.xml,feed,REDIRECT,301 · 1 hop
/tag/manufacturing/,/tag/manufacturing/,tag,EXACT,
/tag/marketing/,/tag/marketing/,tag,EXACT,
/tag/marketing/feed/,/rss.xml,feed,REDIRECT,301 · 1 hop
/tag/master/,/tag/master/,tag,EXACT,
/tag/may-the-4th-be-with-you/,/tag/may-the-4th-be-with-you/,tag,EXACT,
/tag/meeting/,/tag/meeting/,tag,EXACT,
/tag/meeting/feed/,/rss.xml,feed,REDIRECT,301 · 1 hop
/tag/mentoring/,/tag/mentoring/,tag,EXACT,
/tag/mentorship/,/tag/mentorship/,tag,EXACT,
/tag/mindset/,/tag/mindset/,tag,EXACT,
/tag/minecraft/,/tag/minecraft/,tag,EXACT,
/tag/mocks/,/tag/mocks/,tag,EXACT,
/tag/multitasking/,/tag/multitasking/,tag,EXACT,
/tag/multitasking/feed/,/rss.xml,feed,REDIRECT,301 · 1 hop
/tag/news/,/tag/news/,tag,EXACT,
/tag/news/feed/,/rss.xml,feed,REDIRECT,301 · 1 hop
/tag/noise/,/tag/noise/,tag,EXACT,
/tag/non-functional-requirements/,/tag/non-functional-requirements/,tag,EXACT,
/tag/non-functional-requirements/feed/,/rss.xml,feed,REDIRECT,301 · 1 hop
/tag/obstacles/,/tag/obstacles/,tag,EXACT,
/tag/obstacles/feed/,/rss.xml,feed,REDIRECT,301 · 1 hop
/tag/online-game/,/tag/online-game/,tag,EXACT,
/tag/openess/,/tag/openess/,tag,EXACT,
/tag/openess/feed/,/rss.xml,feed,REDIRECT,301 · 1 hop
/tag/organisationrelationshipsystemscoaching/,/tag/organisationrelationshipsystemscoaching/,tag,EXACT,
/tag/organizational-structure/,/tag/organizational-structure/,tag,EXACT,
/tag/organizationrelationshipsystemscoaching/,/tag/organizationrelationshipsystemscoaching/,tag,EXACT,
/tag/orsc/,/tag/orsc/,tag,EXACT,
/tag/owner/,/tag/owner/,tag,EXACT,
/tag/pair-programing/,/tag/pair-programing/,tag,EXACT,
/tag/pair-programing/feed/,/rss.xml,feed,REDIRECT,301 · 1 hop
/tag/paper-airplane/,/tag/paper-airplane/,tag,EXACT,
/tag/paper-airplane/feed/,/rss.xml,feed,REDIRECT,301 · 1 hop
/tag/parkinsons-law/,/tag/parkinsons-law/,tag,EXACT,
/tag/parkinsons-law/feed/,/rss.xml,feed,REDIRECT,301 · 1 hop
/tag/performance/,/tag/performance/,tag,EXACT,
/tag/personas/,/tag/personas/,tag,EXACT,
/tag/personas/feed/,/rss.xml,feed,REDIRECT,301 · 1 hop
/tag/perspective/,/tag/perspective/,tag,EXACT,
/tag/perspective/feed/,/rss.xml,feed,REDIRECT,301 · 1 hop
/tag/persuade/,/tag/persuade/,tag,EXACT,
/tag/persuade/feed/,/rss.xml,feed,REDIRECT,301 · 1 hop
/tag/persuasive/,/tag/persuasive/,tag,EXACT,
/tag/persuasive/feed/,/rss.xml,feed,REDIRECT,301 · 1 hop
/tag/pizza/,/tag/pizza/,tag,EXACT,
/tag/planning/,/tag/planning/,tag,EXACT,
/tag/planning/feed/,/rss.xml,feed,REDIRECT,301 · 1 hop
/tag/planning/page/2/,/tag/planning/,tag-paginering,REDIRECT,301 · 1 hop
/tag/plus-delta/,/tag/plus-delta/,tag,EXACT,
/tag/plus-delta/feed/,/rss.xml,feed,REDIRECT,301 · 1 hop
/tag/positive/,/tag/positive/,tag,EXACT,
/tag/posture-of-not-knowing/,/tag/posture-of-not-knowing/,tag,EXACT,
/tag/practice/,/tag/practice/,tag,EXACT,
/tag/practice/feed/,/rss.xml,feed,REDIRECT,301 · 1 hop
/tag/preference-articulation/,/tag/preference-articulation/,tag,EXACT,
/tag/preference-articulation/feed/,/rss.xml,feed,REDIRECT,301 · 1 hop
/tag/principes-agile/,/tag/principes-agile/,tag,EXACT,
/tag/principes-agile/feed/,/rss.xml,feed,REDIRECT,301 · 1 hop
/tag/principles/,/tag/principles/,tag,EXACT,
/tag/prioritisation/,/tag/prioritisation/,tag,EXACT,
/tag/prioritisation/feed/,/rss.xml,feed,REDIRECT,301 · 1 hop
/tag/prioritization/,/tag/prioritization/,tag,EXACT,
/tag/prioritization/feed/,/rss.xml,feed,REDIRECT,301 · 1 hop
/tag/prioritization/page/2/,/tag/prioritization/,tag-paginering,REDIRECT,301 · 1 hop
/tag/problemsolving/,/tag/problemsolving/,tag,EXACT,
/tag/problemsolving/feed/,/rss.xml,feed,REDIRECT,301 · 1 hop
/tag/process/,/tag/process/,tag,EXACT,
/tag/process/feed/,/rss.xml,feed,REDIRECT,301 · 1 hop
/tag/product-2/,/tag/product-2/,tag,EXACT,
/tag/product-backlog/,/tag/product-backlog/,tag,EXACT,
/tag/product-backlog/feed/,/rss.xml,feed,REDIRECT,301 · 1 hop
/tag/product-management/,/tag/product-management/,tag,EXACT,
/tag/product-management/feed/,/rss.xml,feed,REDIRECT,301 · 1 hop
/tag/product-management/page/2/,/tag/product-management/,tag-paginering,REDIRECT,301 · 1 hop
/tag/product-management/page/3/,/tag/product-management/,tag-paginering,REDIRECT,301 · 1 hop
/tag/product-owner/,/tag/product-owner/,tag,EXACT,
/tag/product-owner/feed/,/rss.xml,feed,REDIRECT,301 · 1 hop
/tag/product-owner/page/2/,/tag/product-owner/,tag-paginering,REDIRECT,301 · 1 hop
/tag/product-owner/page/3/,/tag/product-owner/,tag-paginering,REDIRECT,301 · 1 hop
/tag/product-owners/,/tag/product-owners/,tag,EXACT,
/tag/product-owners/feed/,/rss.xml,feed,REDIRECT,301 · 1 hop
/tag/productivity/,/tag/productivity/,tag,EXACT,
/tag/productivity/feed/,/rss.xml,feed,REDIRECT,301 · 1 hop
/tag/productivity/page/2/,/tag/productivity/,tag-paginering,REDIRECT,301 · 1 hop
/tag/profile/,/tag/profile/,tag,EXACT,
/tag/project-management-2/,/tag/project-management-2/,tag,EXACT,
/tag/project-management-2/feed/,/rss.xml,feed,REDIRECT,301 · 1 hop
/tag/project/,/tag/project/,tag,EXACT,
/tag/psychological-safefty/,/tag/psychological-safefty/,tag,EXACT,
/tag/pull/,/tag/pull/,tag,EXACT,
/tag/pull/feed/,/rss.xml,feed,REDIRECT,301 · 1 hop
/tag/push/,/tag/push/,tag,EXACT,
/tag/push/feed/,/rss.xml,feed,REDIRECT,301 · 1 hop
/tag/puzzle/,/tag/puzzle/,tag,EXACT,
/tag/quality-assurance/,/tag/quality-assurance/,tag,EXACT,
/tag/quality-assurance/feed/,/rss.xml,feed,REDIRECT,301 · 1 hop
/tag/questioning/,/tag/questioning/,tag,EXACT,
/tag/questioning/feed/,/rss.xml,feed,REDIRECT,301 · 1 hop
/tag/refactoring/,/tag/refactoring/,tag,EXACT,
/tag/refactoring/feed/,/rss.xml,feed,REDIRECT,301 · 1 hop
/tag/reflection/,/tag/reflection/,tag,EXACT,
/tag/reflection/feed/,/rss.xml,feed,REDIRECT,301 · 1 hop
/tag/relationship/,/tag/relationship/,tag,EXACT,
/tag/remoteteams/,/tag/remoteteams/,tag,EXACT,
/tag/remoteteams/feed/,/rss.xml,feed,REDIRECT,301 · 1 hop
/tag/remoteteams/page/2/,/tag/remoteteams/,tag-paginering,REDIRECT,301 · 1 hop
/tag/requirements/,/tag/requirements/,tag,EXACT,
/tag/requirements/page/2/,/tag/requirements/,tag-paginering,REDIRECT,301 · 1 hop
/tag/requirements/page/3/,/tag/requirements/,tag-paginering,REDIRECT,301 · 1 hop
/tag/respect/,/tag/respect/,tag,EXACT,
/tag/respect/feed/,/rss.xml,feed,REDIRECT,301 · 1 hop
/tag/responsibilities/,/tag/responsibilities/,tag,EXACT,
/tag/responsibilities/feed/,/rss.xml,feed,REDIRECT,301 · 1 hop
/tag/retro/,/tag/retro/,tag,EXACT,
/tag/retro/feed/,/rss.xml,feed,REDIRECT,301 · 1 hop
/tag/retrospection/,/tag/retrospection/,tag,EXACT,
/tag/retrospective-analysis/,/tag/retrospective-analysis/,tag,EXACT,
/tag/retrospective-analysis/feed/,/rss.xml,feed,REDIRECT,301 · 1 hop
/tag/retrospective/,/tag/retrospective/,tag,EXACT,
/tag/retrospective/feed/,/rss.xml,feed,REDIRECT,301 · 1 hop
/tag/retrospective/page/2/,/tag/retrospective/,tag-paginering,REDIRECT,301 · 1 hop
/tag/retrospectives/,/tag/retrospectives/,tag,EXACT,
/tag/retrospectives/feed/,/rss.xml,feed,REDIRECT,301 · 1 hop
/tag/retrospectives/page/2/,/tag/retrospectives/,tag-paginering,REDIRECT,301 · 1 hop
/tag/retrospectives/page/3/,/tag/retrospectives/,tag-paginering,REDIRECT,301 · 1 hop
/tag/review/,/tag/review/,tag,EXACT,
/tag/review/feed/,/rss.xml,feed,REDIRECT,301 · 1 hop
/tag/rfg/,/tag/rfg/,tag,EXACT,
/tag/rfg19/,/tag/rfg19/,tag,EXACT,
/tag/risk/,/tag/risk/,tag,EXACT,
/tag/risk/feed/,/rss.xml,feed,REDIRECT,301 · 1 hop
/tag/roles/,/tag/roles/,tag,EXACT,
/tag/roles/feed/,/rss.xml,feed,REDIRECT,301 · 1 hop
/tag/roles/page/2/,/tag/roles/,tag-paginering,REDIRECT,301 · 1 hop
/tag/scale/,/tag/scale/,tag,EXACT,
/tag/scaled-agile/,/tag/scaled-agile/,tag,EXACT,
/tag/scaled-agile/feed/,/rss.xml,feed,REDIRECT,301 · 1 hop
/tag/scaling/,/tag/scaling/,tag,EXACT,
/tag/scrum-events/,/tag/scrum-events/,tag,EXACT,
/tag/scrum-framework/,/tag/scrum-framework/,tag,EXACT,
/tag/scrum-framework/feed/,/rss.xml,feed,REDIRECT,301 · 1 hop
/tag/scrum-master/,/tag/scrum-master/,tag,EXACT,
/tag/scrum-master/feed/,/rss.xml,feed,REDIRECT,301 · 1 hop
/tag/scrum-master/page/2/,/tag/scrum-master/,tag-paginering,REDIRECT,301 · 1 hop
/tag/scrum-roles/,/tag/scrum-roles/,tag,EXACT,
/tag/scrum-values/,/tag/scrum-values/,tag,EXACT,
/tag/scrum/,/tag/scrum/,tag,EXACT,
/tag/scrum/feed/,/rss.xml,feed,REDIRECT,301 · 1 hop
/tag/scrum/page/2/,/tag/scrum/,tag-paginering,REDIRECT,301 · 1 hop
/tag/scrum/page/3/,/tag/scrum/,tag-paginering,REDIRECT,301 · 1 hop
/tag/scrumban/,/tag/scrumban/,tag,EXACT,
/tag/scrumble/,/tag/scrumble/,tag,EXACT,
/tag/scrumble/feed/,/rss.xml,feed,REDIRECT,301 · 1 hop
/tag/scrummaster/,/tag/scrummaster/,tag,EXACT,
/tag/scrummaster/feed/,/rss.xml,feed,REDIRECT,301 · 1 hop
/tag/selection/,/tag/selection/,tag,EXACT,
/tag/selection/feed/,/rss.xml,feed,REDIRECT,301 · 1 hop
/tag/self-care/,/tag/self-care/,tag,EXACT,
/tag/self-organization/,/tag/self-organization/,tag,EXACT,
/tag/self-organization/feed/,/rss.xml,feed,REDIRECT,301 · 1 hop
/tag/self-organization/page/2/,/tag/self-organization/,tag-paginering,REDIRECT,301 · 1 hop
/tag/self-organizing/,/tag/self-organizing/,tag,EXACT,
/tag/self-organizing/feed/,/rss.xml,feed,REDIRECT,301 · 1 hop
/tag/serious-games/,/tag/serious-games/,tag,EXACT,
/tag/serious-games/feed/,/rss.xml,feed,REDIRECT,301 · 1 hop
/tag/serious-games/page/2/,/tag/serious-games/,tag-paginering,REDIRECT,301 · 1 hop
/tag/serious-games/page/3/,/tag/serious-games/,tag-paginering,REDIRECT,301 · 1 hop
/tag/servant-leadership/,/tag/servant-leadership/,tag,EXACT,
/tag/servant/,/tag/servant/,tag,EXACT,
/tag/shared-goals/,/tag/shared-goals/,tag,EXACT,
/tag/shared-goals/feed/,/rss.xml,feed,REDIRECT,301 · 1 hop
/tag/shared-mission/,/tag/shared-mission/,tag,EXACT,
/tag/shared-vision/,/tag/shared-vision/,tag,EXACT,
/tag/simplicity/,/tag/simplicity/,tag,EXACT,
/tag/simplicity/feed/,/rss.xml,feed,REDIRECT,301 · 1 hop
/tag/simulation/,/tag/simulation/,tag,EXACT,
/tag/simulation/feed/,/rss.xml,feed,REDIRECT,301 · 1 hop
/tag/situational-awareness/,/tag/situational-awareness/,tag,EXACT,
/tag/situational-awareness/feed/,/rss.xml,feed,REDIRECT,301 · 1 hop
/tag/small-batches/,/tag/small-batches/,tag,EXACT,
/tag/small-batches/feed/,/rss.xml,feed,REDIRECT,301 · 1 hop
/tag/software-craftsmanship/,/tag/software-craftsmanship/,tag,EXACT,
/tag/sound/,/tag/sound/,tag,EXACT,
/tag/spark/,/tag/spark/,tag,EXACT,
/tag/sprint/,/tag/sprint/,tag,EXACT,
/tag/sprint/feed/,/rss.xml,feed,REDIRECT,301 · 1 hop
/tag/stakeholder-theory/,/tag/stakeholder-theory/,tag,EXACT,
/tag/stakeholder-theory/feed/,/rss.xml,feed,REDIRECT,301 · 1 hop
/tag/stakeholder/,/tag/stakeholder/,tag,EXACT,
/tag/stakeholder/feed/,/rss.xml,feed,REDIRECT,301 · 1 hop
/tag/stakeholders/,/tag/stakeholders/,tag,EXACT,
/tag/stakeholders/feed/,/rss.xml,feed,REDIRECT,301 · 1 hop
/tag/standardwork/,/tag/standardwork/,tag,EXACT,
/tag/standup/,/tag/standup/,tag,EXACT,
/tag/standup/feed/,/rss.xml,feed,REDIRECT,301 · 1 hop
/tag/star-wars/,/tag/star-wars/,tag,EXACT,
/tag/start-where-you-are/,/tag/start-where-you-are/,tag,EXACT,
/tag/stories/,/tag/stories/,tag,EXACT,
/tag/stories/feed/,/rss.xml,feed,REDIRECT,301 · 1 hop
/tag/story/,/tag/story/,tag,EXACT,
/tag/story/feed/,/rss.xml,feed,REDIRECT,301 · 1 hop
/tag/strategy-deployment/,/tag/strategy-deployment/,tag,EXACT,
/tag/stress/,/tag/stress/,tag,EXACT,
/tag/superheroes/,/tag/superheroes/,tag,EXACT,
/tag/superleader/,/tag/superleader/,tag,EXACT,
/tag/sustainable-development/,/tag/sustainable-development/,tag,EXACT,
/tag/sustainable-development/feed/,/rss.xml,feed,REDIRECT,301 · 1 hop
/tag/tasks/,/tag/tasks/,tag,EXACT,
/tag/tasks/feed/,/rss.xml,feed,REDIRECT,301 · 1 hop
/tag/tdd/,/tag/tdd/,tag,EXACT,
/tag/tdd/feed/,/rss.xml,feed,REDIRECT,301 · 1 hop
/tag/team-building-2/,/tag/team-building-2/,tag,EXACT,
/tag/team-building/,/tag/team-building/,tag,EXACT,
/tag/team-building/feed/,/rss.xml,feed,REDIRECT,301 · 1 hop
/tag/team-building/page/2/,/tag/team-building/,tag-paginering,REDIRECT,301 · 1 hop
/tag/team-building/page/3/,/tag/team-building/,tag-paginering,REDIRECT,301 · 1 hop
/tag/team-dynamics/,/tag/team-dynamics/,tag,EXACT,
/tag/team-dynamics/feed/,/rss.xml,feed,REDIRECT,301 · 1 hop
/tag/team-dynamics/page/2/,/tag/team-dynamics/,tag-paginering,REDIRECT,301 · 1 hop
/tag/team-dynamics/page/3/,/tag/team-dynamics/,tag-paginering,REDIRECT,301 · 1 hop
/tag/team/,/tag/team/,tag,EXACT,
/tag/team/feed/,/rss.xml,feed,REDIRECT,301 · 1 hop
/tag/team/page/2/,/tag/team/,tag-paginering,REDIRECT,301 · 1 hop
/tag/teams/,/tag/teams/,tag,EXACT,
/tag/teams/feed/,/rss.xml,feed,REDIRECT,301 · 1 hop
/tag/teamwork/,/tag/teamwork/,tag,EXACT,
/tag/teamwork/feed/,/rss.xml,feed,REDIRECT,301 · 1 hop
/tag/teamwork/page/2/,/tag/teamwork/,tag-paginering,REDIRECT,301 · 1 hop
/tag/teamwork/page/3/,/tag/teamwork/,tag-paginering,REDIRECT,301 · 1 hop
/tag/technical-debt/,/tag/technical-debt/,tag,EXACT,
/tag/technical-debt/feed/,/rss.xml,feed,REDIRECT,301 · 1 hop
/tag/technique/,/tag/technique/,tag,EXACT,
/tag/technique/feed/,/rss.xml,feed,REDIRECT,301 · 1 hop
/tag/techniques/,/tag/techniques/,tag,EXACT,
/tag/techniques/feed/,/rss.xml,feed,REDIRECT,301 · 1 hop
/tag/telecommute/,/tag/telecommute/,tag,EXACT,
/tag/telecommute/feed/,/rss.xml,feed,REDIRECT,301 · 1 hop
/tag/telework/,/tag/telework/,tag,EXACT,
/tag/telework/feed/,/rss.xml,feed,REDIRECT,301 · 1 hop
/tag/test-first/,/tag/test-first/,tag,EXACT,
/tag/test/,/tag/test/,tag,EXACT,
/tag/test/feed/,/rss.xml,feed,REDIRECT,301 · 1 hop
/tag/throughput/,/tag/throughput/,tag,EXACT,
/tag/throughput/feed/,/rss.xml,feed,REDIRECT,301 · 1 hop
/tag/timeboxing/,/tag/timeboxing/,tag,EXACT,
/tag/timeboxing/feed/,/rss.xml,feed,REDIRECT,301 · 1 hop
/tag/timelines/,/tag/timelines/,tag,EXACT,
/tag/timelines/feed/,/rss.xml,feed,REDIRECT,301 · 1 hop
/tag/training-review/,/tag/training-review/,tag,EXACT,
/tag/training/,/tag/training/,tag,EXACT,
/tag/transforming-teams/,/tag/transforming-teams/,tag,EXACT,
/tag/transforming-teams/feed/,/rss.xml,feed,REDIRECT,301 · 1 hop
/tag/trust/,/tag/trust/,tag,EXACT,
/tag/trust/feed/,/rss.xml,feed,REDIRECT,301 · 1 hop
/tag/tuckman-model/,/tag/tuckman-model/,tag,EXACT,
/tag/tuckman-model/feed/,/rss.xml,feed,REDIRECT,301 · 1 hop
/tag/understand/,/tag/understand/,tag,EXACT,
/tag/understand/feed/,/rss.xml,feed,REDIRECT,301 · 1 hop
/tag/unit-testing/,/tag/unit-testing/,tag,EXACT,
/tag/unlearning/,/tag/unlearning/,tag,EXACT,
/tag/user-stories/,/tag/user-stories/,tag,EXACT,
/tag/user-stories/feed/,/rss.xml,feed,REDIRECT,301 · 1 hop
/tag/utilization/,/tag/utilization/,tag,EXACT,
/tag/utilization/feed/,/rss.xml,feed,REDIRECT,301 · 1 hop
/tag/valeur-agile/,/tag/valeur-agile/,tag,EXACT,
/tag/valeur-agile/feed/,/rss.xml,feed,REDIRECT,301 · 1 hop
/tag/value/,/tag/value/,tag,EXACT,
/tag/values/,/tag/values/,tag,EXACT,
/tag/values/feed/,/rss.xml,feed,REDIRECT,301 · 1 hop
/tag/video/,/tag/video/,tag,EXACT,
/tag/video/feed/,/rss.xml,feed,REDIRECT,301 · 1 hop
/tag/virtual-games/,/tag/virtual-games/,tag,EXACT,
/tag/virtual-scrum-roles/,/tag/virtual-scrum-roles/,tag,EXACT,
/tag/virtual-scrum-values/,/tag/virtual-scrum-values/,tag,EXACT,
/tag/virtual/,/tag/virtual/,tag,EXACT,
/tag/vision/,/tag/vision/,tag,EXACT,
/tag/vision/feed/,/rss.xml,feed,REDIRECT,301 · 1 hop
/tag/visual-acuity/,/tag/visual-acuity/,tag,EXACT,
/tag/visual-acuity/feed/,/rss.xml,feed,REDIRECT,301 · 1 hop
/tag/visual-art-terminology/,/tag/visual-art-terminology/,tag,EXACT,
/tag/visual-art-terminology/feed/,/rss.xml,feed,REDIRECT,301 · 1 hop
/tag/waste/,/tag/waste/,tag,EXACT,
/tag/waste/feed/,/rss.xml,feed,REDIRECT,301 · 1 hop
/tag/wellbeing/,/tag/wellbeing/,tag,EXACT,
/tag/wip/,/tag/wip/,tag,EXACT,
/tag/wip/feed/,/rss.xml,feed,REDIRECT,301 · 1 hop
/tag/work-in-progress/,/tag/work-in-progress/,tag,EXACT,
/tag/work-in-progress/feed/,/rss.xml,feed,REDIRECT,301 · 1 hop
/tag/working-agreements/,/tag/working-agreements/,tag,EXACT,
/tag/working-agreements/feed/,/rss.xml,feed,REDIRECT,301 · 1 hop
/tag/workshop-planning/,/tag/workshop-planning/,tag,EXACT,
/tag/workshop/,/tag/workshop/,tag,EXACT,
/tag/x-matrix/,/tag/x-matrix/,tag,EXACT,
/tag/zero-sum-thinking/,/tag/zero-sum-thinking/,tag,EXACT,
/tag/zero-sum-thinking/feed/,/rss.xml,feed,REDIRECT,301 · 1 hop
/tag/от-винта-2-2021/,,tag,GONE,tag zonder gepubliceerde posts
/tag/от-винта-2/,,tag,GONE,tag zonder gepubliceerde posts
/tag/райя-и-последний-дракон/,,tag,GONE,tag zonder gepubliceerde posts
/tag/райя-последний-дракон/,,tag,GONE,tag zonder gepubliceerde posts
/tag/рая-и-последний-дракон/,,tag,GONE,tag zonder gepubliceerde posts
/tag/рая-последний-дракон/,,tag,GONE,tag zonder gepubliceerde posts
/tastycupcakes-home/,/,pagina,REDIRECT,301 · 1 hop
/tastycupcakes-home/feed/,/rss.xml,feed,REDIRECT,301 · 1 hop
/user/1/,,gebruikersprofiel,GONE,user-profiles
/user/aleem.khan/,,gebruikersprofiel,GONE,user-profiles
/user/alex.boutin/,,gebruikersprofiel,GONE,user-profiles
/user/amr.noaman/,,gebruikersprofiel,GONE,user-profiles
/user/andrew.rusling/,,gebruikersprofiel,GONE,user-profiles
/user/andré.dhondt/,,gebruikersprofiel,GONE,user-profiles
/user/anu.khendry/,,gebruikersprofiel,GONE,user-profiles
/user/blake.mcmillan/,,gebruikersprofiel,GONE,user-profiles
/user/bruce.scharlau/,,gebruikersprofiel,GONE,user-profiles
/user/cesario.ramos/,,gebruikersprofiel,GONE,user-profiles
/user/chris.deniaud/,,gebruikersprofiel,GONE,user-profiles
/user/chris.hurney/,,gebruikersprofiel,GONE,user-profiles
/user/christo.martens/,,gebruikersprofiel,GONE,user-profiles
/user/colleen.esposito/,,gebruikersprofiel,GONE,user-profiles
/user/david.grant/,,gebruikersprofiel,GONE,user-profiles
/user/david.lowe/,,gebruikersprofiel,GONE,user-profiles
/user/dileep.raj/,,gebruikersprofiel,GONE,user-profiles
/user/doc.list/,,gebruikersprofiel,GONE,user-profiles
/user/don.mcgreal/,,gebruikersprofiel,GONE,user-profiles
/user/doug.husovsky/,,gebruikersprofiel,GONE,user-profiles
/user/e.bruin/,,gebruikersprofiel,GONE,user-profiles
/user/eder.elorriaga/,,gebruikersprofiel,GONE,user-profiles
/user/ellen.gottesdiener/,,gebruikersprofiel,GONE,user-profiles
/user/fredrik.wendt/,,gebruikersprofiel,GONE,user-profiles
/user/geoff.watts/,,gebruikersprofiel,GONE,user-profiles
/user/gretchen.knode/,,gebruikersprofiel,GONE,user-profiles
/user/grégory.alexandre/,,gebruikersprofiel,GONE,user-profiles
/user/haralambi.haralambiev/,,gebruikersprofiel,GONE,user-profiles
/user/hugo.emond/,,gebruikersprofiel,GONE,user-profiles
/user/illya.pavlichenko/,,gebruikersprofiel,GONE,user-profiles
/user/ivo.peksens/,,gebruikersprofiel,GONE,user-profiles
/user/james.scrimshire/,,gebruikersprofiel,GONE,user-profiles
/user/jason.little/,,gebruikersprofiel,GONE,user-profiles
/user/john.miller/,,gebruikersprofiel,GONE,user-profiles
/user/julio.oliveira/,,gebruikersprofiel,GONE,user-profiles
/user/karl.scotland/,,gebruikersprofiel,GONE,user-profiles
/user/kimberly.bartlett/,,gebruikersprofiel,GONE,user-profiles
/user/krzysztof.liszewski/,,gebruikersprofiel,GONE,user-profiles
/user/liz.mckeown/,,gebruikersprofiel,GONE,user-profiles
/user/luke.hohmann/,,gebruikersprofiel,GONE,user-profiles
/user/manuel.ilincheta/,,gebruikersprofiel,GONE,user-profiles
/user/marc.florit/,,gebruikersprofiel,GONE,user-profiles
/user/mark.noneman/,,gebruikersprofiel,GONE,user-profiles
/user/matt.philip/,,gebruikersprofiel,GONE,user-profiles
/user/mertine.middelkoop/,,gebruikersprofiel,GONE,user-profiles
/user/michael.mccullough/,,gebruikersprofiel,GONE,user-profiles
/user/michael.sahota/,,gebruikersprofiel,GONE,user-profiles
/user/mike.burns/,,gebruikersprofiel,GONE,user-profiles
/user/mike.burrows/,,gebruikersprofiel,GONE,user-profiles
/user/nick.zdunic/,,gebruikersprofiel,GONE,user-profiles
/user/nuno.borges/,,gebruikersprofiel,GONE,user-profiles
/user/paul.boos/,,gebruikersprofiel,GONE,user-profiles
/user/paul.goddard/,,gebruikersprofiel,GONE,user-profiles
/user/paul.stonehouse/,,gebruikersprofiel,GONE,user-profiles
/user/pierre.e.neis/,,gebruikersprofiel,GONE,user-profiles
/user/przemysław.witka/,,gebruikersprofiel,GONE,user-profiles
/user/richard.scott.will.harknett/,,gebruikersprofiel,GONE,user-profiles
/user/rik.pennartz/,,gebruikersprofiel,GONE,user-profiles
/user/robert.morimanno/,,gebruikersprofiel,GONE,user-profiles
/user/sam.whiting/,,gebruikersprofiel,GONE,user-profiles
/user/sean.robinson/,,gebruikersprofiel,GONE,user-profiles
/user/silvana.wasitova/,,gebruikersprofiel,GONE,user-profiles
/user/slava.moskalenko/,,gebruikersprofiel,GONE,user-profiles
/user/stavros.stavru/,,gebruikersprofiel,GONE,user-profiles
/user/steve.silbert/,,gebruikersprofiel,GONE,user-profiles
/user/thomy.kay/,,gebruikersprofiel,GONE,user-profiles
/user/tim.yevgrashyn/,,gebruikersprofiel,GONE,user-profiles
/user/todd.charron/,,gebruikersprofiel,GONE,user-profiles
/user/veit.richter/,,gebruikersprofiel,GONE,user-profiles
/wp-admin.html,,wordpress-systeem,GONE,wp-system
/wp-admin/css/colors-fresh.css,,wordpress-systeem,GONE,wp-system
/wp-admin/css/login.css,,wordpress-systeem,GONE,wp-system
/wp-admin/images/arrows-dark.png,,wordpress-systeem,GONE,wp-system
/wp-admin/images/arrows.png,,wordpress-systeem,GONE,wp-system
/wp-admin/images/bubble_bg.gif,,wordpress-systeem,GONE,wp-system
/wp-admin/images/button-grad-active.png,,wordpress-systeem,GONE,wp-system
/wp-admin/images/button-grad.png,,wordpress-systeem,GONE,wp-system
/wp-admin/images/date-button.gif,,wordpress-systeem,GONE,wp-system
/wp-admin/images/ed-bg.gif,,wordpress-systeem,GONE,wp-system
/wp-admin/images/fade-butt.png,,wordpress-systeem,GONE,wp-system
/wp-admin/images/icons32.png,,wordpress-systeem,GONE,wp-system
/wp-admin/images/list.png,,wordpress-systeem,GONE,wp-system
/wp-admin/images/logo-login.png,,wordpress-systeem,GONE,wp-system
/wp-admin/images/menu-bits.gif,,wordpress-systeem,GONE,wp-system
/wp-admin/images/menu-shadow.png,,wordpress-systeem,GONE,wp-system
/wp-admin/images/menu.png,,wordpress-systeem,GONE,wp-system
/wp-admin/images/white-grad-active.png,,wordpress-systeem,GONE,wp-system
/wp-admin/images/white-grad.png,,wordpress-systeem,GONE,wp-system
/wp-admin/images/wp-logo.png,,wordpress-systeem,GONE,wp-system
/wp-admin/images/xit.gif,,wordpress-systeem,GONE,wp-system
/wp-admin/post-new.php,,wordpress-systeem,GONE,wp-system
/wp-content/fonts/62b079b3acaa6b71a99f01a20acbcbef.css,,wordpress-systeem,GONE,wp-system
/wp-content/fonts/roboto/KFOlCnqEu92Fr1MmEU9fABc4EsA.woff2,,wordpress-systeem,GONE,wp-system
/wp-content/fonts/roboto/KFOlCnqEu92Fr1MmEU9fBBc4.woff2,,wordpress-systeem,GONE,wp-system
/wp-content/fonts/roboto/KFOlCnqEu92Fr1MmEU9fBxc4EsA.woff2,,wordpress-systeem,GONE,wp-system
/wp-content/fonts/roboto/KFOlCnqEu92Fr1MmEU9fCBc4EsA.woff2,,wordpress-systeem,GONE,wp-system
/wp-content/fonts/roboto/KFOlCnqEu92Fr1MmEU9fCRc4EsA.woff2,,wordpress-systeem,GONE,wp-system
/wp-content/fonts/roboto/KFOlCnqEu92Fr1MmEU9fChc4EsA.woff2,,wordpress-systeem,GONE,wp-system
/wp-content/fonts/roboto/KFOlCnqEu92Fr1MmEU9fCxc4EsA.woff2,,wordpress-systeem,GONE,wp-system
/wp-content/fonts/roboto/KFOlCnqEu92Fr1MmSU5fABc4EsA.woff2,,wordpress-systeem,GONE,wp-system
/wp-content/fonts/roboto/KFOlCnqEu92Fr1MmSU5fBBc4.woff2,,wordpress-systeem,GONE,wp-system
/wp-content/fonts/roboto/KFOlCnqEu92Fr1MmSU5fBxc4EsA.woff2,,wordpress-systeem,GONE,wp-system
/wp-content/fonts/roboto/KFOlCnqEu92Fr1MmSU5fCBc4EsA.woff2,,wordpress-systeem,GONE,wp-system
/wp-content/fonts/roboto/KFOlCnqEu92Fr1MmSU5fCRc4EsA.woff2,,wordpress-systeem,GONE,wp-system
/wp-content/fonts/roboto/KFOlCnqEu92Fr1MmSU5fChc4EsA.woff2,,wordpress-systeem,GONE,wp-system
/wp-content/fonts/roboto/KFOlCnqEu92Fr1MmSU5fCxc4EsA.woff2,,wordpress-systeem,GONE,wp-system
/wp-content/fonts/roboto/KFOlCnqEu92Fr1MmWUlfABc4EsA.woff2,,wordpress-systeem,GONE,wp-system
/wp-content/fonts/roboto/KFOlCnqEu92Fr1MmWUlfBBc4.woff2,,wordpress-systeem,GONE,wp-system
/wp-content/fonts/roboto/KFOlCnqEu92Fr1MmWUlfBxc4EsA.woff2,,wordpress-systeem,GONE,wp-system
/wp-content/fonts/roboto/KFOlCnqEu92Fr1MmWUlfCBc4EsA.woff2,,wordpress-systeem,GONE,wp-system
/wp-content/fonts/roboto/KFOlCnqEu92Fr1MmWUlfCRc4EsA.woff2,,wordpress-systeem,GONE,wp-system
/wp-content/fonts/roboto/KFOlCnqEu92Fr1MmWUlfChc4EsA.woff2,,wordpress-systeem,GONE,wp-system
/wp-content/fonts/roboto/KFOlCnqEu92Fr1MmWUlfCxc4EsA.woff2,,wordpress-systeem,GONE,wp-system
/wp-content/fonts/roboto/KFOmCnqEu92Fr1Mu4WxKOzY.woff2,,wordpress-systeem,GONE,wp-system
/wp-content/fonts/roboto/KFOmCnqEu92Fr1Mu4mxK.woff2,,wordpress-systeem,GONE,wp-system
/wp-content/fonts/roboto/KFOmCnqEu92Fr1Mu5mxKOzY.woff2,,wordpress-systeem,GONE,wp-system
/wp-content/fonts/roboto/KFOmCnqEu92Fr1Mu72xKOzY.woff2,,wordpress-systeem,GONE,wp-system
/wp-content/fonts/roboto/KFOmCnqEu92Fr1Mu7GxKOzY.woff2,,wordpress-systeem,GONE,wp-system
/wp-content/fonts/roboto/KFOmCnqEu92Fr1Mu7WxKOzY.woff2,,wordpress-systeem,GONE,wp-system
/wp-content/fonts/roboto/KFOmCnqEu92Fr1Mu7mxKOzY.woff2,,wordpress-systeem,GONE,wp-system
/wp-content/gd-star-rating/css/rating.css,,wordpress-systeem,GONE,wp-system
/wp-content/plugins/gd-star-rating/css/gdsr.css.php,,wordpress-systeem,GONE,wp-system
/wp-content/plugins/login-sidebar-widget/css/style_login_widget.css,,wordpress-systeem,GONE,wp-system
/wp-content/plugins/login-sidebar-widget/images/close.png,,wordpress-systeem,GONE,wp-system
/wp-content/plugins/profile-pic/default.jpg,,wordpress-systeem,GONE,wp-system
/wp-content/plugins/qtranslate/flags/br.png,,wordpress-systeem,GONE,wp-system
/wp-content/plugins/qtranslate/flags/es.png,,wordpress-systeem,GONE,wp-system
/wp-content/plugins/qtranslate/flags/fr.png,,wordpress-systeem,GONE,wp-system
/wp-content/plugins/qtranslate/flags/gb.png,,wordpress-systeem,GONE,wp-system
/wp-content/plugins/qtranslate/flags/ru.png,,wordpress-systeem,GONE,wp-system
/wp-content/plugins/sidebar-login/style.css,,wordpress-systeem,GONE,wp-system
/wp-content/plugins/tdo-mini-forms/tdomf-style-form.css,,wordpress-systeem,GONE,wp-system
/wp-content/plugins/tdo-mini-forms/tdomf-upload-inline.php,,wordpress-systeem,GONE,wp-system
/wp-content/plugins/ultimate-member/assets/css/common.min.css,,wordpress-systeem,GONE,wp-system
/wp-content/plugins/ultimate-member/assets/css/select2/select2.min.css,,wordpress-systeem,GONE,wp-system
/wp-content/plugins/ultimate-member/assets/css/um-account.css,,wordpress-systeem,GONE,wp-system
/wp-content/plugins/ultimate-member/assets/css/um-account.min.css,,wordpress-systeem,GONE,wp-system
/wp-content/plugins/ultimate-member/assets/css/um-fileupload.min.css,,wordpress-systeem,GONE,wp-system
/wp-content/plugins/ultimate-member/assets/css/um-fontawesome.min.css,,wordpress-systeem,GONE,wp-system
/wp-content/plugins/ultimate-member/assets/css/um-fonticons-ii.css,,wordpress-systeem,GONE,wp-system
/wp-content/plugins/ultimate-member/assets/css/um-misc.css,,wordpress-systeem,GONE,wp-system
/wp-content/plugins/ultimate-member/assets/css/um-misc.min.css,,wordpress-systeem,GONE,wp-system
/wp-content/plugins/ultimate-member/assets/css/um-modal.min.css,,wordpress-systeem,GONE,wp-system
/wp-content/plugins/ultimate-member/assets/css/um-old-default.css,,wordpress-systeem,GONE,wp-system
/wp-content/plugins/ultimate-member/assets/css/um-old-default.min.css,,wordpress-systeem,GONE,wp-system
/wp-content/plugins/ultimate-member/assets/css/um-profile.css,,wordpress-systeem,GONE,wp-system
/wp-content/plugins/ultimate-member/assets/css/um-profile.min.css,,wordpress-systeem,GONE,wp-system
/wp-content/plugins/ultimate-member/assets/css/um-raty.css,,wordpress-systeem,GONE,wp-system
/wp-content/plugins/ultimate-member/assets/css/um-responsive.min.css,,wordpress-systeem,GONE,wp-system
/wp-content/plugins/ultimate-member/assets/css/um-styles.css,,wordpress-systeem,GONE,wp-system
/wp-content/plugins/ultimate-member/assets/css/um-styles.min.css,,wordpress-systeem,GONE,wp-system
/wp-content/plugins/ultimate-member/assets/libs/cropper/cropper.min.css,,wordpress-systeem,GONE,wp-system
/wp-content/plugins/ultimate-member/assets/libs/fontawesome/webfonts/fa-brands-400.ttf,,wordpress-systeem,GONE,wp-system
/wp-content/plugins/ultimate-member/assets/libs/fontawesome/webfonts/fa-brands-400.woff2,,wordpress-systeem,GONE,wp-system
/wp-content/plugins/ultimate-member/assets/libs/fontawesome/webfonts/fa-regular-400.ttf,,wordpress-systeem,GONE,wp-system
/wp-content/plugins/ultimate-member/assets/libs/fontawesome/webfonts/fa-regular-400.woff2,,wordpress-systeem,GONE,wp-system
/wp-content/plugins/ultimate-member/assets/libs/fontawesome/webfonts/fa-solid-900.ttf,,wordpress-systeem,GONE,wp-system
/wp-content/plugins/ultimate-member/assets/libs/fontawesome/webfonts/fa-solid-900.woff2,,wordpress-systeem,GONE,wp-system
/wp-content/plugins/ultimate-member/assets/libs/jquery-ui/images/ui-icons_444444_256x240.png,,wordpress-systeem,GONE,wp-system
/wp-content/plugins/ultimate-member/assets/libs/jquery-ui/images/ui-icons_555555_256x240.png,,wordpress-systeem,GONE,wp-system
/wp-content/plugins/ultimate-member/assets/libs/jquery-ui/images/ui-icons_777620_256x240.png,,wordpress-systeem,GONE,wp-system
/wp-content/plugins/ultimate-member/assets/libs/jquery-ui/images/ui-icons_777777_256x240.png,,wordpress-systeem,GONE,wp-system
/wp-content/plugins/ultimate-member/assets/libs/jquery-ui/images/ui-icons_cc0000_256x240.png,,wordpress-systeem,GONE,wp-system
/wp-content/plugins/ultimate-member/assets/libs/jquery-ui/images/ui-icons_ffffff_256x240.png,,wordpress-systeem,GONE,wp-system
/wp-content/plugins/ultimate-member/assets/libs/jquery-ui/jquery-ui.min.css,,wordpress-systeem,GONE,wp-system
/wp-content/plugins/ultimate-member/assets/libs/legacy/fonticons/fonticons-fa.min.css,,wordpress-systeem,GONE,wp-system
/wp-content/plugins/ultimate-member/assets/libs/legacy/fonticons/fonticons-ii.min.css,,wordpress-systeem,GONE,wp-system
/wp-content/plugins/ultimate-member/assets/libs/pickadate/default.date.min.css,,wordpress-systeem,GONE,wp-system
/wp-content/plugins/ultimate-member/assets/libs/pickadate/default.min.css,,wordpress-systeem,GONE,wp-system
/wp-content/plugins/ultimate-member/assets/libs/pickadate/default.time.min.css,,wordpress-systeem,GONE,wp-system
/wp-content/plugins/ultimate-member/assets/libs/raty/font/raty.eot,,wordpress-systeem,GONE,wp-system
/wp-content/plugins/ultimate-member/assets/libs/raty/font/raty.svg,,wordpress-systeem,GONE,wp-system
/wp-content/plugins/ultimate-member/assets/libs/raty/font/raty.ttf,,wordpress-systeem,GONE,wp-system
/wp-content/plugins/ultimate-member/assets/libs/raty/font/raty.woff,,wordpress-systeem,GONE,wp-system
/wp-content/plugins/ultimate-member/assets/libs/raty/um-raty.min.css,,wordpress-systeem,GONE,wp-system
/wp-content/plugins/ultimate-member/assets/libs/select2/select2.min.css,,wordpress-systeem,GONE,wp-system
/wp-content/plugins/ultimate-member/assets/libs/tipsy/tipsy.min.css,,wordpress-systeem,GONE,wp-system
/wp-content/plugins/ultimate-member/assets/libs/um-confirm/um-confirm.min.css,,wordpress-systeem,GONE,wp-system
/wp-content/plugins/um-recaptcha/assets/css/um-recaptcha.min.css,,wordpress-systeem,GONE,wp-system
/wp-content/plugins/userfeedback-lite/assets/vue/css/frontend.css,,wordpress-systeem,GONE,wp-system
/wp-content/plugins/wp-spamfree/img/wpsf-img.php,,wordpress-systeem,GONE,wp-system
/wp-content/profile-pics/1.jpg,,wordpress-systeem,GONE,wp-system
/wp-content/profile-pics/10034.jpg,,wordpress-systeem,GONE,wp-system
/wp-content/profile-pics/11.jpg,,wordpress-systeem,GONE,wp-system
/wp-content/profile-pics/1288.jpg,,wordpress-systeem,GONE,wp-system
/wp-content/profile-pics/1340.jpg,,wordpress-systeem,GONE,wp-system
/wp-content/profile-pics/1425.jpg,,wordpress-systeem,GONE,wp-system
/wp-content/profile-pics/2.jpg,,wordpress-systeem,GONE,wp-system
/wp-content/profile-pics/2142.jpg,,wordpress-systeem,GONE,wp-system
/wp-content/profile-pics/2285.jpg,,wordpress-systeem,GONE,wp-system
/wp-content/profile-pics/2359.jpg,,wordpress-systeem,GONE,wp-system
/wp-content/profile-pics/3020.jpg,,wordpress-systeem,GONE,wp-system
/wp-content/profile-pics/3734.jpg,,wordpress-systeem,GONE,wp-system
/wp-content/profile-pics/3847.jpg,,wordpress-systeem,GONE,wp-system
/wp-content/profile-pics/3933.png,,wordpress-systeem,GONE,wp-system
/wp-content/profile-pics/3940.jpg,,wordpress-systeem,GONE,wp-system
/wp-content/profile-pics/4016.jpg,,wordpress-systeem,GONE,wp-system
/wp-content/profile-pics/4154.png,,wordpress-systeem,GONE,wp-system
/wp-content/profile-pics/4227.jpg,,wordpress-systeem,GONE,wp-system
/wp-content/profile-pics/4257.jpg,,wordpress-systeem,GONE,wp-system
/wp-content/profile-pics/4579.jpg,,wordpress-systeem,GONE,wp-system
/wp-content/profile-pics/4639.jpg,,wordpress-systeem,GONE,wp-system
/wp-content/profile-pics/4948.jpg,,wordpress-systeem,GONE,wp-system
/wp-content/profile-pics/4948.png,,wordpress-systeem,GONE,wp-system
/wp-content/profile-pics/5257.jpg,,wordpress-systeem,GONE,wp-system
/wp-content/profile-pics/5499.jpg,,wordpress-systeem,GONE,wp-system
/wp-content/profile-pics/5928.jpg,,wordpress-systeem,GONE,wp-system
/wp-content/profile-pics/5980.jpg,,wordpress-systeem,GONE,wp-system
/wp-content/profile-pics/6189.jpg,,wordpress-systeem,GONE,wp-system
/wp-content/profile-pics/6293.jpg,,wordpress-systeem,GONE,wp-system
/wp-content/profile-pics/63.jpg,,wordpress-systeem,GONE,wp-system
/wp-content/profile-pics/64.jpg,,wordpress-systeem,GONE,wp-system
/wp-content/profile-pics/6707.png,,wordpress-systeem,GONE,wp-system
/wp-content/profile-pics/6840.jpg,,wordpress-systeem,GONE,wp-system
/wp-content/profile-pics/7235.jpg,,wordpress-systeem,GONE,wp-system
/wp-content/profile-pics/7322.jpg,,wordpress-systeem,GONE,wp-system
/wp-content/profile-pics/76.jpg,,wordpress-systeem,GONE,wp-system
/wp-content/profile-pics/7828.jpg,,wordpress-systeem,GONE,wp-system
/wp-content/profile-pics/8117.jpg,,wordpress-systeem,GONE,wp-system
/wp-content/profile-pics/8169.jpg,,wordpress-systeem,GONE,wp-system
/wp-content/profile-pics/917.png,,wordpress-systeem,GONE,wp-system
/wp-content/profile-pics/976.jpg,,wordpress-systeem,GONE,wp-system
/wp-content/themes/Simplista2.9/img/advert_bg.png,,wordpress-systeem,GONE,wp-system
/wp-content/themes/Simplista2.9/img/bg.jpg,,wordpress-systeem,GONE,wp-system
/wp-content/themes/Simplista2.9/img/bottom_div.gif,,wordpress-systeem,GONE,wp-system
/wp-content/themes/Simplista2.9/img/bullet_1.gif,,wordpress-systeem,GONE,wp-system
/wp-content/themes/Simplista2.9/img/bullet_2.gif,,wordpress-systeem,GONE,wp-system
/wp-content/themes/Simplista2.9/img/bullet_3.gif,,wordpress-systeem,GONE,wp-system
/wp-content/themes/Simplista2.9/img/comment_input_email.gif,,wordpress-systeem,GONE,wp-system
/wp-content/themes/Simplista2.9/img/comment_input_name.gif,,wordpress-systeem,GONE,wp-system
/wp-content/themes/Simplista2.9/img/comment_input_website.gif,,wordpress-systeem,GONE,wp-system
/wp-content/themes/Simplista2.9/img/fcenter-footer.png,,wordpress-systeem,GONE,wp-system
/wp-content/themes/Simplista2.9/img/heading4_bg.gif,,wordpress-systeem,GONE,wp-system
/wp-content/themes/Simplista2.9/img/icons/cross.png,,wordpress-systeem,GONE,wp-system
/wp-content/themes/Simplista2.9/img/menu_bg.png,,wordpress-systeem,GONE,wp-system
/wp-content/themes/Simplista2.9/img/menu_buttons.png,,wordpress-systeem,GONE,wp-system
/wp-content/themes/Simplista2.9/img/subscribe.png,,wordpress-systeem,GONE,wp-system
/wp-content/themes/Simplista2.9/img/subscribe_bg.gif,,wordpress-systeem,GONE,wp-system
/wp-content/themes/Simplista2.9/img/topbg_bg.jpg,,wordpress-systeem,GONE,wp-system
/wp-content/themes/Simplista2.9/pagenavi-css.css,,wordpress-systeem,GONE,wp-system
/wp-content/themes/Simplista2.9/style.css,,wordpress-systeem,GONE,wp-system
/wp-content/themes/freesia-empire/assets/wow/css/animate.min.css,,wordpress-systeem,GONE,wp-system
/wp-content/themes/freesia-empire/css/responsive.css,,wordpress-systeem,GONE,wp-system
/wp-content/themes/freesia-empire/genericons/Genericons.eot,,wordpress-systeem,GONE,wp-system
/wp-content/themes/freesia-empire/genericons/Genericons.svg,,wordpress-systeem,GONE,wp-system
/wp-content/themes/freesia-empire/genericons/Genericons.ttf,,wordpress-systeem,GONE,wp-system
/wp-content/themes/freesia-empire/genericons/genericons.css,,wordpress-systeem,GONE,wp-system
/wp-content/themes/freesia-empire/style.css,,wordpress-systeem,GONE,wp-system
/wp-content/uploads/2009/06/Michael-McCullough-300x225.jpg,/media/2009/06/Michael-McCullough.jpg,media,REDIRECT,301 · 1 hop
/wp-content/uploads/2009/06/Michael-McCullough.jpg,/media/2009/06/Michael-McCullough.jpg,media,REDIRECT,301 · 1 hop
/wp-content/uploads/2009/06/Mike-e1274502885912-150x150.jpg,/media/2009/06/Mike-e1274502885912.jpg,media,REDIRECT,301 · 1 hop
/wp-content/uploads/2009/06/Mike-e1274502885912.jpg,/media/2009/06/Mike-e1274502885912.jpg,media,REDIRECT,301 · 1 hop
/wp-content/uploads/2009/06/ie-don-small1.jpg,/media/2009/06/ie-don-small1.jpg,media,REDIRECT,301 · 1 hop
/wp-content/uploads/2009/09/cropped-cupcake_SML-4-180x180.jpg,/media/2009/09/cropped-cupcake_SML-4-180x180.jpg,media,REDIRECT,301 · 1 hop
/wp-content/uploads/2009/09/cropped-cupcake_SML-4-192x192.jpg,/media/2009/09/cropped-cupcake_SML-4-192x192.jpg,media,REDIRECT,301 · 1 hop
/wp-content/uploads/2009/09/cropped-cupcake_SML-4-32x32.jpg,/media/2009/09/cropped-cupcake_SML-4-32x32.jpg,media,REDIRECT,301 · 1 hop
/wp-content/uploads/2011/04/Buy-A-Feature-Results-By-Team-for-TastyCupcakes.org_-150x150.jpg,/media/2011/04/Buy-A-Feature-Results-By-Team-for-TastyCupcakes.org_.jpg,media,REDIRECT,301 · 1 hop
/wp-content/uploads/2011/04/Buy-A-Feature-Results-By-Team-for-TastyCupcakes.org_-839x1024.jpg,/media/2011/04/Buy-A-Feature-Results-By-Team-for-TastyCupcakes.org_.jpg,media,REDIRECT,301 · 1 hop
/wp-content/uploads/2011/04/Buy-A-Feature-Results-By-Team-for-TastyCupcakes.org_.jpg,/media/2011/04/Buy-A-Feature-Results-By-Team-for-TastyCupcakes.org_.jpg,media,REDIRECT,301 · 1 hop
/wp-content/uploads/2011/04/Prune-the-Product-Tree-for-TastyCupcakes.org-2-150x150.jpg,/media/2011/04/Prune-the-Product-Tree-for-TastyCupcakes.org-2.jpg,media,REDIRECT,301 · 1 hop
/wp-content/uploads/2011/04/Prune-the-Product-Tree-for-TastyCupcakes.org-2.jpg,/media/2011/04/Prune-the-Product-Tree-for-TastyCupcakes.org-2.jpg,media,REDIRECT,301 · 1 hop
/wp-content/uploads/2011/04/Prune-the-Product-Tree-for-TastyCupcakes.org-3-150x150.jpg,/media/2011/04/Prune-the-Product-Tree-for-TastyCupcakes.org-3.jpg,media,REDIRECT,301 · 1 hop
/wp-content/uploads/2011/04/Prune-the-Product-Tree-for-TastyCupcakes.org-3.jpg,/media/2011/04/Prune-the-Product-Tree-for-TastyCupcakes.org-3.jpg,media,REDIRECT,301 · 1 hop
/wp-content/uploads/2011/04/Prune-the-Product-Tree-for-TastyCupcakes.org-4-150x150.jpg,/media/2011/04/Prune-the-Product-Tree-for-TastyCupcakes.org-4.jpg,media,REDIRECT,301 · 1 hop
/wp-content/uploads/2011/04/Prune-the-Product-Tree-for-TastyCupcakes.org-4.jpg,/media/2011/04/Prune-the-Product-Tree-for-TastyCupcakes.org-4.jpg,media,REDIRECT,301 · 1 hop
/wp-content/uploads/2011/04/Prune-the-Product-Tree-for-TastyCupcakes.org_-150x150.jpg,/media/2011/04/Prune-the-Product-Tree-for-TastyCupcakes.org_.jpg,media,REDIRECT,301 · 1 hop
/wp-content/uploads/2011/04/Prune-the-Product-Tree-for-TastyCupcakes.org_.jpg,/media/2011/04/Prune-the-Product-Tree-for-TastyCupcakes.org_.jpg,media,REDIRECT,301 · 1 hop
/wp-content/uploads/2011/04/TastyGames-PrintMe.pdf,/downloads/TastyGames-PrintMe.pdf,media,REDIRECT,301 · 1 hop
/wp-content/uploads/2011/04/logo-org.png,/media/2011/04/logo-org.png,media,REDIRECT,301 · 1 hop
/wp-content/uploads/2011/05/logo-newTagline.png,/media/2011/05/logo-newTagline.png,media,REDIRECT,301 · 1 hop
/wp-content/uploads/2011/06/TestBalloon.png,/media/2011/06/TestBalloon.png,media,REDIRECT,301 · 1 hop
/wp-content/uploads/2011/07/Agile_Airplane-300x122.jpg,/media/2011/07/Agile_Airplane.jpg,media,REDIRECT,301 · 1 hop
/wp-content/uploads/2011/07/Agile_Airplane.jpg,/media/2011/07/Agile_Airplane.jpg,media,REDIRECT,301 · 1 hop
/wp-content/uploads/2011/07/DoDontIsIsnt-300x225.png,/media/2011/07/DoDontIsIsnt.png,media,REDIRECT,301 · 1 hop
/wp-content/uploads/2011/07/DoDontIsIsnt.png,/media/2011/07/DoDontIsIsnt.png,media,REDIRECT,301 · 1 hop
/wp-content/uploads/2011/07/PLAID.png,/media/2011/07/PLAID.png,media,REDIRECT,301 · 1 hop
/wp-content/uploads/2011/10/finished-cube-real-1-150x150.jpg,/media/2011/10/finished-cube-real-1.jpg,media,REDIRECT,301 · 1 hop
/wp-content/uploads/2011/10/finished-cube-real-1-300x199.jpg,/media/2011/10/finished-cube-real-1.jpg,media,REDIRECT,301 · 1 hop
/wp-content/uploads/2011/10/finished-cube-real-1.jpg,/media/2011/10/finished-cube-real-1.jpg,media,REDIRECT,301 · 1 hop
/wp-content/uploads/2011/10/finished-cube-real-2-150x150.jpg,/media/2011/10/finished-cube-real-2.jpg,media,REDIRECT,301 · 1 hop
/wp-content/uploads/2011/10/finished-cube-real-2-300x199.jpg,/media/2011/10/finished-cube-real-2.jpg,media,REDIRECT,301 · 1 hop
/wp-content/uploads/2011/10/finished-cube-real-2.jpg,/media/2011/10/finished-cube-real-2.jpg,media,REDIRECT,301 · 1 hop
/wp-content/uploads/2011/10/finished-cube-real-3-150x150.jpg,/media/2011/10/finished-cube-real-3.jpg,media,REDIRECT,301 · 1 hop
/wp-content/uploads/2011/10/finished-cube-real-3-300x199.jpg,/media/2011/10/finished-cube-real-3.jpg,media,REDIRECT,301 · 1 hop
/wp-content/uploads/2011/10/finished-cube-real-3.jpg,/media/2011/10/finished-cube-real-3.jpg,media,REDIRECT,301 · 1 hop
/wp-content/uploads/2011/10/finished-cube-real-4-150x150.jpg,/media/2011/10/finished-cube-real-4.jpg,media,REDIRECT,301 · 1 hop
/wp-content/uploads/2011/10/finished-cube-real-4-300x199.jpg,/media/2011/10/finished-cube-real-4.jpg,media,REDIRECT,301 · 1 hop
/wp-content/uploads/2011/10/finished-cube-real-4.jpg,/media/2011/10/finished-cube-real-4.jpg,media,REDIRECT,301 · 1 hop
/wp-content/uploads/2012/02/d.schools-Redesign-the-Gift-Giving-Experience_ru.pdf,/downloads/d.schools-Redesign-the-Gift-Giving-Experience_ru.pdf,media,REDIRECT,301 · 1 hop
/wp-content/uploads/2012/03/IMG_0388-150x150.jpg,/media/2012/03/IMG_0388.jpg,media,REDIRECT,301 · 1 hop
/wp-content/uploads/2012/03/IMG_0388.jpg,/media/2012/03/IMG_0388.jpg,media,REDIRECT,301 · 1 hop
/wp-content/uploads/2012/03/IMG_0389-150x150.jpg,/media/2012/03/IMG_0389.jpg,media,REDIRECT,301 · 1 hop
/wp-content/uploads/2012/03/IMG_0389.jpg,/media/2012/03/IMG_0389.jpg,media,REDIRECT,301 · 1 hop
/wp-content/uploads/2012/03/IMG_0390-150x150.jpg,/media/2012/03/IMG_0390.jpg,media,REDIRECT,301 · 1 hop
/wp-content/uploads/2012/03/IMG_0390.jpg,/media/2012/03/IMG_0390.jpg,media,REDIRECT,301 · 1 hop
/wp-content/uploads/2012/03/IMG_0391-150x150.jpg,/media/2012/03/IMG_0391.jpg,media,REDIRECT,301 · 1 hop
/wp-content/uploads/2012/03/IMG_0391.jpg,/media/2012/03/IMG_0391.jpg,media,REDIRECT,301 · 1 hop
/wp-content/uploads/2012/03/IMG_0392-150x150.jpg,/media/2012/03/IMG_0392.jpg,media,REDIRECT,301 · 1 hop
/wp-content/uploads/2012/03/IMG_0392.jpg,/media/2012/03/IMG_0392.jpg,media,REDIRECT,301 · 1 hop
/wp-content/uploads/2012/03/IMG_0393-150x150.jpg,/media/2012/03/IMG_0393.jpg,media,REDIRECT,301 · 1 hop
/wp-content/uploads/2012/03/IMG_0393.jpg,/media/2012/03/IMG_0393.jpg,media,REDIRECT,301 · 1 hop
/wp-content/uploads/2012/03/IMG_0394-150x150.jpg,/media/2012/03/IMG_0394.jpg,media,REDIRECT,301 · 1 hop
/wp-content/uploads/2012/03/IMG_0394.jpg,/media/2012/03/IMG_0394.jpg,media,REDIRECT,301 · 1 hop
/wp-content/uploads/2012/05/money-150x150.jpg,/media/2012/05/money-150x150.jpg,media,REDIRECT,301 · 1 hop
/wp-content/uploads/2012/05/money-201x300.jpg,/media/2012/05/money-201x300.jpg,media,REDIRECT,301 · 1 hop
/wp-content/uploads/2012/05/photo-20-300x225.jpg,/media/2012/05/photo-20.jpg,media,REDIRECT,301 · 1 hop
/wp-content/uploads/2012/05/photo-20.jpg,/media/2012/05/photo-20.jpg,media,REDIRECT,301 · 1 hop
/wp-content/uploads/2012/06/JoyOrJob-e1338823501839.jpg,/media/2012/06/JoyOrJob-e1338823501839.jpg,media,REDIRECT,301 · 1 hop
/wp-content/uploads/2012/08/die_card_die1-300x225.jpg,/media/2012/08/die_card_die1.jpg,media,REDIRECT,301 · 1 hop
/wp-content/uploads/2012/08/die_card_die1.jpg,/media/2012/08/die_card_die1.jpg,media,REDIRECT,301 · 1 hop
/wp-content/uploads/2012/10/35-150x150.jpg,/media/2012/10/35-150x150.jpg,media,REDIRECT,301 · 1 hop
/wp-content/uploads/2012/10/Sinking-Celebrities-150x150.jpg,/media/2012/10/Sinking-Celebrities-150x150.jpg,media,REDIRECT,301 · 1 hop
/wp-content/uploads/2012/11/2012-11-06-10.23.07-300x225.jpg,/media/2012/11/2012-11-06-10.23.07-300x225.jpg,media,REDIRECT,301 · 1 hop
/wp-content/uploads/2012/11/2012-11-06-10.23.14-300x225.jpg,/media/2012/11/2012-11-06-10.23.14-300x225.jpg,media,REDIRECT,301 · 1 hop
/wp-content/uploads/2012/11/2012-11-06-10.40.29-300x225.jpg,/media/2012/11/2012-11-06-10.40.29-300x225.jpg,media,REDIRECT,301 · 1 hop
/wp-content/uploads/2012/11/Screen-Shot-2012-11-07-at-22.01.41-214x300.png,/media/2012/11/Screen-Shot-2012-11-07-at-22.01.41-214x300.png,media,REDIRECT,301 · 1 hop
/wp-content/uploads/2013/07/2013-07-02-09.55.14.jpg,/media/2013/07/2013-07-02-09.55.14.jpg,media,REDIRECT,301 · 1 hop
/wp-content/uploads/2013/07/TestBalloon-FR.png,/media/2013/07/TestBalloon-FR.png,media,REDIRECT,301 · 1 hop
/wp-content/uploads/2013/08/Event-cards.pdf,/downloads/Event-cards.pdf,media,REDIRECT,301 · 1 hop
/wp-content/uploads/2013/08/Expedite-story-cards.pdf,/downloads/Expedite-story-cards.pdf,media,REDIRECT,301 · 1 hop
/wp-content/uploads/2013/08/Fixed-date-story-cards.pdf,/downloads/Fixed-date-story-cards.pdf,media,REDIRECT,301 · 1 hop
/wp-content/uploads/2013/08/Standard-story-cards.pdf,/downloads/Standard-story-cards.pdf,media,REDIRECT,301 · 1 hop
/wp-content/uploads/2013/09/Mind-reader-game-elinor-slomba-with-independent-software-team-300x223.jpg,/media/2013/09/Mind-reader-game-elinor-slomba-with-independent-software-team.jpg,media,REDIRECT,301 · 1 hop
/wp-content/uploads/2013/09/Mind-reader-game-elinor-slomba-with-independent-software-team.jpg,/media/2013/09/Mind-reader-game-elinor-slomba-with-independent-software-team.jpg,media,REDIRECT,301 · 1 hop
/wp-content/uploads/2014/01/ScrumResponsibilitiesGame-300x224.jpg,/media/2014/01/ScrumResponsibilitiesGame.jpg,media,REDIRECT,301 · 1 hop
/wp-content/uploads/2014/01/ScrumResponsibilitiesGame-660x492.jpg,/media/2014/01/ScrumResponsibilitiesGame.jpg,media,REDIRECT,301 · 1 hop
/wp-content/uploads/2014/01/ScrumResponsibilitiesGame.jpg,/media/2014/01/ScrumResponsibilitiesGame.jpg,media,REDIRECT,301 · 1 hop
/wp-content/uploads/2014/06/Picture1-300x256.png,/media/2014/06/Picture1.png,media,REDIRECT,301 · 1 hop
/wp-content/uploads/2014/06/Picture1.png,/media/2014/06/Picture1.png,media,REDIRECT,301 · 1 hop
/wp-content/uploads/2014/08/the-newlywed-game-results-225x300.jpg,/media/2014/08/the-newlywed-game-results-225x300.jpg,media,REDIRECT,301 · 1 hop
/wp-content/uploads/2014/11/IMG_4141-300x225.jpg,/media/2014/11/IMG_4141.jpg,media,REDIRECT,301 · 1 hop
/wp-content/uploads/2014/11/IMG_4141.jpg,/media/2014/11/IMG_4141.jpg,media,REDIRECT,301 · 1 hop
/wp-content/uploads/2014/12/Team-Trust-Canvas-ENG-300x211.jpg,/media/2014/12/Team-Trust-Canvas-ENG.jpg,media,REDIRECT,301 · 1 hop
/wp-content/uploads/2014/12/Team-Trust-Canvas-ENG.jpg,/media/2014/12/Team-Trust-Canvas-ENG.jpg,media,REDIRECT,301 · 1 hop
/wp-content/uploads/2015/01/Image-for-3.2-section-300x214.png,/media/2015/01/Image-for-3.2-section.png,media,REDIRECT,301 · 1 hop
/wp-content/uploads/2015/01/Image-for-3.2-section.png,/media/2015/01/Image-for-3.2-section.png,media,REDIRECT,301 · 1 hop
/wp-content/uploads/2015/01/Image-for-5.2-section-300x167.png,/media/2015/01/Image-for-5.2-section.png,media,REDIRECT,301 · 1 hop
/wp-content/uploads/2015/01/Image-for-5.2-section.png,/media/2015/01/Image-for-5.2-section.png,media,REDIRECT,301 · 1 hop
/wp-content/uploads/2015/01/Image-for-6.3-section-300x235.png,/media/2015/01/Image-for-6.3-section.png,media,REDIRECT,301 · 1 hop
/wp-content/uploads/2015/01/Image-for-6.3-section.png,/media/2015/01/Image-for-6.3-section.png,media,REDIRECT,301 · 1 hop
/wp-content/uploads/2015/03/Evernote-Camera-Roll-20150325-171233-150x150.jpg,/media/2015/03/Evernote-Camera-Roll-20150325-171233.jpg,media,REDIRECT,301 · 1 hop
/wp-content/uploads/2015/03/Evernote-Camera-Roll-20150325-171233-225x300.jpg,/media/2015/03/Evernote-Camera-Roll-20150325-171233.jpg,media,REDIRECT,301 · 1 hop
/wp-content/uploads/2015/03/Evernote-Camera-Roll-20150325-171233.jpg,/media/2015/03/Evernote-Camera-Roll-20150325-171233.jpg,media,REDIRECT,301 · 1 hop
/wp-content/uploads/2015/05/Telestrations1-300x192.jpg,/media/2015/05/Telestrations1-300x192.jpg,media,REDIRECT,301 · 1 hop
/wp-content/uploads/2015/07/Penny_Grid-660x199.png,/media/2015/07/Penny_Grid-660x199.png,media,REDIRECT,301 · 1 hop
/wp-content/uploads/2015/07/pennies.jpg,/media/2015/07/pennies.jpg,media,REDIRECT,301 · 1 hop
/wp-content/uploads/2015/08/image.png,/media/2015/08/image.png,media,REDIRECT,301 · 1 hop
/wp-content/uploads/2015/08/image1.png,/media/2015/08/image1.png,media,REDIRECT,301 · 1 hop
/wp-content/uploads/2015/08/image2.png,/media/2015/08/image2.png,media,REDIRECT,301 · 1 hop
/wp-content/uploads/2015/08/image3.png,/media/2015/08/image3.png,media,REDIRECT,301 · 1 hop
/wp-content/uploads/2015/08/image_thumb.png,/media/2015/08/image_thumb.png,media,REDIRECT,301 · 1 hop
/wp-content/uploads/2015/08/image_thumb1.png,/media/2015/08/image_thumb1.png,media,REDIRECT,301 · 1 hop
/wp-content/uploads/2015/08/image_thumb2.png,/media/2015/08/image_thumb2.png,media,REDIRECT,301 · 1 hop
/wp-content/uploads/2015/08/image_thumb3.png,/media/2015/08/image_thumb3.png,media,REDIRECT,301 · 1 hop
/wp-content/uploads/2015/09/GauntletLayout1-300x187.png,/media/2015/09/GauntletLayout1.png,media,REDIRECT,301 · 1 hop
/wp-content/uploads/2015/09/GauntletLayout1.png,/media/2015/09/GauntletLayout1.png,media,REDIRECT,301 · 1 hop
/wp-content/uploads/2015/09/Running_the_gauntlet-187x300.jpg,/media/2015/09/Running_the_gauntlet.jpg,media,REDIRECT,301 · 1 hop
/wp-content/uploads/2015/09/Running_the_gauntlet.jpg,/media/2015/09/Running_the_gauntlet.jpg,media,REDIRECT,301 · 1 hop
/wp-content/uploads/2015/09/done-211x300.png,/media/2015/09/done.png,media,REDIRECT,301 · 1 hop
/wp-content/uploads/2015/09/done.png,/media/2015/09/done.png,media,REDIRECT,301 · 1 hop
/wp-content/uploads/2015/09/gauntletReqs-225x300.png,/media/2015/09/gauntletReqs.png,media,REDIRECT,301 · 1 hop
/wp-content/uploads/2015/09/gauntletReqs.png,/media/2015/09/gauntletReqs.png,media,REDIRECT,301 · 1 hop
/wp-content/uploads/2015/09/positioning1-300x146.png,/media/2015/09/positioning1.png,media,REDIRECT,301 · 1 hop
/wp-content/uploads/2015/09/positioning1-660x321.png,/media/2015/09/positioning1.png,media,REDIRECT,301 · 1 hop
/wp-content/uploads/2015/09/positioning1.png,/media/2015/09/positioning1.png,media,REDIRECT,301 · 1 hop
/wp-content/uploads/2015/09/todototest-242x300.png,/media/2015/09/todototest.png,media,REDIRECT,301 · 1 hop
/wp-content/uploads/2015/09/todototest.png,/media/2015/09/todototest.png,media,REDIRECT,301 · 1 hop
/wp-content/uploads/2015/10/4Ls-300x215.png,/media/2015/10/4Ls.png,media,REDIRECT,301 · 1 hop
/wp-content/uploads/2015/10/4Ls.png,/media/2015/10/4Ls.png,media,REDIRECT,301 · 1 hop
/wp-content/uploads/2015/12/WP_20151216_003-168x300.jpg,/media/2015/12/WP_20151216_003-168x300.jpg,media,REDIRECT,301 · 1 hop
/wp-content/uploads/2016/02/DSC_0580_-300x168.jpg,/media/2016/02/DSC_0580_-300x168.jpg,media,REDIRECT,301 · 1 hop
/wp-content/uploads/2016/02/DSC_0584-300x168.jpg,/media/2016/02/DSC_0584-300x168.jpg,media,REDIRECT,301 · 1 hop
/wp-content/uploads/2016/02/rounded-cards-advert-v2-660x198.png,/media/2016/02/rounded-cards-advert-v2-660x198.png,media,REDIRECT,301 · 1 hop
/wp-content/uploads/2016/06/20160426_115818-e1464798626481-168x300.jpg,/media/2016/06/20160426_115818-e1464798626481-168x300.jpg,media,REDIRECT,301 · 1 hop
/wp-content/uploads/2016/06/20160426_121646-e1464799168882-300x168.jpg,/media/2016/06/20160426_121646-e1464799168882-300x168.jpg,media,REDIRECT,301 · 1 hop
/wp-content/uploads/2016/06/20160426_121654-e1464798823356-168x300.jpg,/media/2016/06/20160426_121654-e1464798823356-168x300.jpg,media,REDIRECT,301 · 1 hop
/wp-content/uploads/2016/06/20160426_121700-e1464800305605-300x168.jpg,/media/2016/06/20160426_121700-e1464800305605-300x168.jpg,media,REDIRECT,301 · 1 hop
/wp-content/uploads/2016/06/20160426_123632-e1464801334633-168x300.jpg,/media/2016/06/20160426_123632-e1464801334633-168x300.jpg,media,REDIRECT,301 · 1 hop
/wp-content/uploads/2016/06/20160426_124707-300x168.jpg,/media/2016/06/20160426_124707-300x168.jpg,media,REDIRECT,301 · 1 hop
/wp-content/uploads/2016/06/20160426_124717-300x168.jpg,/media/2016/06/20160426_124717-300x168.jpg,media,REDIRECT,301 · 1 hop
/wp-content/uploads/2016/06/Logo.png,/media/2016/06/Logo.png,media,REDIRECT,301 · 1 hop
/wp-content/uploads/2016/06/Rules01.jpg,/media/2016/06/Rules01.jpg,media,REDIRECT,301 · 1 hop
/wp-content/uploads/2016/06/ScrumCardGame-logo.png,/media/2016/06/ScrumCardGame-logo.png,media,REDIRECT,301 · 1 hop
/wp-content/uploads/2016/06/Slide22.png,/media/2016/06/Slide22.png,media,REDIRECT,301 · 1 hop
/wp-content/uploads/2016/06/Slide3.png,/media/2016/06/Slide3.png,media,REDIRECT,301 · 1 hop
/wp-content/uploads/2016/06/Slide4.png,/media/2016/06/Slide4.png,media,REDIRECT,301 · 1 hop
/wp-content/uploads/2016/06/cardset-300x141.jpg,/media/2016/06/cardset-300x141.jpg,media,REDIRECT,301 · 1 hop
/wp-content/uploads/2016/06/image001.png,/media/2016/06/image001.png,media,REDIRECT,301 · 1 hop
/wp-content/uploads/2016/06/image003-150x150.png,/media/2016/06/image003-150x150.png,media,REDIRECT,301 · 1 hop
/wp-content/uploads/2016/06/image005.png,/media/2016/06/image005.png,media,REDIRECT,301 · 1 hop
/wp-content/uploads/2016/06/image007.png,/media/2016/06/image007.png,media,REDIRECT,301 · 1 hop
/wp-content/uploads/2016/06/image009-188x300.png,/media/2016/06/image009-188x300.png,media,REDIRECT,301 · 1 hop
/wp-content/uploads/2016/06/image011-660x440.png,/media/2016/06/image011-660x440.png,media,REDIRECT,301 · 1 hop
/wp-content/uploads/2016/07/Animal-Backlog2.pptx,/downloads/Animal-Backlog2.pptx,media,REDIRECT,301 · 1 hop
/wp-content/uploads/2016/07/DoD-NFRs.pdf,/downloads/DoD-NFRs.pdf,media,REDIRECT,301 · 1 hop
/wp-content/uploads/2016/07/NexusZoo-300x156.jpg,/media/2016/07/NexusZoo-300x156.jpg,media,REDIRECT,301 · 1 hop
/wp-content/uploads/2016/08/storycubes-1-660x331.jpg,/media/2016/08/storycubes-1-660x331.jpg,media,REDIRECT,301 · 1 hop
/wp-content/uploads/2016/08/storycubes-2-300x287.jpg,/media/2016/08/storycubes-2-300x287.jpg,media,REDIRECT,301 · 1 hop
/wp-content/uploads/2016/09/picture-300x166.png,/media/2016/09/picture-300x166.png,media,REDIRECT,301 · 1 hop
/wp-content/uploads/2016/12/Lego-Team-Building-660x468.png,/media/2016/12/Lego-Team-Building-660x468.png,media,REDIRECT,301 · 1 hop
/wp-content/uploads/2017/02/CC-SA4.01-300x135.png,/media/2017/02/CC-SA4.01.png,media,REDIRECT,301 · 1 hop
/wp-content/uploads/2017/02/CC-SA4.01.png,/media/2017/02/CC-SA4.01.png,media,REDIRECT,301 · 1 hop
/wp-content/uploads/2017/04/Star-Connect1.pdf,/downloads/Star-Connect1.pdf,media,REDIRECT,301 · 1 hop
/wp-content/uploads/2017/05/IMG_20160428_140728_HDR.jpg,/media/2017/05/IMG_20160428_140728_HDR.jpg,media,REDIRECT,301 · 1 hop
/wp-content/uploads/2017/06/Journey-Line-template.pdf,/downloads/Journey-Line-template.pdf,media,REDIRECT,301 · 1 hop
/wp-content/uploads/2017/07/Step1-176x300.png,/media/2017/07/Step1.png,media,REDIRECT,301 · 1 hop
/wp-content/uploads/2017/07/Step1.png,/media/2017/07/Step1.png,media,REDIRECT,301 · 1 hop
/wp-content/uploads/2017/07/Step2-194x300.png,/media/2017/07/Step2-194x300.png,media,REDIRECT,301 · 1 hop
/wp-content/uploads/2017/07/Step31-186x300.png,/media/2017/07/Step31.png,media,REDIRECT,301 · 1 hop
/wp-content/uploads/2017/07/Step31.png,/media/2017/07/Step31.png,media,REDIRECT,301 · 1 hop
/wp-content/uploads/2017/07/Step4-171x300.png,/media/2017/07/Step4.png,media,REDIRECT,301 · 1 hop
/wp-content/uploads/2017/07/Step4.png,/media/2017/07/Step4.png,media,REDIRECT,301 · 1 hop
/wp-content/uploads/2017/07/Step5-221x300.png,/media/2017/07/Step5.png,media,REDIRECT,301 · 1 hop
/wp-content/uploads/2017/07/Step5.png,/media/2017/07/Step5.png,media,REDIRECT,301 · 1 hop
/wp-content/uploads/2017/09/Materials-300x140.png,/media/2017/09/Materials-300x140.png,media,REDIRECT,301 · 1 hop
/wp-content/uploads/2017/09/Rnd1-300x100.png,/media/2017/09/Rnd1-300x100.png,media,REDIRECT,301 · 1 hop
/wp-content/uploads/2017/09/Rnd2-L-300x98.png,/media/2017/09/Rnd2-L-300x98.png,media,REDIRECT,301 · 1 hop
/wp-content/uploads/2017/09/steps-300x200.png,/media/2017/09/steps-300x200.png,media,REDIRECT,301 · 1 hop
/wp-content/uploads/2017/10/Exp-300x163.png,/media/2017/10/Exp-300x163.png,media,REDIRECT,301 · 1 hop
/wp-content/uploads/2017/10/Rnd-TB-300x171.png,/media/2017/10/Rnd-TB-300x171.png,media,REDIRECT,301 · 1 hop
/wp-content/uploads/2017/10/Rnd3-L-300x97.png,/media/2017/10/Rnd3-L-300x97.png,media,REDIRECT,301 · 1 hop
/wp-content/uploads/2017/10/Rnd3-L21-300x167.png,/media/2017/10/Rnd3-L21-300x167.png,media,REDIRECT,301 · 1 hop
/wp-content/uploads/2017/10/Rnd4-300x116.png,/media/2017/10/Rnd4-300x116.png,media,REDIRECT,301 · 1 hop
/wp-content/uploads/2017/10/Rnd5-300x122.png,/media/2017/10/Rnd5-300x122.png,media,REDIRECT,301 · 1 hop
/wp-content/uploads/2017/10/Rnd6-300x269.png,/media/2017/10/Rnd6-300x269.png,media,REDIRECT,301 · 1 hop
/wp-content/uploads/2017/10/policies-300x175.png,/media/2017/10/policies-300x175.png,media,REDIRECT,301 · 1 hop
/wp-content/uploads/2018/07/mindset-300x156.png,/media/2018/07/mindset-300x156.png,media,REDIRECT,301 · 1 hop
/wp-content/uploads/2018/08/Book.Draw-Cover-Front-small-210x300.png,/media/2018/08/Book.Draw-Cover-Front-small-210x300.png,media,REDIRECT,301 · 1 hop
/wp-content/uploads/2018/08/IMG_20170409_111645-300x222.jpg,/media/2018/08/IMG_20170409_111645-300x222.jpg,media,REDIRECT,301 · 1 hop
/wp-content/uploads/2018/08/Scan_Pic0012-276x300.png,/media/2018/08/Scan_Pic0012.png,media,REDIRECT,301 · 1 hop
/wp-content/uploads/2018/08/Scan_Pic0012.png,/media/2018/08/Scan_Pic0012.png,media,REDIRECT,301 · 1 hop
/wp-content/uploads/2018/08/Scan_Pic0017-276x300.png,/media/2018/08/Scan_Pic0017-276x300.png,media,REDIRECT,301 · 1 hop
/wp-content/uploads/2019/01/21-Jedi-e1546392063415-300x300.jpg,/media/2019/01/21-Jedi-e1546392063415-300x300.jpg,media,REDIRECT,301 · 1 hop
/wp-content/uploads/2019/01/Ingredients.pptx,/downloads/Ingredients.pptx,media,REDIRECT,301 · 1 hop
/wp-content/uploads/2019/01/Set_Of_Token.pptx,/downloads/Set_Of_Token.pptx,media,REDIRECT,301 · 1 hop
/wp-content/uploads/2019/02/clown-wide-1.jpg,/media/2019/02/clown-wide-1.jpg,media,REDIRECT,301 · 1 hop
/wp-content/uploads/2019/03/image-1-660x185.png,/media/2019/03/image-1-660x185.png,media,REDIRECT,301 · 1 hop
/wp-content/uploads/2019/03/image-2-660x309.png,/media/2019/03/image-2-660x309.png,media,REDIRECT,301 · 1 hop
/wp-content/uploads/2019/03/image.png,/media/2019/03/image.png,media,REDIRECT,301 · 1 hop
/wp-content/uploads/2019/04/MVIMG_20190416_163414.jpg,/media/2019/04/MVIMG_20190416_163414.jpg,media,REDIRECT,301 · 1 hop
/wp-content/uploads/2019/08/museum-398761_1280.jpg,/media/2019/08/museum-398761_1280.jpg,media,REDIRECT,301 · 1 hop
/wp-content/uploads/2019/10/magic-mazer.jpg,/media/2019/10/magic-mazer.jpg,media,REDIRECT,301 · 1 hop
/wp-content/uploads/2019/11/IMG_6469-scaled.jpg,/media/2019/11/IMG_6469-scaled.jpg,media,REDIRECT,301 · 1 hop
/wp-content/uploads/2019/11/stoneagegamecover.jpg,/media/2019/11/stoneagegamecover.jpg,media,REDIRECT,301 · 1 hop
/wp-content/uploads/2019/12/don-listens.jpeg,/media/2019/12/don-listens.jpeg,media,REDIRECT,301 · 1 hop
/wp-content/uploads/2019/12/hero-1.jpeg,/media/2019/12/hero-1.jpeg,media,REDIRECT,301 · 1 hop
/wp-content/uploads/2020/02/ScrumWorkflow-3-1000.png,/media/2020/02/ScrumWorkflow-3-1000.png,media,REDIRECT,301 · 1 hop
/wp-content/uploads/2020/02/ValerioZanini-3-Vertical-300.jpg,/media/2020/02/ValerioZanini-3-Vertical-300.jpg,media,REDIRECT,301 · 1 hop
/wp-content/uploads/2020/03/Timofey_Yevgrashyn_square.jpeg,/media/2020/03/Timofey_Yevgrashyn_square.jpeg,media,REDIRECT,301 · 1 hop
/wp-content/uploads/2020/04/Laisa-de-Almeida.jpg,/media/2020/04/Laisa-de-Almeida.jpg,media,REDIRECT,301 · 1 hop
/wp-content/uploads/2020/06/0274d411386a9f2abcf81a7774aa6103-1.png,/media/2020/06/0274d411386a9f2abcf81a7774aa6103-1.png,media,REDIRECT,301 · 1 hop
/wp-content/uploads/2020/06/Me.png,/media/2020/06/Me.png,media,REDIRECT,301 · 1 hop
/wp-content/uploads/2020/06/anxiety-party.png,/media/2020/06/anxiety-party.png,media,REDIRECT,301 · 1 hop
/wp-content/uploads/2020/06/hari_cropped.jpg,/media/2020/06/hari_cropped.jpg,media,REDIRECT,301 · 1 hop
/wp-content/uploads/2020/06/online-pen-challenge-kikker.jpg,/media/2020/06/online-pen-challenge-kikker.jpg,media,REDIRECT,301 · 1 hop
/wp-content/uploads/2020/06/thomas_portrait.-scaled.jpg,/media/2020/06/thomas_portrait.-scaled.jpg,media,REDIRECT,301 · 1 hop
/wp-content/uploads/2020/11/SimAgile-Logo.png,/media/2020/11/SimAgile-Logo.png,media,REDIRECT,301 · 1 hop
/wp-content/uploads/2021/01/LAwPaul-Profile.jpg,/media/2021/01/LAwPaul-Profile.jpg,media,REDIRECT,301 · 1 hop
/wp-content/uploads/2021/01/Scrum_Coin_Game_Piggy-Bank_Wallet-Piggy_Bank-to_Wallet-1.png,/media/2021/01/Scrum_Coin_Game_Piggy-Bank_Wallet-Piggy_Bank-to_Wallet-1.png,media,REDIRECT,301 · 1 hop
/wp-content/uploads/2021/02/teamgram-icon.png,/media/2021/02/teamgram-icon.png,media,REDIRECT,301 · 1 hop
/wp-content/uploads/2022/01/Stakeholder-1.jpg,/media/2022/01/Stakeholder-1.jpg,media,REDIRECT,301 · 1 hop
/wp-content/uploads/2022/08/2BB24291-8A80-4269-A35A-5C3A2D9E85F0-scaled.jpeg,/media/2022/08/2BB24291-8A80-4269-A35A-5C3A2D9E85F0-scaled.jpeg,media,REDIRECT,301 · 1 hop
/wp-content/uploads/2022/08/963037B2-9C85-42EB-86A2-46026D05C6F6-scaled.jpeg,/media/2022/08/963037B2-9C85-42EB-86A2-46026D05C6F6-scaled.jpeg,media,REDIRECT,301 · 1 hop
/wp-content/uploads/2022/08/Anja-garten.png,/media/2022/08/Anja-garten.png,media,REDIRECT,301 · 1 hop
/wp-content/uploads/2022/08/Christian.jpg,/media/2022/08/Christian.jpg,media,REDIRECT,301 · 1 hop
/wp-content/uploads/2022/08/IMG_8267-660x262.jpg,/media/2022/08/IMG_8267-660x262.jpg,media,REDIRECT,301 · 1 hop
/wp-content/uploads/2022/08/IMG_8267-scaled.jpg,/media/2022/08/IMG_8267-scaled.jpg,media,REDIRECT,301 · 1 hop
/wp-content/uploads/2022/08/Leadersheep-Appreciation-Cards-scaled.jpg,/media/2022/08/Leadersheep-Appreciation-Cards-scaled.jpg,media,REDIRECT,301 · 1 hop
/wp-content/uploads/2022/08/Leadersheep-Appreciation-scaled.jpg,/media/2022/08/Leadersheep-Appreciation-scaled.jpg,media,REDIRECT,301 · 1 hop
/wp-content/uploads/2022/08/Leadersheep-Challenge-Cards-scaled.jpg,/media/2022/08/Leadersheep-Challenge-Cards-scaled.jpg,media,REDIRECT,301 · 1 hop
/wp-content/uploads/2022/08/Screenshot-2022-08-23-at-6.36.23-PM-660x313.png,/media/2022/08/Screenshot-2022-08-23-at-6.36.23-PM-660x313.png,media,REDIRECT,301 · 1 hop
/wp-content/uploads/2022/09/estimation-game-cup-of-tea.png,/media/2022/09/estimation-game-cup-of-tea.png,media,REDIRECT,301 · 1 hop
/wp-content/uploads/2022/09/retro-sailboat-game.png,/media/2022/09/retro-sailboat-game.png,media,REDIRECT,301 · 1 hop
/wp-content/uploads/2022/10/Motivationsposter-660x502.jpeg,/media/2022/10/Motivationsposter-660x502.jpeg,media,REDIRECT,301 · 1 hop
/wp-content/uploads/2022/10/Munzen-1.jpeg,/media/2022/10/Munzen-1.jpeg,media,REDIRECT,301 · 1 hop
/wp-content/uploads/2022/10/Munzen-660x312.jpeg,/media/2022/10/Munzen-660x312.jpeg,media,REDIRECT,301 · 1 hop
/wp-content/uploads/2022/10/agile-mindset.png,/media/2022/10/agile-mindset.png,media,REDIRECT,301 · 1 hop
/wp-content/uploads/2022/12/wytiwyg.jpg,/media/2022/12/wytiwyg.jpg,media,REDIRECT,301 · 1 hop
/wp-content/uploads/2023/01/image-1-564x660.png,/media/2023/01/image-1-564x660.png,media,REDIRECT,301 · 1 hop
/wp-content/uploads/2023/01/image-2-502x660.png,/media/2023/01/image-2-502x660.png,media,REDIRECT,301 · 1 hop
/wp-content/uploads/2023/01/image-3.png,/media/2023/01/image-3.png,media,REDIRECT,301 · 1 hop
/wp-content/uploads/2023/01/image-4.png,/media/2023/01/image-4.png,media,REDIRECT,301 · 1 hop
/wp-content/uploads/2023/01/image-5.png,/media/2023/01/image-5.png,media,REDIRECT,301 · 1 hop
/wp-content/uploads/2023/03/Clue-Retro-660x371.png,/media/2023/03/Clue-Retro-660x371.png,media,REDIRECT,301 · 1 hop
/wp-content/uploads/2023/03/Zrzut-ekranu-2023-03-20-o-16.21.56-660x310.png,/media/2023/03/Zrzut-ekranu-2023-03-20-o-16.21.56-660x310.png,media,REDIRECT,301 · 1 hop
/wp-content/uploads/2023/03/Zrzut-ekranu-2023-03-21-o-08.22.27.png,/media/2023/03/Zrzut-ekranu-2023-03-21-o-08.22.27.png,media,REDIRECT,301 · 1 hop
/wp-content/uploads/2023/03/Zrzut-ekranu-2023-03-21-o-20.25.24-628x660.png,/media/2023/03/Zrzut-ekranu-2023-03-21-o-20.25.24-628x660.png,media,REDIRECT,301 · 1 hop
/wp-content/uploads/2023/04/Being-Agile-Canvassm.jpg,/media/2023/04/Being-Agile-Canvassm.jpg,media,REDIRECT,301 · 1 hop
/wp-content/uploads/2023/04/Points-Of-View-660x329.png,/media/2023/04/Points-Of-View.png,media,REDIRECT,301 · 1 hop
/wp-content/uploads/2023/04/Points-Of-View.png,/media/2023/04/Points-Of-View.png,media,REDIRECT,301 · 1 hop
/wp-content/uploads/tdomf/2005/FearlessJourney_v1.0_WhereToGetTheGame.pdf,/downloads/FearlessJourney_v1.0_WhereToGetTheGame.pdf,media,REDIRECT,301 · 1 hop
/wp-content/uploads/tdomf/6138/PPP.jpg,/media/tdomf/6138/PPP.jpg,media,REDIRECT,301 · 1 hop
/wp-includes/css/classic-themes.min.css,,wordpress-systeem,GONE,wp-system
/wp-includes/css/dist/block-library/style.min.css,,wordpress-systeem,GONE,wp-system
/wp-includes/images/smilies/icon_biggrin.gif,,wordpress-systeem,GONE,wp-system
/wp-includes/images/smilies/icon_razz.gif,,wordpress-systeem,GONE,wp-system
/wp-includes/images/smilies/icon_sad.gif,,wordpress-systeem,GONE,wp-system
/wp-includes/images/smilies/icon_smile.gif,,wordpress-systeem,GONE,wp-system
/wp-includes/images/smilies/icon_wink.gif,,wordpress-systeem,GONE,wp-system
/wp-includes/wlwmanifest.xml,,wordpress-systeem,GONE,wp-system
/wp-json/,,wordpress-systeem,GONE,wp-system
/wp-json/oembed/1.0/embed.html,,wordpress-systeem,GONE,wp-system
/wp-json/wp/v2/categories/11.html,,wordpress-systeem,GONE,wp-system
/wp-json/wp/v2/categories/12.html,,wordpress-systeem,GONE,wp-system
/wp-json/wp/v2/categories/14.html,,wordpress-systeem,GONE,wp-system
/wp-json/wp/v2/categories/3.html,,wordpress-systeem,GONE,wp-system
/wp-json/wp/v2/pages/174.html,,wordpress-systeem,GONE,wp-system
/wp-json/wp/v2/pages/182.html,,wordpress-systeem,GONE,wp-system
/wp-json/wp/v2/pages/2.html,,wordpress-systeem,GONE,wp-system
/wp-json/wp/v2/posts/10399.html,,wordpress-systeem,GONE,wp-system
/wp-json/wp/v2/posts/11017.html,,wordpress-systeem,GONE,wp-system
/wp-json/wp/v2/posts/11562.html,,wordpress-systeem,GONE,wp-system
/wp-json/wp/v2/posts/11697.html,,wordpress-systeem,GONE,wp-system
/wp-json/wp/v2/posts/11756.html,,wordpress-systeem,GONE,wp-system
/wp-json/wp/v2/posts/12017.html,,wordpress-systeem,GONE,wp-system
/wp-json/wp/v2/posts/12234.html,,wordpress-systeem,GONE,wp-system
/wp-json/wp/v2/posts/12328.html,,wordpress-systeem,GONE,wp-system
/wp-json/wp/v2/posts/12353.html,,wordpress-systeem,GONE,wp-system
/wp-json/wp/v2/posts/12358.html,,wordpress-systeem,GONE,wp-system
/wp-json/wp/v2/posts/13069.html,,wordpress-systeem,GONE,wp-system
/wp-json/wp/v2/posts/13104.html,,wordpress-systeem,GONE,wp-system
/wp-json/wp/v2/posts/13423.html,,wordpress-systeem,GONE,wp-system
/wp-json/wp/v2/posts/2135.html,,wordpress-systeem,GONE,wp-system
/wp-json/wp/v2/posts/2562.html,,wordpress-systeem,GONE,wp-system
/wp-json/wp/v2/posts/264.html,,wordpress-systeem,GONE,wp-system
/wp-json/wp/v2/posts/28.html,,wordpress-systeem,GONE,wp-system
/wp-json/wp/v2/posts/2802.html,,wordpress-systeem,GONE,wp-system
/wp-json/wp/v2/posts/2879.html,,wordpress-systeem,GONE,wp-system
/wp-json/wp/v2/posts/2983.html,,wordpress-systeem,GONE,wp-system
/wp-json/wp/v2/posts/316.html,,wordpress-systeem,GONE,wp-system
/wp-json/wp/v2/posts/3983.html,,wordpress-systeem,GONE,wp-system
/wp-json/wp/v2/posts/4410.html,,wordpress-systeem,GONE,wp-system
/wp-json/wp/v2/posts/48.html,,wordpress-systeem,GONE,wp-system
/wp-json/wp/v2/posts/5097.html,,wordpress-systeem,GONE,wp-system
/wp-json/wp/v2/posts/5167.html,,wordpress-systeem,GONE,wp-system
/wp-json/wp/v2/posts/5316.html,,wordpress-systeem,GONE,wp-system
/wp-json/wp/v2/posts/5394.html,,wordpress-systeem,GONE,wp-system
/wp-json/wp/v2/posts/5668.html,,wordpress-systeem,GONE,wp-system
/wp-json/wp/v2/posts/58.html,,wordpress-systeem,GONE,wp-system
/wp-json/wp/v2/posts/5818.html,,wordpress-systeem,GONE,wp-system
/wp-json/wp/v2/posts/62.html,,wordpress-systeem,GONE,wp-system
/wp-json/wp/v2/posts/65.html,,wordpress-systeem,GONE,wp-system
/wp-json/wp/v2/posts/69.html,,wordpress-systeem,GONE,wp-system
/wp-json/wp/v2/posts/7357.html,,wordpress-systeem,GONE,wp-system
/wp-json/wp/v2/posts/8323.html,,wordpress-systeem,GONE,wp-system
/wp-json/wp/v2/posts/906.html,,wordpress-systeem,GONE,wp-system
/wp-json/wp/v2/tags/110.html,,wordpress-systeem,GONE,wp-system
/wp-json/wp/v2/tags/111.html,,wordpress-systeem,GONE,wp-system
/wp-json/wp/v2/tags/113.html,,wordpress-systeem,GONE,wp-system
/wp-json/wp/v2/tags/115.html,,wordpress-systeem,GONE,wp-system
/wp-json/wp/v2/tags/116.html,,wordpress-systeem,GONE,wp-system
/wp-json/wp/v2/tags/117.html,,wordpress-systeem,GONE,wp-system
/wp-json/wp/v2/tags/125.html,,wordpress-systeem,GONE,wp-system
/wp-json/wp/v2/tags/13.html,,wordpress-systeem,GONE,wp-system
/wp-json/wp/v2/tags/134.html,,wordpress-systeem,GONE,wp-system
/wp-json/wp/v2/tags/136.html,,wordpress-systeem,GONE,wp-system
/wp-json/wp/v2/tags/139.html,,wordpress-systeem,GONE,wp-system
/wp-json/wp/v2/tags/144.html,,wordpress-systeem,GONE,wp-system
/wp-json/wp/v2/tags/15.html,,wordpress-systeem,GONE,wp-system
/wp-json/wp/v2/tags/16.html,,wordpress-systeem,GONE,wp-system
/wp-json/wp/v2/tags/17.html,,wordpress-systeem,GONE,wp-system
/wp-json/wp/v2/tags/205.html,,wordpress-systeem,GONE,wp-system
/wp-json/wp/v2/tags/21.html,,wordpress-systeem,GONE,wp-system
/wp-json/wp/v2/tags/212.html,,wordpress-systeem,GONE,wp-system
/wp-json/wp/v2/tags/24.html,,wordpress-systeem,GONE,wp-system
/wp-json/wp/v2/tags/25.html,,wordpress-systeem,GONE,wp-system
/wp-json/wp/v2/tags/254.html,,wordpress-systeem,GONE,wp-system
/wp-json/wp/v2/tags/256.html,,wordpress-systeem,GONE,wp-system
/wp-json/wp/v2/tags/259.html,,wordpress-systeem,GONE,wp-system
/wp-json/wp/v2/tags/264.html,,wordpress-systeem,GONE,wp-system
/wp-json/wp/v2/tags/308.html,,wordpress-systeem,GONE,wp-system
/wp-json/wp/v2/tags/415.html,,wordpress-systeem,GONE,wp-system
/wp-json/wp/v2/tags/417.html,,wordpress-systeem,GONE,wp-system
/wp-json/wp/v2/tags/512.html,,wordpress-systeem,GONE,wp-system
/wp-json/wp/v2/tags/54.html,,wordpress-systeem,GONE,wp-system
/wp-json/wp/v2/tags/61.html,,wordpress-systeem,GONE,wp-system
/wp-json/wp/v2/tags/627.html,,wordpress-systeem,GONE,wp-system
/wp-json/wp/v2/tags/703.html,,wordpress-systeem,GONE,wp-system
/wp-json/wp/v2/tags/705.html,,wordpress-systeem,GONE,wp-system
/wp-json/wp/v2/tags/706.html,,wordpress-systeem,GONE,wp-system
/wp-json/wp/v2/tags/707.html,,wordpress-systeem,GONE,wp-system
/wp-json/wp/v2/tags/708.html,,wordpress-systeem,GONE,wp-system
/wp-json/wp/v2/tags/709.html,,wordpress-systeem,GONE,wp-system
/wp-json/wp/v2/tags/716.html,,wordpress-systeem,GONE,wp-system
/wp-json/wp/v2/tags/732.html,,wordpress-systeem,GONE,wp-system
/wp-json/wp/v2/tags/752.html,,wordpress-systeem,GONE,wp-system
/wp-json/wp/v2/tags/76.html,,wordpress-systeem,GONE,wp-system
/wp-json/wp/v2/tags/772.html,,wordpress-systeem,GONE,wp-system
/wp-json/wp/v2/tags/795.html,,wordpress-systeem,GONE,wp-system
/wp-json/wp/v2/tags/796.html,,wordpress-systeem,GONE,wp-system
/wp-json/wp/v2/tags/8.html,,wordpress-systeem,GONE,wp-system
/wp-json/wp/v2/tags/9.html,,wordpress-systeem,GONE,wp-system
/wp-json/wp/v2/tags/92.html,,wordpress-systeem,GONE,wp-system
/wp-json/wp/v2/tags/96.html,,wordpress-systeem,GONE,wp-system
/wp-login.php,,wordpress-systeem,GONE,wp-system
